#pragma once
#include <Arduino.h>
#define IMG_WIDTH 128
#define IMG_HEIGHT 160

const uint16_t img_dors[20480] PROGMEM = {
  0x116B,0x096B,0x096B,0x096B,0x096B,0x096B,0x096B,0x096B,0x096B,0x096B,0x096B,0x096B,0x096B,0x096B,0x116B,0x116B,
  0x116B,0x116B,0x096B,0x096B,0x116B,0x096B,0x096B,0x096B,0x096B,0x096B,0x096B,0x096B,0x096B,0x096B,0x096B,0x096B,
  0x096B,0x096B,0x096B,0x096B,0x096B,0x096B,0x096B,0x096B,0x096B,0x096B,0x096B,0x096B,0x096B,0x096B,0x096B,0x096B,
  0x096B,0x096B,0x096B,0x096B,0x096B,0x096B,0x096B,0x096B,0x096B,0x096B,0x096B,0x096B,0x096B,0x096B,0x096B,0x096B,
  0x096B,0x096B,0x098C,0x098C,0x098C,0x098C,0x098B,0x096B,0x096B,0x096B,0x096B,0x096B,0x096B,0x096B,0x096B,0x096B,
  0x096B,0x096B,0x096B,0x096B,0x096B,0x096B,0x096B,0x096B,0x096B,0x096B,0x096B,0x096B,0x096B,0x096B,0x096B,0x096B,
  0x096B,0x096B,0x096B,0x096B,0x096B,0x096B,0x096B,0x098B,0x096B,0x096B,0x096B,0x096B,0x096B,0x096B,0x096B,0x096B,
  0x096B,0x096B,0x096B,0x096B,0x096B,0x096B,0x096B,0x116B,0x116B,0x096B,0x096B,0x096B,0x096B,0x096B,0x096B,0x116B,
  0x220F,0x1A0F,0x1A0E,0x1A0E,0x1A0E,0x1A0E,0x1A0E,0x1A0E,0x1A0E,0x1A0E,0x1A0E,0x1A0E,0x1A0E,0x19EE,0x19EE,0x19EE,
  0x19EE,0x19EE,0x19EE,0x19EE,0x19EE,0x1A0E,0x1A0E,0x1A0E,0x1A0E,0x1A0E,0x1A0E,0x1A0E,0x1A0E,0x1A0E,0x1A0E,0x1A0E,
  0x1A0E,0x1A0E,0x1A0E,0x1A0E,0x1A0E,0x1A0E,0x1A0E,0x1A0E,0x1A0E,0x1A0E,0x1A0E,0x1A0E,0x1A0E,0x1A0E,0x1A0E,0x1A0E,
  0x1A0E,0x1A0E,0x1A0E,0x1A0E,0x1A0E,0x1A0E,0x1A0E,0x1A0E,0x1A0E,0x1A0E,0x1A0E,0x1A0E,0x1A0E,0x1A0E,0x1A0E,0x1A0E,
  0x1A0E,0x1A0E,0x1A0E,0x1A0E,0x1A0E,0x1A0E,0x1A0E,0x1A0E,0x1A0E,0x1A0E,0x1A0E,0x1A0E,0x1A0E,0x1A0E,0x1A0E,0x1A0E,
  0x1A0E,0x1A0E,0x1A0E,0x1A0E,0x1A0E,0x1A0E,0x1A0E,0x1A0E,0x1A0E,0x1A0E,0x1A0E,0x1A0E,0x1A0E,0x1A0E,0x1A0E,0x1A0E,
  0x1A0E,0x1A0E,0x1A0E,0x1A0E,0x1A0E,0x1A0E,0x1A0E,0x1A0E,0x1A0E,0x1A0E,0x1A0E,0x1A0E,0x1A0E,0x1A0E,0x1A0E,0x1A0E,
  0x1A0E,0x1A0E,0x1A0E,0x1A0E,0x1A0E,0x1A0E,0x1A0E,0x1A0E,0x1A0E,0x1A0E,0x1A0E,0x1A0E,0x1A0E,0x1A0E,0x1A0E,0x1A0E,
  0x1A2F,0x1A0F,0x1A2F,0x1A2F,0x1A0E,0x1A0F,0x1A0E,0x1A0F,0x1A0E,0x1A0F,0x1A0E,0x1A0E,0x1A0E,0x1A0E,0x1A0E,0x1A0E,
  0x1A0E,0x1A0E,0x1A0E,0x1A0F,0x1A0F,0x1A0F,0x1A0F,0x1A0F,0x1A0F,0x1A0F,0x1A0F,0x1A0F,0x1A0F,0x1A0F,0x1A2E,0x1A2E,
  0x1A2E,0x1A2E,0x1A0E,0x1A0E,0x1A0E,0x1A0E,0x1A0E,0x1A0E,0x1A0E,0x1A0E,0x1A0E,0x1A0E,0x1A0E,0x1A0E,0x1A0E,0x1A0E,
  0x1A0E,0x1A0E,0x1A0F,0x1A0F,0x1A0F,0x1A0F,0x1A0E,0x1A0E,0x1A0E,0x1A0E,0x1A0E,0x1A0E,0x1A0E,0x1A0E,0x1A0E,0x1A0E,
  0x1A0E,0x1A0E,0x1A0E,0x1A0E,0x1A0E,0x1A0E,0x1A0E,0x1A0E,0x1A0E,0x1A0E,0x1A0E,0x1A0E,0x1A0E,0x1A0E,0x1A0F,0x1A0F,
  0x1A0F,0x1A0F,0x1A0F,0x1A0F,0x1A0F,0x1A0F,0x1A0E,0x1A0E,0x1A0E,0x1A0E,0x1A0E,0x1A0E,0x1A0E,0x1A0E,0x1A0E,0x1A0E,
  0x1A0E,0x1A0E,0x1A0E,0x1A2F,0x1A2F,0x1A2F,0x1A2F,0x1A0F,0x1A2F,0x1A2F,0x1A2F,0x1A0F,0x1A0F,0x1A0F,0x1A0F,0x1A0F,
  0x1A0F,0x1A0F,0x1A0F,0x1A0F,0x1A0E,0x1A0E,0x1A0E,0x1A0F,0x1A0E,0x1A0E,0x1A0E,0x1A0E,0x1A0E,0x1A0E,0x1A0E,0x1A0E,
  0x1A0F,0x1A0F,0x1A2E,0x1A2E,0x1A0F,0x1A0F,0x1A0F,0x1A0F,0x1A0F,0x1A0F,0x1A0F,0x1A0F,0x1A0E,0x1A0E,0x1A0E,0x120E,
  0x120E,0x120E,0x120E,0x120E,0x1A0E,0x1A0E,0x1A0E,0x1A0E,0x1A0E,0x1A0E,0x1A0E,0x1A0E,0x1A0E,0x1A0E,0x1A0E,0x1A0E,
  0x1A0E,0x1A0E,0x1A0E,0x1A0E,0x1A0E,0x1A0E,0x1A0E,0x1A0E,0x1A0E,0x1A0E,0x1A0E,0x1A0E,0x1A0E,0x1A0E,0x1A0E,0x1A0E,
  0x1A0E,0x1A0E,0x1A0E,0x1A0E,0x1A0E,0x1A0E,0x1A0E,0x1A0E,0x1A0E,0x1A0E,0x1A0E,0x1A0E,0x1A0E,0x1A0E,0x1A0E,0x1A0E,
  0x1A0E,0x1A0E,0x1A0E,0x1A0E,0x1A0E,0x1A0E,0x1A0E,0x120E,0x120E,0x120E,0x120E,0x120E,0x120E,0x120E,0x120E,0x120E,
  0x120E,0x120E,0x120E,0x120E,0x120E,0x120E,0x120E,0x120E,0x120E,0x120E,0x120E,0x120E,0x120E,0x120E,0x120E,0x1A0E,
  0x1A0E,0x1A0E,0x1A0E,0x1A0E,0x1A0E,0x1A0E,0x1A0E,0x1A0E,0x1A0E,0x1A0E,0x1A0E,0x1A0E,0x1A0E,0x1A0E,0x1A0E,0x1A0E,
  0x1A0E,0x1A0E,0x1A0E,0x1A0E,0x1A0E,0x1A0E,0x1A0E,0x1A0E,0x1A0E,0x1A0E,0x1A0E,0x1A0E,0x1A0E,0x1A0E,0x1A0E,0x120E,
  0x1A2F,0x1A2F,0x1A2E,0x1A2F,0x1A2F,0x1A2F,0x1A2F,0x1A2F,0x1A2F,0x1A2F,0x1A2F,0x1A2E,0x1A0E,0x1A2E,0x1A2E,0x1A2E,
  0x1A0E,0x1A0E,0x1A0E,0x1A0E,0x1A0E,0x1A0E,0x1A0F,0x1A0F,0x1A2F,0x1A2F,0x1A2F,0x1A2F,0x1A2F,0x1A2E,0x1A2E,0x1A2E,
  0x1A2E,0x1A2E,0x1A0E,0x1A0E,0x1A2E,0x1A2E,0x1A2E,0x1A2E,0x1A2E,0x1A2E,0x1A2E,0x1A2E,0x1A2E,0x1A2E,0x1A2F,0x1A2F,
  0x1A2F,0x1A2F,0x1A2E,0x1A2E,0x1A2E,0x1A2E,0x1A0E,0x1A0E,0x1A0E,0x1A0E,0x1A2E,0x1A2E,0x1A2E,0x1A2E,0x1A2E,0x1A2E,
  0x1A2E,0x1A2E,0x1A2E,0x1A2E,0x1A2E,0x1A2E,0x1A2E,0x1A2E,0x1A2E,0x1A2E,0x1A2E,0x1A2E,0x1A2E,0x1A2E,0x1A2E,0x1A2E,
  0x1A2E,0x1A2E,0x1A2E,0x1A2E,0x1A2E,0x1A2E,0x1A2E,0x1A2E,0x1A2E,0x1A2E,0x1A2E,0x1A2E,0x1A2E,0x1A2E,0x1A2E,0x1A2E,
  0x1A2E,0x1A2E,0x1A2E,0x1A2E,0x1A2E,0x1A2E,0x1A2E,0x1A2E,0x1A2E,0x1A2E,0x1A2E,0x1A2F,0x1A2F,0x1A2F,0x1A2F,0x1A2E,
  0x1A2E,0x1A2E,0x1A2E,0x1A0E,0x1A0E,0x1A0E,0x1A0E,0x1A2E,0x1A2E,0x1A2E,0x1A2E,0x1A2E,0x1A2E,0x1A2E,0x1A2E,0x1A2F,
  0x120E,0x120E,0x120E,0x120E,0x11EF,0x1A0F,0x120E,0x120E,0x1A0E,0x1A0E,0x1A2F,0x1A2E,0x1A2E,0x1A0E,0x1A0F,0x1A0F,
  0x1A0E,0x1A0E,0x120E,0x19EE,0x1A0E,0x1A0E,0x120E,0x120E,0x120E,0x120E,0x120E,0x120E,0x120E,0x120E,0x120E,0x120E,
  0x120E,0x120E,0x1A0E,0x1A0E,0x1A0E,0x1A0E,0x120E,0x120E,0x120E,0x120E,0x120E,0x120E,0x120E,0x120E,0x120E,0x120E,
  0x120E,0x120E,0x120E,0x120E,0x120E,0x120E,0x120E,0x120E,0x120E,0x120E,0x120E,0x120E,0x120E,0x120E,0x120E,0x120E,
  0x120E,0x120E,0x120E,0x120E,0x120E,0x120E,0x120E,0x11EE,0x11EE,0x11EE,0x11EE,0x11EE,0x11EE,0x11EE,0x11EE,0x11EE,
  0x11EE,0x11EE,0x11EE,0x11EE,0x11EE,0x11EE,0x11EE,0x11EE,0x11EE,0x11EE,0x11EE,0x11EE,0x11EE,0x11EE,0x11EE,0x120E,
  0x120E,0x120E,0x120E,0x120E,0x120E,0x120E,0x120E,0x120E,0x120E,0x120E,0x120E,0x120E,0x120E,0x120E,0x120E,0x11EE,
  0x11EE,0x11EE,0x11EE,0x120E,0x120E,0x120E,0x120E,0x120E,0x120E,0x120E,0x120E,0x120E,0x120E,0x120E,0x120E,0x120E,
  0x1A2F,0x1A2F,0x1A2F,0x1A2F,0x1A10,0x1A0F,0x1A0F,0x1A2F,0x1A2F,0x1A0D,0x19CC,0x19EC,0x19EB,0x19EB,0x19CB,0x11CB,
  0x11CB,0x11AB,0x19ED,0x1A2E,0x1A0E,0x1A0E,0x1A0F,0x1A2F,0x1A2F,0x1A2F,0x1A2F,0x1A2F,0x1A2F,0x1A2F,0x1A2E,0x1A2F,
  0x1A2F,0x1A2E,0x1A2E,0x120F,0x1A2F,0x1A2F,0x1A2F,0x1A2F,0x1A2F,0x1A2F,0x1A2F,0x1A2F,0x1A2F,0x1A2F,0x1A2F,0x1A2F,
  0x1A2F,0x1A2F,0x1A2F,0x1A2F,0x1A2F,0x1A2F,0x1A2F,0x1A2F,0x1A2F,0x1A2F,0x1A2F,0x1A2F,0x1A2F,0x1A2F,0x1A2F,0x1A2F,
  0x1A2F,0x1A2F,0x1A2F,0x1A2F,0x1A2F,0x1A2F,0x1A2F,0x1A0F,0x1A0F,0x1A0F,0x1A0F,0x1A0F,0x1A0F,0x1A0F,0x1A0F,0x1A0F,
  0x1A0F,0x1A0F,0x1A0F,0x1A0F,0x1A0F,0x1A0F,0x1A0F,0x1A0F,0x1A0F,0x1A0F,0x1A0F,0x1A0F,0x1A0F,0x1A0F,0x1A0F,0x1A2F,
  0x1A2F,0x1A2F,0x1A2F,0x1A2F,0x1A2F,0x1A2F,0x1A2F,0x1A2F,0x1A2F,0x1A2F,0x1A2F,0x1A2F,0x1A2F,0x1A2F,0x1A0F,0x1A0F,
  0x1A0F,0x1A0F,0x1A0F,0x1A0F,0x1A0F,0x1A0F,0x1A0F,0x1A2F,0x1A2F,0x1A2F,0x1A2F,0x1A2F,0x1A2F,0x1A2F,0x1A2F,0x1A2F,
  0x19EE,0x1A0F,0x19EE,0x1A0D,0x120E,0x1A0F,0x1A0F,0x1A2F,0x120E,0x430C,0x9D30,0xA50F,0xA54E,0x9D2D,0x9D0E,0x950D,
  0x94ED,0x9D0F,0x532D,0x09EC,0x120E,0x19EE,0x1A0E,0x120E,0x120E,0x120E,0x120E,0x11EE,0x120E,0x120D,0x120E,0x11EE,
  0x19EE,0x1A0E,0x120D,0x120E,0x120E,0x120E,0x120E,0x120E,0x120E,0x120E,0x120E,0x120E,0x120E,0x120E,0x120E,0x120E,
  0x120E,0x120E,0x120E,0x120E,0x120E,0x120E,0x120E,0x120E,0x120E,0x120E,0x120E,0x120E,0x120E,0x120E,0x120E,0x120E,
  0x120E,0x120E,0x120E,0x120E,0x120E,0x120E,0x120E,0x120E,0x120E,0x120E,0x120E,0x120E,0x120E,0x120E,0x120E,0x120E,
  0x120E,0x120E,0x120E,0x120E,0x120E,0x120E,0x120E,0x120E,0x120E,0x120E,0x120E,0x120E,0x120E,0x120E,0x120E,0x120E,
  0x120E,0x120E,0x120E,0x120E,0x120E,0x120E,0x120E,0x120E,0x120E,0x120E,0x120E,0x120E,0x120E,0x120E,0x120E,0x1A0E,
  0x1A0E,0x19EE,0x1A0E,0x1A0E,0x1A0E,0x1A0E,0x1A0E,0x1A0E,0x1A0E,0x120E,0x120E,0x120E,0x120E,0x1A0E,0x1A0E,0x1A0E,
  0x1A2F,0x1A2E,0x1A2E,0x1A0D,0x1A2E,0x11ED,0x19CC,0x19EC,0x096A,0x534A,0xFFB2,0xFF8F,0xFF8F,0xFF8F,0xFFD0,0xFFF1,
  0xFFD0,0xFFF4,0x846F,0x11CC,0x1A6F,0x1A2F,0x1A2F,0x1A2F,0x1A2E,0x1A2E,0x1A2E,0x1A0F,0x1A0F,0x1A2E,0x1A2F,0x1A2F,
  0x1A2F,0x1A2F,0x1A2F,0x1A2E,0x1A2E,0x1A2E,0x1A2F,0x1A2F,0x1A2F,0x1A2F,0x1A2F,0x1A2F,0x1A2F,0x1A2F,0x1A2F,0x1A2F,
  0x1A2F,0x1A2F,0x1A2F,0x1A2F,0x1A2F,0x1A2F,0x1A2F,0x1A2F,0x1A2F,0x1A2F,0x1A2F,0x1A2F,0x1A2F,0x1A2F,0x1A2F,0x1A2F,
  0x1A2F,0x1A2F,0x1A2F,0x1A2F,0x1A2F,0x1A2F,0x1A2F,0x1A2F,0x1A2F,0x1A2F,0x1A2F,0x1A2F,0x1A2F,0x1A2F,0x1A2F,0x1A2F,
  0x1A2F,0x1A2F,0x1A2F,0x1A2F,0x1A2F,0x1A2F,0x1A2F,0x1A2F,0x1A2F,0x1A2F,0x1A2F,0x1A2F,0x1A2F,0x1A2F,0x1A2F,0x1A2F,
  0x1A2F,0x1A2F,0x1A2F,0x1A2F,0x1A2F,0x1A2F,0x1A2F,0x1A2F,0x1A2F,0x1A2F,0x1A2F,0x1A2F,0x1A2F,0x1A0E,0x1A0E,0x1A2F,
  0x1A2F,0x1A2F,0x1A2F,0x1A2F,0x1A2F,0x1A2F,0x1A2F,0x1A2F,0x1A2F,0x1A2F,0x1A2F,0x1A2F,0x1A2F,0x1A2F,0x1A2F,0x1A2F,
  0x120E,0x120D,0x120E,0x1A0E,0x11CD,0x4B2E,0x6C0C,0x740C,0x6BCB,0x94CB,0xF76E,0xFF4C,0xFF2C,0xF72E,0xAD4D,0x94CE,
  0x94EF,0x9530,0x4B4E,0x11ED,0x1A0F,0x1A0E,0x120E,0x120F,0x120D,0x1A0E,0x19EE,0x19EF,0x19EF,0x19EF,0x120E,0x120E,
  0x1A0E,0x19EE,0x19EE,0x1A0D,0x1A0E,0x1A0F,0x1A0E,0x1A0E,0x1A0E,0x1A0E,0x1A0E,0x1A0E,0x1A0E,0x1A0E,0x1A0E,0x1A0E,
  0x1A0E,0x1A0E,0x1A0E,0x1A0E,0x1A0E,0x1A0E,0x120E,0x120E,0x120E,0x120E,0x1A0E,0x1A0E,0x1A0E,0x1A0E,0x120E,0x120E,
  0x120E,0x120E,0x120E,0x120E,0x120E,0x120E,0x120E,0x120E,0x120E,0x120E,0x11EE,0x11EE,0x11EE,0x11EE,0x11EE,0x120E,
  0x120E,0x120E,0x120E,0x120E,0x120E,0x120E,0x120E,0x120E,0x120E,0x120E,0x120E,0x120E,0x120E,0x120E,0x120E,0x120E,
  0x120E,0x120E,0x120E,0x120E,0x120E,0x120E,0x120E,0x120E,0x120E,0x120E,0x120E,0x120E,0x120E,0x11EE,0x11EE,0x120E,
  0x120E,0x120E,0x120E,0x120E,0x120E,0x11EE,0x19EE,0x120E,0x120E,0x1A0E,0x1A0E,0x19EF,0x19EF,0x1A0F,0x1A0F,0x1A0E,
  0x1A2E,0x1A2E,0x1A2E,0x1A0D,0x014A,0xA5B1,0xFFD1,0xFF6E,0xFF8E,0xFF6E,0xFF4D,0xFF4D,0xFFAF,0xEF52,0x42CA,0x11CD,
  0x122D,0x120D,0x122E,0x1A4F,0x1A2F,0x1A2E,0x1A2E,0x1A0F,0x1A2E,0x1A2E,0x1A0F,0x1A0E,0x1A0E,0x19EE,0x11CD,0x19EE,
  0x1A0E,0x1A0E,0x1A0F,0x1A0F,0x1A0F,0x1A0F,0x1A2F,0x1A2F,0x1A2F,0x1A2F,0x1A2F,0x1A2F,0x1A2F,0x1A2F,0x1A2F,0x1A2F,
  0x1A2F,0x1A2F,0x1A2F,0x1A2F,0x1A2F,0x1A2F,0x1A2F,0x1A2F,0x1A2F,0x1A2F,0x1A2F,0x1A2F,0x1A2F,0x1A2F,0x1A2F,0x1A2F,
  0x1A2F,0x1A2F,0x1A2F,0x1A2F,0x1A2F,0x1A2F,0x1A2F,0x1A2F,0x1A2F,0x1A2F,0x1A2F,0x1A2F,0x1A2F,0x1A2F,0x1A2F,0x1A2F,
  0x1A2F,0x1A2F,0x1A2F,0x1A2F,0x1A2F,0x1A2F,0x1A2F,0x1A2F,0x1A2F,0x1A2F,0x1A2F,0x1A2F,0x1A2F,0x1A2F,0x1A2F,0x1A2F,
  0x1A2F,0x1A2F,0x1A2F,0x1A2F,0x1A2F,0x1A2F,0x1A2F,0x1A2F,0x1A2F,0x1A2F,0x1A2F,0x1A2F,0x1A2F,0x1A2F,0x1A0E,0x1A2E,
  0x1A2E,0x1A2E,0x1A2F,0x1A2E,0x1A2F,0x1A0F,0x1A0F,0x1A2F,0x1A2F,0x1A2F,0x1A2F,0x1A2F,0x1A0F,0x1A0F,0x1A2F,0x1A2F,
  0x19EE,0x11EE,0x19EC,0x538F,0x63AC,0xC62E,0xFF6D,0xFF2C,0xFF2C,0xFF2C,0xFF2D,0xEECD,0xAD4B,0x9D30,0x32AD,0x122F,
  0x124E,0x1A4F,0x122F,0x1A0E,0x1A0E,0x120E,0x1A0E,0x19EF,0x1A0E,0x120D,0x120E,0x11EE,0x19EC,0x430C,0x5BAE,0x3ACD,
  0x11EC,0x120E,0x11EF,0x1A0E,0x120E,0x120D,0x120E,0x120E,0x120E,0x120E,0x120E,0x120E,0x120E,0x120E,0x120E,0x120E,
  0x120E,0x120E,0x120E,0x120E,0x120E,0x120E,0x120E,0x120E,0x120E,0x120E,0x120E,0x120E,0x120E,0x120E,0x120E,0x120E,
  0x120E,0x120E,0x120E,0x120E,0x120E,0x120E,0x120E,0x120E,0x120E,0x120E,0x120E,0x120E,0x120E,0x120E,0x120E,0x120E,
  0x120E,0x120E,0x120E,0x120E,0x120E,0x120E,0x120E,0x120E,0x120E,0x120E,0x120E,0x120E,0x120E,0x120E,0x120E,0x120E,
  0x120E,0x120E,0x120E,0x120E,0x120E,0x120E,0x120E,0x120E,0x120E,0x120E,0x120E,0x120E,0x120E,0x120E,0x120E,0x1A0E,
  0x120E,0x120E,0x120E,0x120E,0x120E,0x120E,0x19EE,0x120E,0x120E,0x120E,0x1A0E,0x120E,0x120E,0x120E,0x120E,0x120E,
  0x1A0F,0x1A0E,0x19CB,0xBE54,0xFFD3,0xFF6E,0xFF4C,0xFF6D,0xFF4D,0xFF4C,0xFF8F,0xC60E,0x1103,0x0149,0x1A0D,0x1A2F,
  0x1A0E,0x1A0E,0x1A2E,0x1A2F,0x1A0F,0x1A0F,0x1A0F,0x1A0F,0x1A0F,0x1A2E,0x122F,0x19EF,0x21CB,0xA590,0xFFD5,0x7C6E,
  0x096A,0x120E,0x120F,0x1A0D,0x1A0E,0x1A0E,0x1A0E,0x1A0E,0x1A0E,0x1A0E,0x1A0E,0x1A0E,0x1A0E,0x1A0E,0x1A0E,0x1A0E,
  0x1A0E,0x1A0E,0x1A0E,0x1A0E,0x1A0E,0x1A0E,0x1A0E,0x1A0E,0x1A0E,0x1A0E,0x1A0E,0x1A0E,0x1A0E,0x1A0E,0x1A0E,0x1A0E,
  0x1A0E,0x1A0E,0x1A0E,0x1A0E,0x1A0E,0x1A0E,0x1A0E,0x1A0E,0x1A0E,0x1A0E,0x1A0E,0x1A0E,0x1A0E,0x1A0E,0x1A0E,0x1A0E,
  0x1A0E,0x1A0E,0x1A0E,0x1A0E,0x1A0E,0x1A0E,0x1A0E,0x1A0E,0x1A0E,0x1A0E,0x1A0E,0x1A0E,0x1A0E,0x1A0E,0x1A0E,0x1A0E,
  0x1A0E,0x1A0E,0x1A0E,0x1A0E,0x1A0E,0x1A0E,0x1A0E,0x1A0E,0x1A0E,0x1A0E,0x1A0E,0x1A0E,0x1A0E,0x1A0E,0x1A0E,0x19EE,
  0x1A0E,0x11EE,0x120E,0x122F,0x120F,0x1A0F,0x1A0F,0x1A0E,0x1A0E,0x1A0F,0x1A0F,0x1A0F,0x1A0F,0x1A0E,0x120E,0x1A0E,
  0x1A0E,0x1A2E,0x21EA,0xBE30,0xFF8D,0xFF2C,0xFF4C,0xFF4C,0xFF4C,0xEF2E,0xDEF1,0xADB2,0x19EA,0x120E,0x120E,0x19EE,
  0x1A0F,0x1A2E,0x1A0E,0x1A0F,0x1A0E,0x1A0F,0x1A2F,0x1A0F,0x1A0F,0x1A0F,0x1A2E,0x326C,0x4247,0xBDAD,0xFF91,0x9469,
  0x3207,0x2A4C,0x11CD,0x120D,0x19EF,0x1A0F,0x1A0E,0x1A0E,0x1A0E,0x1A0E,0x1A0E,0x1A0E,0x1A0E,0x1A0E,0x1A0E,0x1A0E,
  0x1A0E,0x1A0E,0x1A0E,0x1A0E,0x1A0E,0x1A0E,0x1A0E,0x1A0E,0x1A0E,0x1A0E,0x1A0E,0x1A0E,0x1A0E,0x1A0E,0x1A0E,0x1A0E,
  0x1A0E,0x1A0E,0x1A0E,0x1A0E,0x1A0E,0x1A0E,0x1A0E,0x1A0E,0x1A0E,0x1A0E,0x1A0E,0x1A0E,0x1A0E,0x1A0E,0x1A0E,0x1A0E,
  0x1A0E,0x1A0E,0x1A0E,0x1A0E,0x1A0E,0x1A0E,0x1A0E,0x1A0E,0x1A0E,0x1A0E,0x1A0E,0x1A0E,0x1A0E,0x1A0E,0x1A0E,0x1A0E,
  0x1A0E,0x1A0E,0x1A0E,0x1A0E,0x1A0E,0x1A0E,0x1A0E,0x1A0E,0x1A0E,0x1A0E,0x1A0E,0x120E,0x120E,0x120E,0x120E,0x1A30,
  0x1A70,0x1A70,0x1291,0x1291,0x1291,0x1291,0x1A91,0x1A90,0x1A70,0x1270,0x1270,0x1270,0x122F,0x11EE,0x19EE,0x1A0E,
  0x1A2E,0x1A2E,0x21EA,0xC630,0xFF8E,0xFF4D,0xFF6E,0xFF4C,0xFFAE,0xB5CE,0x19A8,0x19AB,0x1A0D,0x120E,0x19EF,0x19EF,
  0x1A0E,0x1A0E,0x1A0F,0x1A0F,0x1A2E,0x1A2E,0x122E,0x1A0F,0x1A2E,0x1A0E,0x224B,0xB673,0xE731,0xF72F,0xF74E,0xEF0D,
  0xEF11,0x9D10,0x096A,0x120E,0x120F,0x1A0E,0x1A0E,0x1A0E,0x1A0E,0x1A0E,0x1A0E,0x1A0E,0x1A0E,0x1A0E,0x1A0E,0x1A0E,
  0x1A0E,0x1A0E,0x1A0E,0x1A0E,0x1A0E,0x1A0E,0x1A0E,0x1A0E,0x1A0E,0x1A0E,0x120E,0x120E,0x120E,0x120E,0x120E,0x120E,
  0x120E,0x120E,0x120E,0x120E,0x120E,0x120E,0x120E,0x1A0E,0x1A0E,0x1A0E,0x1A0E,0x1A0E,0x1A0E,0x120E,0x120E,0x1A0E,
  0x1A0E,0x1A0E,0x1A0E,0x1A0E,0x1A0E,0x1A0E,0x1A0E,0x120E,0x120E,0x120E,0x120E,0x120E,0x120E,0x120E,0x120E,0x1A0E,
  0x1A0E,0x1A0E,0x1A0E,0x120E,0x1A0E,0x1A0E,0x1A0E,0x1A0E,0x1A0E,0x1A0E,0x1A0E,0x1A0E,0x1A0E,0x1A2F,0x120E,0x3395,
  0x6DDE,0x65DD,0x65FD,0x5DDD,0x5DDD,0x65DD,0x65DD,0x5DDD,0x5DDD,0x5DBD,0x5D9D,0x65DD,0x4437,0x09CE,0x11EE,0x19EE,
  0x1A4E,0x2A2B,0x31E6,0xCE4F,0xFF6E,0xFF4D,0xFF6D,0xFF4C,0xFFCF,0xB5F0,0x19EC,0x1A0E,0x120E,0x1A0E,0x1A0E,0x1A0E,
  0x1A0E,0x1A0E,0x1A0E,0x1A0E,0x1A0E,0x1A0E,0x1A0F,0x1A0F,0x1A2E,0x1A0F,0x224C,0xBE94,0xF773,0xF70F,0xF74F,0xEEEE,
  0xEF12,0x9D32,0x098A,0x122E,0x120E,0x1A0F,0x1A0E,0x1A0E,0x1A0E,0x1A0E,0x1A2F,0x1A2F,0x1A2F,0x1A2F,0x1A0E,0x1A0E,
  0x1A0E,0x1A0E,0x1A0E,0x1A0E,0x1A0E,0x1A0E,0x1A0E,0x1A0E,0x1A0E,0x1A0E,0x1A0E,0x1A0E,0x1A0E,0x1A0E,0x1A0E,0x1A0E,
  0x1A0E,0x1A0E,0x1A0E,0x1A0E,0x1A0E,0x1A0E,0x1A0E,0x1A0E,0x1A0E,0x1A0E,0x1A0E,0x1A0E,0x1A0E,0x1A0E,0x1A0E,0x1A0E,
  0x1A0E,0x1A0E,0x1A0E,0x1A0E,0x1A0E,0x1A0E,0x1A0E,0x1A0E,0x1A0E,0x1A0E,0x1A0E,0x1A0E,0x1A0E,0x1A0E,0x1A0E,0x1A0F,
  0x1A0F,0x1A0F,0x1A0F,0x1A0F,0x1A0E,0x1A0E,0x1A0F,0x1A0F,0x1A0F,0x1A0F,0x1A0F,0x1A0F,0x1A0F,0x1A2F,0x120E,0x3394,
  0x75FE,0x6DFE,0x65FE,0x65FE,0x6E1E,0x6E1E,0x65FE,0x65FE,0x65DE,0x65FE,0x5DDE,0x661E,0x4417,0x09CE,0x1A0E,0x1A0E,
  0x1A4C,0x9D91,0xD68F,0xEF2E,0xFF4D,0xFF4D,0xFF4D,0xFF2C,0xFFAF,0xB5F0,0x220C,0x1A0E,0x120E,0x120E,0x1A0E,0x1A0E,
  0x1A0E,0x1A0E,0x1A0E,0x1A0E,0x1A0E,0x1A0E,0x1A0F,0x1A0E,0x1A0E,0x1A0F,0x1A4E,0x42ED,0x5B09,0xC5CD,0xFF90,0x94AB,
  0x4ACA,0x32CE,0x11ED,0x1A0E,0x1A0E,0x1A0E,0x1A0E,0x1A0E,0x1A0E,0x1A0E,0x1A0E,0x1A0E,0x1A0E,0x1A0E,0x1A0E,0x1A0E,
  0x1A0E,0x1A0E,0x1A0E,0x1A0E,0x1A0E,0x1A0E,0x1A0E,0x1A0E,0x1A0E,0x1A0E,0x1A0E,0x1A0E,0x1A0E,0x1A0E,0x1A0E,0x1A0E,
  0x1A0E,0x1A0E,0x1A0E,0x1A0E,0x1A0E,0x1A0E,0x1A0E,0x1A0E,0x1A0E,0x1A0E,0x1A0E,0x1A0E,0x1A0E,0x1A0E,0x1A0E,0x1A0E,
  0x1A0E,0x1A0E,0x1A0E,0x1A0E,0x1A0E,0x1A0E,0x1A0E,0x1A0E,0x1A0E,0x1A0E,0x1A0E,0x1A0E,0x1A0E,0x1A0E,0x1A0E,0x1A0E,
  0x1A0E,0x1A0E,0x1A0E,0x1A0E,0x120E,0x120E,0x120E,0x120E,0x120E,0x120E,0x1A0E,0x1A0F,0x1A0E,0x1A0E,0x1A0E,0x2270,
  0x2AF2,0x2312,0x2AF3,0x2B13,0x2313,0x2313,0x22D2,0x1AF3,0x4CFA,0x5E1E,0x3457,0x1AD2,0x2271,0x11EE,0x11EE,0x1A0E,
  0x224B,0xD6B1,0xFFCF,0xFF4D,0xFF6D,0xFF6D,0xFF4D,0xFF4C,0xFFAF,0xB5F1,0x222C,0x1A2E,0x120E,0x1A0E,0x1A0E,0x1A0E,
  0x1A0E,0x1A0E,0x1A0E,0x1A0E,0x1A0E,0x1A0F,0x1A0F,0x1A0F,0x1A0F,0x122F,0x122F,0x19EE,0x19CA,0x9D4F,0xEF53,0x6BED,
  0x09AA,0x122E,0x1A2F,0x1A0E,0x1A0E,0x1A0E,0x1A0E,0x1A0E,0x1A0E,0x1A0E,0x1A0E,0x1A0E,0x1A0E,0x1A0E,0x1A0E,0x1A0E,
  0x1A0E,0x1A0E,0x1A0E,0x1A0E,0x1A0E,0x1A0E,0x1A0E,0x1A0E,0x1A0E,0x1A0E,0x1A0E,0x1A0E,0x1A0E,0x1A0E,0x1A0E,0x1A0E,
  0x1A0E,0x1A0E,0x1A0E,0x1A0E,0x1A0E,0x1A0E,0x1A0E,0x1A0E,0x1A0E,0x1A0E,0x1A0E,0x1A0E,0x1A0E,0x1A0E,0x1A0E,0x1A0E,
  0x1A0E,0x1A0E,0x1A0E,0x1A0E,0x1A0E,0x1A0E,0x1A0E,0x1A0E,0x1A0E,0x1A0E,0x1A0E,0x1A0E,0x1A0E,0x1A0E,0x1A0E,0x1A0E,
  0x1A0E,0x1A0E,0x1A0E,0x120E,0x120E,0x120E,0x120E,0x122E,0x122E,0x120E,0x1A0E,0x1A0E,0x1A0E,0x1A0E,0x1A0F,0x1A2F,
  0x120E,0x120E,0x120E,0x1A0F,0x120F,0x120F,0x120F,0x0A2F,0x4498,0x6E3E,0x2BB4,0x018C,0x19EE,0x1A0E,0x120E,0x1A0E,
  0x222B,0xCE70,0xFF6C,0xFF2C,0xFF6D,0xFF4D,0xFF4C,0xFF2C,0xFFAE,0xB5F0,0x21EC,0x1A0E,0x120E,0x1A0E,0x1A0E,0x1A0E,
  0x1A0E,0x1A0E,0x1A0E,0x1A0E,0x1A0E,0x1A0E,0x120F,0x19EF,0x1A0E,0x122E,0x120E,0x120E,0x1A2C,0x32CC,0x4B0C,0x2A6C,
  0x120D,0x120F,0x120F,0x11EE,0x11EE,0x120E,0x120E,0x120E,0x120E,0x120E,0x120E,0x120E,0x120E,0x120E,0x1A0E,0x1A0E,
  0x1A0E,0x1A0E,0x19EE,0x1A0E,0x1A0E,0x1A0E,0x120E,0x120E,0x120E,0x120E,0x120E,0x120E,0x120E,0x120E,0x120E,0x120E,
  0x120E,0x120E,0x120E,0x120E,0x120E,0x120E,0x120E,0x120E,0x120E,0x120E,0x120E,0x120E,0x120E,0x120E,0x120E,0x120E,
  0x120E,0x120E,0x1A0E,0x120E,0x120E,0x120E,0x120E,0x1A0E,0x1A0E,0x1A0E,0x1A0E,0x1A0E,0x1A0E,0x1A0E,0x1A0E,0x1A0E,
  0x1A0E,0x1A0E,0x1A0E,0x1A0E,0x1A0E,0x1A0E,0x1A0E,0x120E,0x120E,0x1A0E,0x1A0E,0x1A0E,0x1A0E,0x1A0E,0x1A0E,0x120F,
  0x1A2F,0x122E,0x120E,0x1A2E,0x220F,0x1A50,0x4C98,0x5D3B,0x3395,0x22F2,0x1A90,0x11CD,0x19EE,0x19EE,0x11EE,0x120E,
  0x224B,0xCE90,0xFF8D,0xFF2C,0xFF4C,0xFF4C,0xFF4C,0xFF2C,0xFFAE,0xB5F0,0x21EC,0x1A0E,0x1A0F,0x1A0F,0x1A0E,0x1A0F,
  0x1A0F,0x1A0F,0x1A0F,0x1A0F,0x1A0F,0x1A2E,0x122E,0x1A2F,0x1A2E,0x1A2E,0x1A0E,0x1A2D,0x1A2E,0x11CE,0x09AE,0x120D,
  0x1A2E,0x1A0F,0x1A0F,0x1A2E,0x1A0F,0x1A0F,0x1A2F,0x1A2F,0x1A2F,0x1A2F,0x1A0E,0x1A0E,0x1A2F,0x1A2F,0x1A0F,0x1A0F,
  0x1A0F,0x1A0F,0x1A0F,0x1A0F,0x1A0F,0x1A0F,0x1A2F,0x1A2F,0x1A2F,0x1A2F,0x1A0E,0x1A0E,0x1A0E,0x1A0E,0x1A0E,0x1A2F,
  0x1A2F,0x1A2F,0x1A2F,0x1A2F,0x1A2F,0x1A2F,0x1A2F,0x1A2F,0x1A2F,0x1A2F,0x1A2F,0x1A2F,0x1A2F,0x1A2F,0x1A2F,0x1A0E,
  0x1A0E,0x1A0E,0x1A0E,0x1A2F,0x1A2F,0x1A2F,0x1A2F,0x1A0F,0x1A0F,0x1A0F,0x1A0E,0x1A0E,0x1A0E,0x1A0E,0x1A0E,0x1A2E,
  0x1A2E,0x1A2E,0x1A0E,0x1A0E,0x1A0E,0x1A0F,0x220F,0x1A0E,0x1A0F,0x1A0F,0x1A2F,0x1A2F,0x1A0E,0x1A0F,0x1A2F,0x1A0F,
  0x1A0F,0x1A0E,0x122E,0x120E,0x11AD,0x120F,0x6DBD,0x8EBF,0x2B54,0x098D,0x1A0F,0x1A2F,0x1A0E,0x1A0F,0x1A0F,0x1A0F,
  0x222A,0xC670,0xFF8D,0xFF2B,0xFF2C,0xFF2C,0xFF4C,0xFF2C,0xFF8E,0xB5D0,0x19CB,0x19EE,0x11EE,0x11EE,0x11EE,0x19EE,
  0x19EE,0x11EE,0x11EE,0x11EE,0x11EE,0x120E,0x120E,0x120E,0x120D,0x1A0E,0x19EE,0x19EE,0x19EF,0x1A0F,0x1A0E,0x120E,
  0x120E,0x19EE,0x1A0D,0x1A0D,0x19EE,0x19EE,0x120E,0x120E,0x120E,0x120E,0x11EE,0x120E,0x120E,0x120E,0x19EE,0x19EE,
  0x19EE,0x19EE,0x11EE,0x11EE,0x11EE,0x11EE,0x120E,0x120E,0x120E,0x120E,0x120E,0x120E,0x120E,0x120E,0x120E,0x120E,
  0x120E,0x120E,0x120E,0x120E,0x120E,0x120E,0x120E,0x120E,0x120E,0x120E,0x120E,0x120E,0x120E,0x120E,0x120E,0x120E,
  0x120E,0x11EE,0x11EE,0x120E,0x120E,0x11EE,0x11EE,0x19EE,0x19EE,0x11EE,0x11EE,0x11EE,0x11EE,0x11EE,0x11EE,0x120E,
  0x11EE,0x120E,0x11EE,0x19EE,0x19EE,0x19EF,0x19EF,0x1A0F,0x1A0E,0x1A0E,0x1A0E,0x1A0E,0x11EE,0x1A0E,0x120E,0x19EE,
  0x19EE,0x19EE,0x11EE,0x1A4F,0x2B53,0x2B95,0x3BF6,0x4417,0x22D2,0x120F,0x1A0F,0x1A0F,0x120E,0x120F,0x120F,0x11EE,
  0x2A2B,0xCE90,0xFF8D,0xFF4C,0xFF4D,0xFF4D,0xFF4C,0xFF2C,0xFFAE,0xB5D0,0x21EC,0x1A0E,0x1A0F,0x1A0F,0x1A0E,0x1A0E,
  0x1A0E,0x1A0E,0x1A0F,0x1A0F,0x1A0F,0x1A0F,0x1A0F,0x1A0F,0x1A2E,0x1A0F,0x1A0F,0x1A0F,0x1A0F,0x1A0E,0x1A0F,0x1A0F,
  0x1A10,0x1A0F,0x1A2E,0x1A0E,0x1A0F,0x1A0E,0x1A0E,0x1A0E,0x1A0E,0x1A0E,0x1A0E,0x1A0E,0x1A0E,0x1A0E,0x1A0E,0x1A0E,
  0x1A0E,0x1A0E,0x1A0E,0x1A0E,0x1A0E,0x1A0E,0x1A0E,0x1A0E,0x1A0E,0x1A0E,0x1A0E,0x1A0E,0x1A0E,0x1A0E,0x1A0E,0x1A0E,
  0x1A0E,0x1A0E,0x1A0E,0x1A0E,0x1A0E,0x1A0E,0x1A0E,0x1A0E,0x1A0E,0x1A0E,0x1A0E,0x1A0E,0x1A0E,0x1A0E,0x1A0E,0x1A2F,
  0x1A0E,0x1A0E,0x1A0E,0x1A0E,0x1A0E,0x1A0E,0x1A0E,0x1A0F,0x1A0E,0x1A0E,0x1A0E,0x1A0E,0x1A0E,0x1A0E,0x1A0E,0x1A0E,
  0x1A0E,0x120E,0x120F,0x120E,0x120F,0x0A0F,0x122F,0x120F,0x122F,0x120F,0x120F,0x1A2F,0x1A2F,0x1A0E,0x1A2E,0x1A2E,
  0x1A2F,0x1A0F,0x09CE,0x1AD1,0x7E3F,0x7E3F,0x1A91,0x018D,0x122F,0x1A4F,0x1A2F,0x1A2F,0x1A2F,0x1A2F,0x1A2F,0x1A2F,
  0x222A,0xD66F,0xFF4D,0xFF2C,0xFF4C,0xFF4C,0xFF4C,0xFF2B,0xFF8E,0xB5D0,0x21EC,0x1A0E,0x120E,0x1A0F,0x1A0E,0x1A0E,
  0x1A0E,0x1A0E,0x1A0E,0x1A0E,0x1A0E,0x19EE,0x120E,0x120E,0x120E,0x120F,0x120E,0x120E,0x120E,0x120E,0x120E,0x1A0D,
  0x19EE,0x120E,0x120D,0x120E,0x120F,0x120E,0x120E,0x120E,0x120E,0x120E,0x120E,0x120E,0x120E,0x120E,0x1A0E,0x1A0E,
  0x1A0E,0x1A0E,0x1A0E,0x1A0E,0x1A0E,0x1A0E,0x120E,0x120E,0x120E,0x120E,0x1A0E,0x1A0E,0x1A0E,0x1A0E,0x120E,0x120E,
  0x120E,0x120E,0x120E,0x120E,0x120E,0x120E,0x120E,0x120E,0x120E,0x120E,0x120E,0x120E,0x120E,0x120E,0x120E,0x120E,
  0x120E,0x120E,0x120E,0x120E,0x120E,0x120E,0x120E,0x19EE,0x19EE,0x19EE,0x19EE,0x1A0E,0x1A0E,0x11EE,0x19EE,0x19EE,
  0x19EE,0x11EE,0x1A90,0x3374,0x2B74,0x2B94,0x2B94,0x2B94,0x2B94,0x3394,0x3394,0x1A70,0x11EE,0x120E,0x1A0E,0x120D,
  0x120E,0x1A4F,0x2B12,0x2B94,0x4457,0x4437,0x1A91,0x11EE,0x1A0F,0x1A0F,0x1A0F,0x1A2F,0x122F,0x120E,0x1A0E,0x1A0E,
  0x222A,0xCE70,0xFF6C,0xFF2C,0xFF4C,0xFF4C,0xFF4D,0xFF2B,0xFFAE,0xB5CE,0x21C9,0x19EE,0x1A2F,0x1A2F,0x1A0F,0x1A0F,
  0x1A2E,0x1A0F,0x1A0E,0x1A0E,0x1A2E,0x1A0F,0x1A0F,0x122E,0x122E,0x1A0F,0x1A0F,0x122E,0x1A2E,0x1A0F,0x1A2E,0x1A2E,
  0x1A0E,0x1A0E,0x1A2E,0x1A2E,0x1A2F,0x1A2F,0x1A0E,0x1A0E,0x1A0E,0x1A0E,0x1A0E,0x1A0E,0x1A0E,0x1A0E,0x1A0E,0x1A0E,
  0x1A0E,0x1A0E,0x1A0E,0x1A0E,0x1A0E,0x1A0E,0x1A0E,0x1A0E,0x1A0E,0x1A0E,0x1A0E,0x1A0E,0x1A2F,0x1A2F,0x1A2F,0x1A0E,
  0x1A0E,0x1A0E,0x1A0E,0x1A0E,0x1A0E,0x1A0E,0x1A0E,0x1A0E,0x1A0E,0x1A0E,0x1A0E,0x1A0E,0x1A0E,0x1A0E,0x1A0E,0x1A2F,
  0x1A0E,0x1A0E,0x1A0E,0x1A0E,0x1A0E,0x1A0E,0x1A0E,0x1A0E,0x1A0E,0x1A0E,0x1A0E,0x1A0E,0x1A0E,0x1A0E,0x1A0E,0x1A0E,
  0x122E,0x09CE,0x3374,0x765F,0x6E3E,0x6E3F,0x6E5F,0x6E3E,0x765F,0x6E1F,0x763F,0x2B53,0x09EE,0x122F,0x1A0E,0x120E,
  0x09CD,0x22D1,0x6DFE,0x5D9C,0x022F,0x01AE,0x09EE,0x11EE,0x11EE,0x11EE,0x11EF,0x120F,0x120F,0x1A0F,0x220F,0x1A2F,
  0x220A,0xCE50,0xFF6D,0xFF2C,0xFF4C,0xFF4B,0xFF4C,0xFF4C,0xFF8D,0xCE4E,0x6B8C,0x4B2E,0x1A4D,0x1A2F,0x1A0E,0x120D,
  0x122D,0x1A0E,0x19EE,0x1A0E,0x120E,0x1A0E,0x1A0E,0x120E,0x120E,0x1A0E,0x120E,0x120E,0x120E,0x19EE,0x120E,0x120E,
  0x120E,0x120E,0x120E,0x120E,0x1A0E,0x1A0E,0x120E,0x120E,0x120E,0x120E,0x120E,0x120E,0x120E,0x120E,0x120E,0x120E,
  0x120E,0x120E,0x120E,0x120E,0x120E,0x120E,0x120E,0x120E,0x120E,0x120E,0x120E,0x120E,0x1A0E,0x1A0E,0x1A0E,0x120E,
  0x120E,0x120E,0x120E,0x120E,0x120E,0x120E,0x120E,0x120E,0x120E,0x120E,0x120E,0x120E,0x120E,0x120E,0x120E,0x120E,
  0x120E,0x120E,0x120E,0x120E,0x120E,0x120E,0x120E,0x120E,0x120E,0x120E,0x120E,0x120E,0x120E,0x120E,0x1A0E,0x1A0E,
  0x120E,0x09AD,0x22D2,0x44B8,0x3C98,0x4498,0x44B8,0x44B8,0x3CB9,0x55BD,0x6E3F,0x2333,0x09CD,0x1A0E,0x19EE,0x2270,
  0x2AF3,0x33D6,0x6E1E,0x5DBD,0x2B75,0x22F3,0x2313,0x2333,0x2333,0x2333,0x2333,0x2B54,0x22D2,0x120E,0x120E,0x120E,
  0x222A,0xCE90,0xFFAD,0xFF4C,0xFF4C,0xFF6C,0xFF6C,0xFF6D,0xFF4D,0xFF4F,0xFF93,0xB632,0x11A9,0x11EE,0x1A0F,0x1A4F,
  0x122E,0x122F,0x1A0F,0x1A0E,0x1A0F,0x1A0F,0x1A0E,0x1A2F,0x1A0F,0x1A0F,0x1A0F,0x1A2F,0x1A2F,0x1A0F,0x1A0E,0x1A0E,
  0x1A0E,0x1A0E,0x1A2E,0x1A0E,0x1A0F,0x1A2F,0x1A0E,0x1A0E,0x1A0E,0x1A0E,0x1A0E,0x1A0E,0x1A0E,0x1A0E,0x1A0E,0x1A0E,
  0x1A0E,0x1A0E,0x1A0E,0x1A0E,0x1A0E,0x1A0E,0x1A0E,0x1A0E,0x1A0E,0x1A0E,0x1A0E,0x1A0E,0x1A0E,0x1A2F,0x1A2F,0x1A0E,
  0x1A0E,0x1A0E,0x1A0E,0x1A0E,0x1A0E,0x1A0E,0x1A0E,0x1A0E,0x1A0E,0x1A0E,0x1A2F,0x1A0E,0x1A0E,0x1A0E,0x1A0E,0x1A2F,
  0x1A2F,0x1A2F,0x1A0E,0x1A2F,0x1A0E,0x1A0E,0x1A0E,0x1A0E,0x1A0E,0x1A0E,0x1A2F,0x1A2F,0x1A2F,0x1A2F,0x1A0E,0x1A2F,
  0x1A0E,0x19EF,0x120F,0x0A2F,0x0A2F,0x122F,0x0A2F,0x0A0F,0x020F,0x555B,0x765F,0x2333,0x09EE,0x1A4F,0x120F,0x3395,
  0x761F,0x661E,0x663F,0x5E1F,0x65FE,0x65DE,0x65FE,0x6DFE,0x6DFE,0x6DFE,0x6DFE,0x7E3F,0x4C78,0x0A0E,0x122E,0x1A2F,
  0x1A0B,0xADF2,0xDEEF,0xEF0D,0xFF4D,0xFF4B,0xFF6C,0xFF6C,0xFF6B,0xFF4C,0xFF8E,0xD66E,0x4AC8,0x3AAD,0x220D,0x19EF,
  0x120E,0x120F,0x1A0F,0x1A0E,0x1A0E,0x1A0E,0x1A0D,0x120E,0x1A0E,0x1A0E,0x1A0E,0x120E,0x120E,0x120E,0x1A0E,0x1A0E,
  0x1A0E,0x1A0E,0x120E,0x120E,0x120E,0x1A0E,0x120E,0x120E,0x120E,0x120E,0x120E,0x120E,0x120E,0x120E,0x120E,0x120E,
  0x120E,0x120E,0x120E,0x120E,0x120E,0x120E,0x120E,0x120E,0x120E,0x120E,0x120E,0x120E,0x120E,0x120E,0x1A0E,0x120E,
  0x120E,0x120E,0x120E,0x120E,0x120E,0x120E,0x120E,0x120E,0x120E,0x120E,0x120E,0x120E,0x120E,0x120E,0x120E,0x120E,
  0x120E,0x120E,0x120E,0x120E,0x120E,0x120E,0x120E,0x120E,0x120E,0x120E,0x1A0E,0x1A0E,0x1A0E,0x1A0E,0x1A0E,0x1A0E,
  0x1A0E,0x19EE,0x19EE,0x11EE,0x11EE,0x1A0F,0x1A0E,0x22B1,0x1AB1,0x4CD9,0x6D9C,0x2B33,0x09EE,0x122F,0x120E,0x2B54,
  0x655C,0x555B,0x555C,0x553C,0x555C,0x555B,0x555C,0x5D7C,0x5D7C,0x5D7C,0x655C,0x6D9D,0x43F6,0x09EE,0x1A0E,0x1A0E,
  0x120D,0x326C,0x3A48,0xCE0F,0xFF6E,0xFF4C,0xFF4D,0xFF4C,0xFF4C,0xFF4C,0xFF6D,0xF76E,0xE70F,0xCEB2,0x3AAB,0x19AD,
  0x11ED,0x11ED,0x11EE,0x120D,0x120E,0x120E,0x1A0E,0x11EE,0x120E,0x1A0E,0x1A0E,0x1A0E,0x1A0E,0x1A0F,0x1A0E,0x1A0E,
  0x1A0E,0x1A0E,0x1A0E,0x1A0E,0x1A0E,0x1A0E,0x1A0E,0x1A0E,0x1A0E,0x1A0E,0x1A0E,0x1A0E,0x1A0E,0x1A0E,0x1A0E,0x1A0E,
  0x1A0E,0x1A0E,0x1A0E,0x1A0E,0x1A0E,0x1A0E,0x1A0E,0x1A0E,0x1A0E,0x1A0E,0x1A0E,0x1A0E,0x1A0E,0x1A0E,0x1A0E,0x1A0E,
  0x1A0E,0x1A0E,0x1A0E,0x1A0E,0x1A0E,0x1A0E,0x1A0E,0x1A0E,0x1A0E,0x1A0E,0x1A0E,0x1A0E,0x1A0E,0x1A0E,0x1A0E,0x1A0E,
  0x1A0E,0x1A0E,0x1A0E,0x1A0E,0x1A0E,0x1A0E,0x1A0E,0x1A0E,0x1A0E,0x1A0E,0x1A0E,0x1A2F,0x1A2F,0x1A2F,0x1A2F,0x1A2F,
  0x1A0E,0x1A0E,0x1A0E,0x1A0E,0x19EE,0x11CD,0x11EE,0x75BD,0x75BD,0x2332,0x1270,0x1A50,0x1A2F,0x1A0F,0x1A0F,0x1A2F,
  0x1A90,0x1A90,0x1A70,0x1A50,0x1A70,0x1270,0x1A70,0x1290,0x1290,0x1290,0x1290,0x1A90,0x1A4F,0x1A0E,0x220F,0x1A0E,
  0x122E,0x11EE,0x11AA,0xBE30,0xFF8D,0xFF4B,0xFF6D,0xFF4D,0xFF4C,0xFF6C,0xFF4D,0xFF4C,0xFF6C,0xE72F,0x52E8,0x31EB,
  0x2A2B,0x222A,0x222B,0x222B,0x224B,0x2A2B,0x2A2B,0x2A4B,0x224C,0x1A2E,0x1A2E,0x1A0E,0x1A0E,0x1A0F,0x1A2F,0x1A2F,
  0x1A2F,0x1A2F,0x1A2F,0x1A2F,0x1A2F,0x1A2F,0x1A2F,0x1A2F,0x1A2F,0x1A2F,0x1A0E,0x1A0E,0x1A0E,0x1A0E,0x1A2F,0x1A2F,
  0x1A2F,0x1A2F,0x1A2F,0x1A2F,0x1A2F,0x1A2F,0x1A2F,0x1A2F,0x1A2F,0x1A2F,0x1A2F,0x1A2F,0x1A2F,0x1A2F,0x1A2F,0x1A2F,
  0x1A0E,0x1A0E,0x1A0E,0x1A0E,0x1A0E,0x1A0E,0x1A2F,0x1A0E,0x1A0E,0x1A0E,0x1A2E,0x1A2F,0x1A2F,0x1A2F,0x1A2F,0x1A2F,
  0x1A2F,0x1A2F,0x1A0E,0x1A0E,0x1A0E,0x1A0E,0x1A0E,0x1A0E,0x1A0E,0x1A0E,0x1A2F,0x1A2F,0x1A2F,0x1A2F,0x1A2F,0x122F,
  0x1A0F,0x122E,0x1A2E,0x1A0E,0x1A2E,0x124F,0x124F,0x6DBD,0x6DBC,0x22B1,0x09CD,0x120F,0x1A2F,0x1A2F,0x1A2F,0x1A0F,
  0x122E,0x122E,0x120E,0x1A0E,0x120E,0x120E,0x120E,0x120E,0x120E,0x120E,0x120E,0x120E,0x120F,0x1A2F,0x1A0F,0x1A0F,
  0x122E,0x1A2E,0x1A0A,0xBE4F,0xFF8E,0xFF4C,0xFF4C,0xFF4D,0xFF4D,0xFF6C,0xFF6C,0xFF4C,0xFF2C,0xF70C,0xCDEC,0xBDAF,
  0xBDCF,0xBDEE,0xBDEF,0xBDEF,0xBDEF,0xBE0F,0xBE0F,0xBE30,0x9D92,0x220A,0x1A0D,0x1A0E,0x1A0E,0x120F,0x1A0E,0x1A0E,
  0x1A0E,0x1A0E,0x1A0E,0x1A0E,0x1A0E,0x1A0E,0x120E,0x120E,0x120E,0x120E,0x1A0E,0x1A0E,0x1A0E,0x1A0E,0x120E,0x120E,
  0x120E,0x120E,0x120E,0x120E,0x120E,0x120E,0x120E,0x120E,0x120E,0x120E,0x120E,0x120E,0x120E,0x120E,0x120E,0x120E,
  0x120E,0x120E,0x120E,0x120E,0x120E,0x120E,0x120E,0x120E,0x120E,0x120E,0x120E,0x120E,0x120E,0x120E,0x120E,0x120E,
  0x120E,0x120E,0x120E,0x1A0E,0x1A0E,0x1A0E,0x1A0E,0x1A0E,0x1A0E,0x1A0E,0x1A0E,0x1A0E,0x120E,0x120E,0x120E,0x1A0F,
  0x1A0E,0x122E,0x122F,0x11EE,0x2B33,0x657B,0x5D1A,0x1291,0x1A90,0x1A2E,0x19EE,0x120E,0x120E,0x120E,0x122E,0x1A0E,
  0x122E,0x122F,0x1A2F,0x1A0E,0x1A0E,0x122E,0x120E,0x1A0E,0x1A0E,0x1A0E,0x1A2E,0x122E,0x122E,0x120E,0x1A0F,0x1A0E,
  0x1A2F,0x222F,0x220B,0xBE11,0xFF92,0xFF4F,0xFF4D,0xFF4C,0xFF4C,0xFF4C,0xFF4C,0xFF4D,0xFF4C,0xFF4B,0xFF8D,0xFF8E,
  0xFFAE,0xFF8E,0xFF8D,0xFF8E,0xFF8F,0xFF8E,0xFF8E,0xFFB0,0xCED4,0x2A2A,0x19EF,0x1A0F,0x1A2E,0x122F,0x1A2F,0x1A2F,
  0x1A2F,0x1A2F,0x1A2F,0x1A2F,0x1A2F,0x1A2F,0x1A2F,0x1A2F,0x1A2F,0x1A2F,0x1A2F,0x1A2F,0x1A2F,0x1A2F,0x1A2F,0x1A2F,
  0x1A2F,0x1A2F,0x1A2F,0x1A2F,0x1A2F,0x1A2F,0x1A2F,0x1A2F,0x1A2F,0x1A2F,0x1A2F,0x1A2F,0x1A2F,0x1A2F,0x1A2F,0x1A2F,
  0x1A2F,0x1A0E,0x1A2F,0x1A2F,0x1A2F,0x1A2F,0x1A2F,0x1A2F,0x1A2F,0x1A2F,0x1A2F,0x1A2F,0x1A2F,0x1A2F,0x1A2F,0x1A2F,
  0x1A2F,0x1A2F,0x1A2F,0x1A0E,0x1A0E,0x1A0E,0x1A0E,0x1A0E,0x1A0E,0x1A0E,0x1A2F,0x1A2F,0x1A2F,0x1A2F,0x1A2F,0x1A0F,
  0x1A0F,0x122F,0x124F,0x122F,0x3395,0x7E9F,0x6E1E,0x09CF,0x120F,0x1A2E,0x222E,0x1A0E,0x1A0F,0x1A0E,0x1A2E,0x1A0F,
  0x1A2F,0x1A2F,0x1A2F,0x1A0F,0x1A0F,0x1A0F,0x1A2F,0x1A0F,0x1A0F,0x1A0F,0x1A2F,0x1A2F,0x1A2E,0x1A2E,0x1A0E,0x1A2F,
  0x1A0F,0x1A0F,0x220D,0x536E,0x536C,0xC60F,0xFF8E,0xFF4B,0xFF4C,0xFF2D,0xFF4C,0xFF4C,0xFF2C,0xFF4C,0xFF4C,0xFF4C,
  0xFF4C,0xFF4C,0xF72A,0xF74B,0xFF2C,0xFF2D,0xDE6E,0x6BAA,0x536E,0x220D,0x19EF,0x1A0F,0x122E,0x122E,0x1A0E,0x1A0E,
  0x1A0E,0x1A0E,0x1A0E,0x1A0E,0x1A0E,0x1A0E,0x122E,0x122E,0x1A0E,0x1A0E,0x1A0E,0x1A0E,0x1A0E,0x1A0E,0x122E,0x120E,
  0x120E,0x1A0E,0x120E,0x120E,0x122E,0x122E,0x120E,0x19EE,0x19EE,0x120E,0x120E,0x120E,0x120E,0x120E,0x120E,0x120E,
  0x120E,0x120E,0x120E,0x120E,0x1A0E,0x1A0E,0x1A0E,0x1A0E,0x1A0E,0x1A0E,0x1A0E,0x1A0E,0x1A0E,0x1A0E,0x1A0E,0x1A0E,
  0x1A0E,0x1A0E,0x1A0E,0x1A0E,0x120E,0x120E,0x120E,0x1A0E,0x120E,0x120E,0x120E,0x1A0E,0x1A0E,0x1A0E,0x1A0E,0x1A0E,
  0x1A0E,0x11CD,0x2B12,0x54FA,0x4D5B,0x663F,0x65DE,0x0A0F,0x1A50,0x1A2F,0x1A0E,0x120E,0x1A0E,0x1A0E,0x1A0E,0x1A0E,
  0x120F,0x120F,0x120E,0x1A0E,0x1A0E,0x1A0E,0x1A0E,0x1A0E,0x1A0E,0x120E,0x120E,0x120E,0x120E,0x120E,0x120E,0x1A0E,
  0x1A2F,0x1A2F,0x1A2E,0x1A2D,0x0149,0xA591,0xFFF1,0xFF8E,0xFF8F,0xFF4F,0xFF4D,0xFF4B,0xFF4B,0xFF4C,0xFF4C,0xFF4C,
  0xFF2C,0xFF2C,0xFF6E,0xFF8F,0xFF6F,0xFF91,0xC652,0x220A,0x11ED,0x1A2E,0x222F,0x1A2F,0x1A4F,0x1A4E,0x1A2F,0x1A2F,
  0x1A2F,0x1A2F,0x1A2F,0x1A2F,0x1A2F,0x1A2F,0x1A2E,0x1A2E,0x1A2F,0x1A2F,0x1A2F,0x1A2F,0x1A2F,0x1A2F,0x1A2E,0x1A2F,
  0x1A2F,0x1A2F,0x1A0F,0x1A0F,0x1A0F,0x1A2F,0x1A2F,0x1A0E,0x1A0E,0x1A2E,0x1A2E,0x1A0E,0x1A0E,0x1A0E,0x1A2F,0x1A2F,
  0x1A2F,0x1A2E,0x1A2F,0x1A2F,0x1A2E,0x1A0E,0x1A2E,0x1A2F,0x1A2F,0x1A2F,0x1A2F,0x1A2F,0x1A2F,0x1A2F,0x1A2F,0x1A0F,
  0x1A2F,0x1A2F,0x1A2F,0x1A0F,0x1A0F,0x1A2F,0x1A2F,0x1A2F,0x1A2E,0x1A2E,0x1A2E,0x1A0F,0x1A0F,0x1A2E,0x1A2E,0x1A0E,
  0x1A2E,0x09CD,0x3394,0x6E5F,0x5E3F,0x5E5F,0x5DBE,0x01CE,0x09EF,0x09EE,0x09EE,0x120F,0x1A2E,0x1A2E,0x1A2E,0x1A2F,
  0x1A2F,0x1A2F,0x1A2F,0x1A2F,0x1A2F,0x1A2F,0x1A2F,0x1A2F,0x1A2F,0x1A2F,0x1A2F,0x1A2F,0x1A2F,0x1A2F,0x1A2F,0x1A2F,
  0x1A0F,0x120E,0x11EE,0x1A0D,0x11CC,0x5B8F,0x7CAE,0x7C8D,0x7C4D,0xA50B,0xF72E,0xFF2C,0xFF2B,0xFF2A,0xFF2B,0xFF2C,
  0xFF0C,0xFF2E,0xB58C,0x7C0B,0x7C6E,0x7C6E,0x63EF,0x224D,0x1A2E,0x1A2E,0x1A0E,0x1A0E,0x1A0E,0x1A0E,0x1A0E,0x1A0E,
  0x1A0E,0x1A0E,0x1A0E,0x1A0E,0x1A0E,0x1A0E,0x19EE,0x19EF,0x120F,0x120E,0x120F,0x120E,0x120E,0x120E,0x19EE,0x11EF,
  0x11EF,0x11EE,0x11ED,0x19CE,0x19CF,0x19CF,0x120E,0x11EE,0x11EE,0x11EE,0x11EE,0x11CE,0x19CE,0x11EE,0x11EE,0x11EE,
  0x19EE,0x19EE,0x19EE,0x1A0E,0x120E,0x120E,0x120E,0x11EE,0x11EE,0x11EE,0x120E,0x1A0E,0x1A0E,0x1A0E,0x1A0E,0x1A0E,
  0x120E,0x120E,0x120E,0x19EE,0x19EE,0x1A0E,0x1A0E,0x1A0E,0x1A0E,0x1A0E,0x1A0E,0x1A0E,0x1A0E,0x1A0E,0x120E,0x11EE,
  0x1A0F,0x09CE,0x2374,0x5DDE,0x4DDD,0x4DFE,0x55DE,0x4498,0x4478,0x4478,0x4C78,0x1AB1,0x11EE,0x120E,0x120E,0x1A0E,
  0x1A0E,0x1A0E,0x1A0E,0x120E,0x120E,0x120E,0x120E,0x120E,0x120E,0x120E,0x120E,0x120E,0x120E,0x120E,0x120E,0x11EE,
  0x1A2F,0x1A2F,0x1A2F,0x1A2F,0x1A0E,0x11CD,0x11EB,0x120C,0x096A,0x5329,0xFFD2,0xFFD0,0xFFCF,0xFFCE,0xFFCF,0xFFCF,
  0xFFAF,0xFFF3,0x7C2B,0x0947,0x11EC,0x11EB,0x11EC,0x1A2E,0x1A2F,0x1A2E,0x1A2E,0x1A2E,0x1A0F,0x1A0F,0x1A2F,0x1A2F,
  0x1A2F,0x1A2F,0x1A2F,0x1A2F,0x1A2F,0x1A2F,0x220E,0x220F,0x1A2F,0x1A2F,0x1A2F,0x1A0F,0x1A0E,0x1A0E,0x1A0F,0x222E,
  0x222E,0x1A2E,0x1A4D,0x1A4E,0x222F,0x222F,0x1A4F,0x1A4F,0x1A4F,0x1A2F,0x224F,0x222F,0x222F,0x1A4F,0x224E,0x222E,
  0x1A0E,0x1A0F,0x1A0F,0x1A0F,0x1A2E,0x122E,0x1A2E,0x1A2F,0x1A2F,0x1A2F,0x1A2F,0x1A2F,0x1A2F,0x1A2F,0x1A2F,0x1A2F,
  0x1A2F,0x1A2F,0x1A2F,0x1A2F,0x1A2F,0x120E,0x09EE,0x09CE,0x09CE,0x09CD,0x09CE,0x09CE,0x09CE,0x09CD,0x120E,0x1A30,
  0x1A30,0x09EE,0x33B5,0x767F,0x665F,0x665F,0x6E7F,0x769F,0x6E7F,0x767F,0x7E7F,0x2B33,0x11CE,0x1A2F,0x1A2F,0x1A2F,
  0x1A2F,0x1A2F,0x1A2F,0x1A2F,0x1A2F,0x1A2F,0x1A2F,0x1A2F,0x1A2F,0x1A2F,0x1A2F,0x1A2F,0x1A0E,0x1A0E,0x1A0E,0x1A0E,
  0x120E,0x120E,0x120E,0x120E,0x120F,0x19EF,0x1A0F,0x122F,0x11CE,0x42ED,0x9D92,0xA570,0xA550,0xA56F,0xA56F,0xA570,
  0xA570,0xA592,0x536E,0x11CC,0x1A0E,0x11EE,0x120F,0x11EE,0x19EE,0x19EE,0x120E,0x1A0E,0x1A0E,0x19EE,0x1A0E,0x1A0E,
  0x1A0E,0x1A0E,0x1A0E,0x1A0F,0x1A0F,0x1A0E,0x1A0E,0x1A0E,0x1A0E,0x120E,0x120E,0x19EE,0x19EE,0x19EE,0x11AC,0x1148,
  0x1947,0x1948,0x1168,0x1188,0x1189,0x1969,0x1968,0x1989,0x1989,0x1969,0x1969,0x1989,0x1989,0x1189,0x1169,0x116A,
  0x19ED,0x1A0F,0x11EF,0x1A0F,0x120E,0x120E,0x120E,0x120E,0x120E,0x120E,0x120E,0x120E,0x120E,0x120E,0x120E,0x120E,
  0x120E,0x19EE,0x19EE,0x1A0E,0x11EE,0x1AB0,0x2BB4,0x2B95,0x2B94,0x2B94,0x2BB5,0x33B5,0x33B5,0x3BB5,0x1A70,0x120F,
  0x1A2F,0x11EE,0x22F2,0x54DA,0x4CBA,0x4CB9,0x4CB9,0x4C98,0x4498,0x4498,0x4C98,0x22B1,0x11CE,0x1A0E,0x120E,0x120E,
  0x120E,0x120E,0x120E,0x120E,0x120E,0x120E,0x120E,0x120E,0x120E,0x120E,0x120E,0x120E,0x120E,0x120E,0x120E,0x11EE,
  0x1A2E,0x1A2E,0x1A2E,0x1A2F,0x1A2F,0x1A2F,0x1A2E,0x1A2E,0x1A2E,0x1A2D,0x1A0C,0x1A0B,0x19EC,0x21EC,0x21EC,0x1A0C,
  0x19EC,0x19EC,0x1A2D,0x122E,0x1A0E,0x1A0E,0x1A0F,0x220E,0x220E,0x1A0E,0x1A0E,0x1A0F,0x1A0F,0x1A2E,0x1A2F,0x1A2F,
  0x1A2F,0x1A2F,0x1A2F,0x1A2F,0x1A2F,0x1A2F,0x122F,0x122F,0x1A4F,0x1A2F,0x1A2F,0x1A2E,0x1A0F,0x222F,0x0908,0x0000,
  0x0000,0x0000,0x0000,0x0000,0x0000,0x0000,0x0000,0x0000,0x0000,0x0000,0x0000,0x0000,0x0000,0x0000,0x0001,0x0044,
  0x21CC,0x1A2E,0x1A0E,0x1A2E,0x1A0E,0x1A0E,0x1A2E,0x1A2F,0x1A2F,0x1A2F,0x1A2F,0x1A2F,0x1A2F,0x1A2F,0x1A2F,0x1A2F,
  0x1A2F,0x1A0F,0x1A0E,0x1A2F,0x0A0E,0x3C15,0x765E,0x6E3F,0x6E3F,0x6E5F,0x665F,0x665F,0x6E5F,0x763F,0x2B94,0x120F,
  0x1A4F,0x1A2F,0x122F,0x122F,0x122F,0x122F,0x120E,0x11EE,0x0A0E,0x0A2E,0x120E,0x1A0F,0x1A0E,0x1A2E,0x1A2E,0x1A2F,
  0x1A2F,0x1A2F,0x1A2F,0x1A2F,0x1A2F,0x1A2F,0x1A2F,0x1A2F,0x1A2F,0x1A2F,0x1A2F,0x1A2F,0x1A2F,0x1A2F,0x1A2F,0x1A0F,
  0x1A0E,0x1A0E,0x1A0E,0x120E,0x120F,0x120E,0x1A0E,0x1A0F,0x1A0E,0x19EE,0x1A0E,0x1A0E,0x19EF,0x19EF,0x19EE,0x19EE,
  0x19EE,0x19EE,0x120E,0x122E,0x1A0E,0x19EE,0x19EE,0x19ED,0x19EE,0x19EE,0x1A0E,0x19EE,0x1A0E,0x120E,0x1A0E,0x1A0E,
  0x1A0E,0x1A0E,0x1A0E,0x1A0E,0x1A0E,0x1A0F,0x122F,0x122E,0x11ED,0x19AB,0x19AB,0x19AA,0x19AB,0x19AB,0x1168,0x08C5,
  0x1126,0x21E9,0x21E9,0x21E8,0x21C7,0x21C7,0x21C8,0x21E8,0x21E9,0x21E9,0x21E9,0x2209,0x2A08,0x2187,0x0021,0x0022,
  0x1968,0x1989,0x198A,0x198A,0x19CC,0x1A0E,0x120E,0x120E,0x120E,0x1A0E,0x1A0E,0x1A0E,0x1A0E,0x1A0E,0x1A0E,0x1A0E,
  0x1A0E,0x1A0E,0x1A0E,0x1A0E,0x09ED,0x2B52,0x54D8,0x44D9,0x44D9,0x451A,0x5E1E,0x561E,0x561E,0x65FE,0x2354,0x120E,
  0x1A2F,0x1A0E,0x1A0E,0x120F,0x120F,0x19EE,0x19EE,0x120E,0x120E,0x122E,0x122E,0x120E,0x19EE,0x1A0E,0x1A0E,0x1A0E,
  0x1A0E,0x1A0E,0x1A0E,0x1A0E,0x1A0E,0x1A0E,0x1A0E,0x1A0E,0x1A0E,0x1A0E,0x1A0E,0x120E,0x120E,0x120E,0x120E,0x1A0E,
  0x1A0F,0x1A0F,0x1A0F,0x1A0F,0x1A0F,0x1A2E,0x1A0F,0x1A0F,0x1A0F,0x19EF,0x1A0F,0x1A2F,0x1A2F,0x1A2F,0x1A2E,0x1A2F,
  0x1A0E,0x1A0E,0x1A2F,0x122F,0x1A2F,0x1A0E,0x1A0E,0x1A0E,0x1A0E,0x122E,0x1A2E,0x220F,0x1A0F,0x1A2E,0x1A2F,0x1A2F,
  0x1A2F,0x1A2F,0x1A0E,0x1A2F,0x1A2F,0x1A4F,0x1A4F,0x222E,0x08C7,0x0002,0x0001,0x0001,0x0001,0x0001,0x09A9,0x12B0,
  0x3435,0x7F1E,0x76FC,0x76DC,0x7EFC,0x76FD,0x771D,0x7F1D,0x7F1D,0x86FE,0x7F1D,0x7F3D,0x8F3D,0x7DB8,0x08A3,0x0000,
  0x0000,0x0001,0x0001,0x0002,0x1969,0x1A2F,0x1A2F,0x1A2F,0x1A2F,0x1A0E,0x1A2F,0x1A2F,0x1A2F,0x1A2F,0x1A0F,0x1A0F,
  0x1A2E,0x1A2E,0x1A0E,0x1A0F,0x1A0E,0x1A0E,0x122F,0x122F,0x01CE,0x12B1,0x5DBD,0x5E1E,0x5E1E,0x6E1E,0x2B54,0x120F,
  0x1A2F,0x1A2F,0x1A0F,0x1A0F,0x1A0F,0x1A0F,0x1A0E,0x1A0E,0x1A0E,0x1A0F,0x1A0F,0x1A0F,0x1A0F,0x1A0F,0x1A0F,0x1A0F,
  0x1A0E,0x1A0E,0x1A0E,0x1A0E,0x1A0E,0x1A0E,0x1A0E,0x1A0E,0x1A0E,0x1A0E,0x1A0E,0x1A0E,0x1A0E,0x1A0E,0x1A0E,0x1A0E,
  0x1A0F,0x1A0F,0x1A0F,0x1A0F,0x1A0E,0x1A0E,0x1A0E,0x1A0E,0x1A0E,0x1A0F,0x1A0F,0x120F,0x122E,0x122E,0x1A2E,0x1A2E,
  0x1A2E,0x1A0F,0x1A0F,0x1A0F,0x1A0E,0x1A0E,0x1A0E,0x122E,0x1A0D,0x19CB,0x19AA,0x19AB,0x19AB,0x19AB,0x19CB,0x19AB,
  0x19AB,0x19EC,0x1A2E,0x1A0D,0x19CC,0x19CC,0x21EC,0x21ED,0x0929,0x00A5,0x08E5,0x0925,0x0926,0x0926,0x0AAE,0x0394,
  0x1D19,0x577F,0x575E,0x575F,0x4F7F,0x4F7E,0x4F5F,0x575F,0x5F5F,0x5F5F,0x577F,0x575F,0x677F,0x5E5B,0x11E7,0x10E3,
  0x1104,0x10E4,0x10E4,0x1105,0x1989,0x21CC,0x19CC,0x21CC,0x19ED,0x1A2E,0x1A0E,0x1A0E,0x1A0F,0x1A0F,0x1A0F,0x1A0E,
  0x122F,0x1A0F,0x1A0F,0x120E,0x19EE,0x19EE,0x11EE,0x1A2F,0x1A50,0x2313,0x65DD,0x661E,0x5DBD,0x659C,0x2B53,0x120F,
  0x1A2F,0x1A0F,0x120E,0x120F,0x120F,0x1A0E,0x1A0E,0x1A0E,0x1A0E,0x1A0E,0x1A0F,0x1A0F,0x1A0F,0x1A0F,0x1A0F,0x1A0E,
  0x1A0E,0x1A0E,0x1A0E,0x1A0E,0x1A0E,0x1A0E,0x1A0E,0x1A0E,0x1A0E,0x1A0E,0x1A0E,0x1A0E,0x1A0E,0x1A0E,0x1A0E,0x1A0E,
  0x120E,0x120E,0x120E,0x120E,0x120E,0x120E,0x120E,0x120E,0x120E,0x120E,0x120E,0x1A0E,0x1A0E,0x19EE,0x19EE,0x1A0E,
  0x1A0E,0x120E,0x1A0F,0x1A0F,0x1A0E,0x19EE,0x1A0E,0x1A0F,0x19AC,0x0023,0x0001,0x0001,0x0001,0x0001,0x0001,0x0001,
  0x0001,0x00A5,0x222E,0x196A,0x0022,0x0001,0x0022,0x0065,0x1A8F,0x1B73,0x2D39,0x2E1B,0x2DFB,0x25FB,0x1DFC,0x161D,
  0x0E5E,0x167E,0x167D,0x0E7E,0x0E7E,0x0E5D,0x0E5D,0x0E5E,0x0E5D,0x0E5D,0x0E7D,0x0E5E,0x165E,0x367C,0x76DC,0x869C,
  0x7EDC,0x7E9B,0x7E5A,0x869A,0x2A0A,0x0001,0x0042,0x0022,0x0908,0x1A2F,0x1A0F,0x19EE,0x1A0F,0x1A0F,0x19EE,0x1A0E,
  0x120F,0x1A0F,0x19EE,0x1A0E,0x11ED,0x1A0E,0x09CD,0x2B12,0x6D9D,0x65BD,0x65FE,0x65BE,0x1B33,0x1270,0x1A50,0x1A0F,
  0x1A0F,0x1A0E,0x120E,0x1A0F,0x1A0F,0x1A0E,0x1A0E,0x1A0E,0x1A0E,0x1A0E,0x1A0E,0x1A0E,0x1A0E,0x120E,0x120E,0x1A0E,
  0x1A0E,0x1A0E,0x1A0E,0x1A0E,0x1A0E,0x1A0E,0x1A0E,0x1A0E,0x120E,0x120E,0x120E,0x120E,0x120E,0x120E,0x120E,0x120E,
  0x1A0E,0x1A0E,0x1A0E,0x1A0E,0x1A0E,0x1A0E,0x1A0E,0x1A0E,0x1A0E,0x1A0E,0x1A0E,0x1A0E,0x1A0E,0x1A0F,0x19EF,0x1A0E,
  0x1A0E,0x1A0E,0x1A0F,0x1A0F,0x1A0E,0x1A2E,0x1A2F,0x1A30,0x19CC,0x0022,0x0000,0x1000,0x1000,0x0800,0x1000,0x1000,
  0x0800,0x0883,0x29ED,0x216A,0x0020,0x0000,0x0000,0x0044,0x0AD0,0x03F6,0x163E,0x0EDF,0x06BF,0x06BF,0x06BF,0x06BF,
  0x0E9F,0x0E5E,0x0E5D,0x0E3D,0x0E3D,0x0E3E,0x065D,0x065D,0x063D,0x067E,0x069F,0x069F,0x063F,0x26BE,0x67BF,0x6FBF,
  0x67DF,0x6FBF,0x779F,0x879F,0x2A6B,0x0000,0x0040,0x0021,0x0906,0x222E,0x1A0E,0x1A2E,0x1A2F,0x1A0F,0x1A0E,0x1A0F,
  0x1A0F,0x19EF,0x1A0E,0x1A0E,0x19EE,0x120F,0x01AD,0x2334,0x6E3F,0x661E,0x6DDE,0x6D9D,0x22B2,0x11EF,0x1A0F,0x1A2F,
  0x1A2F,0x1A2F,0x1A2F,0x1A2F,0x1A2F,0x1A0E,0x1A0E,0x1A0E,0x1A0E,0x1A0E,0x1A0E,0x1A0E,0x1A0E,0x1A0E,0x1A0E,0x1A0E,
  0x1A0E,0x1A0E,0x1A0E,0x1A0E,0x1A0E,0x1A0E,0x1A0E,0x1A0E,0x1A0E,0x1A0E,0x1A0E,0x1A0E,0x1A0E,0x1A0E,0x1A0E,0x1A0E,
  0x120E,0x120E,0x120E,0x120E,0x120E,0x120E,0x120E,0x120E,0x120E,0x120E,0x120E,0x120E,0x120E,0x120F,0x11EF,0x11EE,
  0x1A0E,0x1A0E,0x1A0E,0x120E,0x120E,0x1A0E,0x120F,0x120F,0x19CB,0x0002,0x1020,0x8A88,0xB2E8,0xAAC7,0xAAA6,0xAA87,
  0xA288,0x61C6,0x0843,0x0843,0x0000,0x0062,0x122C,0x0AF0,0x1CF9,0x15BC,0x065E,0x069F,0x067F,0x069F,0x069F,0x0E7E,
  0x269E,0x677F,0x777F,0x775F,0x6F7F,0x677F,0x677F,0x677F,0x677F,0x2EDE,0x065E,0x067F,0x065F,0x0E7F,0x1EBE,0x26DE,
  0x26DE,0x36DE,0x677F,0x7F7F,0x761A,0x6D76,0x7597,0x7DB8,0x5411,0x0084,0x1108,0x1A2E,0x1A2F,0x1A0E,0x120E,0x120E,
  0x19EE,0x19EE,0x19EE,0x19EE,0x11CE,0x2B33,0x54DA,0x553C,0x5E3E,0x55BC,0x2333,0x1A70,0x1A2F,0x11EE,0x19EE,0x11EE,
  0x120E,0x120E,0x1A0E,0x1A0E,0x1A0E,0x1A0E,0x1A0E,0x1A0E,0x1A0E,0x1A0E,0x1A0E,0x120E,0x120E,0x120E,0x120E,0x120E,
  0x120E,0x120E,0x120E,0x1A0E,0x1A0E,0x1A0E,0x1A0E,0x120E,0x120E,0x120E,0x120E,0x120E,0x120E,0x120E,0x120E,0x120E,
  0x1A2F,0x1A2F,0x1A2F,0x1A2F,0x1A2F,0x1A2F,0x1A2F,0x1A2F,0x1A2F,0x1A2F,0x1A2F,0x1A2F,0x1A2F,0x1A2F,0x1A2F,0x1A0E,
  0x1A0E,0x1A0E,0x1A0F,0x1A0F,0x1A2F,0x1A2F,0x222F,0x224E,0x29CA,0x0022,0x1020,0xC36B,0xFBCA,0xF347,0xF306,0xF308,
  0xEB69,0x8A26,0x0000,0x0000,0x0020,0x00C4,0x0B74,0x0479,0x0E1E,0x0E9F,0x069F,0x067F,0x069F,0x069F,0x0E9F,0x0E5D,
  0x369D,0x87DF,0x9F9F,0x9F7F,0x9F9F,0x97BF,0x979F,0x979F,0x8FDF,0x46FE,0x0E5E,0x0E9E,0x0E7E,0x067E,0x067F,0x067F,
  0x067F,0x16BE,0x57BF,0x77BF,0x7FBF,0x7FDF,0x77BF,0x8FDF,0x6515,0x0000,0x08A5,0x222E,0x1A2E,0x220E,0x1A0F,0x120F,
  0x1A0F,0x1A0F,0x1A0E,0x1A2F,0x11EE,0x33D5,0x6E5F,0x663F,0x5E5F,0x559C,0x1270,0x09AD,0x120E,0x120D,0x19EE,0x1A0F,
  0x1A0F,0x1A2F,0x1A2F,0x1A2F,0x1A2F,0x1A0E,0x1A0E,0x1A2F,0x1A2F,0x1A2F,0x1A2F,0x1A2F,0x1A2F,0x1A2F,0x1A2F,0x1A2F,
  0x1A2F,0x1A2F,0x1A2F,0x1A2F,0x1A2F,0x1A2F,0x1A2F,0x1A2F,0x1A2F,0x1A2F,0x1A2F,0x1A2F,0x1A2F,0x1A2F,0x1A2F,0x1A2F,
  0x120E,0x120E,0x120E,0x120E,0x120E,0x120E,0x120E,0x120E,0x120E,0x120E,0x120E,0x120E,0x120E,0x120E,0x120E,0x120D,
  0x120D,0x11EE,0x19EE,0x1A0E,0x1A0E,0x1A0E,0x19CC,0x10E6,0x10A4,0x0021,0x0820,0x5144,0x7163,0xC225,0xEAC7,0x99A4,
  0x6102,0x40C2,0x0020,0x1187,0x23F1,0x1C54,0x153A,0x0D9C,0x063E,0x067F,0x069F,0x067F,0x067F,0x065F,0x2EFF,0x575F,
  0x6F5F,0x979F,0x977F,0x9F7E,0x977F,0x8F9F,0x8F9F,0x8F7E,0x8FDF,0x3EFF,0x0E5F,0x2EDE,0x577F,0x473F,0x0E7F,0x0E7F,
  0x0E9F,0x0E9E,0x26DF,0x36DE,0x36DE,0x36BD,0x4F1E,0x779F,0x6E5A,0x5493,0x436F,0x08E6,0x08E7,0x21AC,0x19ED,0x120E,
  0x120E,0x1A0E,0x1A0E,0x1A0E,0x09CE,0x33B5,0x661E,0x55FF,0x561E,0x5DBD,0x4CB9,0x4477,0x3C77,0x4477,0x1AB1,0x11EE,
  0x120E,0x120E,0x1A0E,0x120E,0x1A0E,0x1A0E,0x1A0E,0x1A0E,0x1A0E,0x1A0E,0x1A0E,0x120E,0x1A0E,0x1A0E,0x1A0E,0x120E,
  0x120E,0x120E,0x120E,0x120E,0x120E,0x120E,0x120E,0x120E,0x120E,0x120E,0x120E,0x120E,0x120E,0x120E,0x120E,0x120E,
  0x1A2F,0x1A2F,0x1A2F,0x1A2F,0x1A2F,0x1A2F,0x1A2F,0x1A2F,0x1A2F,0x1A2F,0x1A2F,0x1A2F,0x1A2F,0x1A2F,0x1A2E,0x1A2E,
  0x1A2E,0x1A2F,0x1A0F,0x1A0E,0x220D,0x2A4D,0x21A9,0x0000,0x0000,0x0000,0x0000,0x0000,0x0800,0x99C5,0xEB6B,0x6903,
  0x0000,0x0000,0x0000,0x0A0A,0x1E3D,0x0E5F,0x0E7F,0x0E7F,0x0E5F,0x0E7F,0x069F,0x067F,0x069F,0x065F,0x4F3F,0x8FFF,
  0x9FDF,0x97DF,0x97DF,0x97DF,0x9FDF,0x97DF,0x8FFF,0x97DF,0x97FF,0x473F,0x0E5E,0x4F3E,0x97FF,0x6FBF,0x167E,0x06BF,
  0x0EBF,0x0EBF,0x069F,0x069F,0x067F,0x065E,0x36FE,0x6FDF,0x6F7F,0x87DF,0x54D3,0x0000,0x0001,0x220C,0x222E,0x1A0E,
  0x1A2E,0x1A2F,0x1A2F,0x1A2F,0x120E,0x43F6,0x767F,0x669F,0x6E7F,0x6E7F,0x767F,0x6E9F,0x6E9F,0x767F,0x2B33,0x11EE,
  0x1A2F,0x1A2F,0x1A2F,0x1A2F,0x1A2F,0x1A2F,0x1A2F,0x1A2F,0x1A2F,0x1A2F,0x1A2F,0x1A2F,0x1A2F,0x1A2F,0x1A2F,0x1A2F,
  0x1A2F,0x1A2F,0x1A2F,0x1A2F,0x1A2F,0x1A2F,0x1A2F,0x1A0E,0x1A0E,0x1A2F,0x1A2F,0x1A2F,0x1A2F,0x1A2F,0x1A2F,0x1A2F,
  0x120E,0x120E,0x120E,0x120E,0x120E,0x120E,0x120E,0x120E,0x120E,0x120E,0x120E,0x120E,0x120E,0x1A0E,0x19EE,0x120E,
  0x120E,0x120E,0x11EE,0x19EC,0x1189,0x10C5,0x2905,0x69C6,0x79C4,0x81C5,0x81A6,0x79E6,0x79C6,0x7164,0x6164,0x30A2,
  0x0020,0x1166,0x22CD,0x1413,0x065D,0x065F,0x065F,0x065F,0x065F,0x065F,0x067F,0x065F,0x067F,0x065F,0x1E9E,0x36DD,
  0x3EDD,0x3EDD,0x3EFE,0x46DE,0x46DD,0x46DD,0x46FD,0x46DE,0x46DD,0x1EDE,0x069E,0x26BD,0x471D,0x2EDE,0x069E,0x06BF,
  0x067F,0x069F,0x069F,0x069F,0x069F,0x069F,0x169E,0x26FD,0x471E,0x6F7F,0x65F8,0x4BF0,0x4B6F,0x1967,0x10E7,0x19AC,
  0x122E,0x120F,0x19EF,0x19EF,0x11EE,0x22B1,0x33B4,0x2BB4,0x2BB5,0x2B95,0x2BB5,0x2BB5,0x2BB5,0x2B74,0x1A70,0x11EE,
  0x11EE,0x11EE,0x120E,0x120E,0x120E,0x120E,0x120E,0x120E,0x120E,0x120E,0x120E,0x120E,0x120E,0x120E,0x120E,0x11EE,
  0x11EE,0x11EE,0x11EE,0x120E,0x120E,0x120E,0x120E,0x11EE,0x11EE,0x120E,0x120E,0x120E,0x120E,0x120E,0x120E,0x11EE,
  0x1A0E,0x1A0E,0x1A0E,0x1A0E,0x1A0E,0x1A2F,0x1A2F,0x1A2F,0x1A2F,0x1A2F,0x1A2F,0x1A2F,0x1A2F,0x1A0E,0x1A0F,0x1A0F,
  0x1A0F,0x122E,0x1A0E,0x220D,0x1927,0x0000,0x38A2,0xE3AC,0xF368,0xF328,0xF329,0xFB8A,0xF3CC,0x6144,0x0000,0x0000,
  0x0000,0x12ED,0x36FF,0x1E9F,0x069F,0x06BF,0x069F,0x069F,0x069F,0x069F,0x069F,0x069F,0x069F,0x069F,0x067F,0x065E,
  0x065E,0x065E,0x067E,0x067F,0x067E,0x067E,0x065E,0x065E,0x065E,0x069F,0x06BF,0x069E,0x067E,0x067E,0x06BF,0x069F,
  0x069F,0x069F,0x069F,0x069F,0x069F,0x069F,0x067F,0x063D,0x2EDE,0x679F,0x6F9F,0x8FDF,0x865A,0x0062,0x0000,0x21CB,
  0x226F,0x1A2F,0x1A0F,0x1A0F,0x1A2F,0x120E,0x01CD,0x09CD,0x09AD,0x09AD,0x09CE,0x09CE,0x09CE,0x09CE,0x120E,0x1A2F,
  0x1A0E,0x1A0E,0x1A2F,0x1A0E,0x1A2E,0x1A2E,0x1A2E,0x1A0E,0x1A0E,0x1A0E,0x1A0E,0x1A0E,0x1A0E,0x1A0E,0x1A0E,0x1A0E,
  0x1A0E,0x1A0E,0x1A0E,0x1A0E,0x1A0E,0x1A0E,0x1A0E,0x1A2F,0x1A2F,0x1A2F,0x1A2F,0x1A2F,0x1A0E,0x1A0E,0x1A0E,0x1A0E,
  0x1A0E,0x1A0E,0x1A0E,0x1A0E,0x1A0E,0x1A0E,0x1A0E,0x1A0E,0x1A0E,0x1A0E,0x1A0E,0x1A0E,0x1A0E,0x120E,0x1A0E,0x19EF,
  0x1A0E,0x120E,0x11EE,0x21ED,0x1906,0x0000,0x28A2,0x9A67,0xAA46,0xD245,0xE245,0xB246,0x9AA8,0x4123,0x0000,0x0904,
  0x11C9,0x0BF3,0x0EBE,0x065F,0x067F,0x069F,0x067F,0x067F,0x067F,0x067F,0x067F,0x067F,0x067F,0x067F,0x069F,0x069F,
  0x069F,0x069F,0x069F,0x069F,0x069F,0x069F,0x069F,0x069F,0x069F,0x069F,0x069F,0x069F,0x069F,0x069F,0x069F,0x069F,
  0x069F,0x069F,0x069F,0x069F,0x069F,0x069F,0x069F,0x067F,0x1EDF,0x3F5F,0x4F3E,0x775F,0x765A,0x32CB,0x2209,0x1989,
  0x1969,0x21ED,0x1A0F,0x1A0E,0x1A0E,0x1A0E,0x1A2F,0x1A2F,0x1A2F,0x1A2F,0x1A2F,0x1A2F,0x1A2F,0x1A2F,0x1A0E,0x1A0E,
  0x1A0E,0x1A0E,0x1A0E,0x1A0E,0x1A0E,0x1A0E,0x1A0E,0x1A0E,0x1A0E,0x1A0E,0x1A0E,0x1A0E,0x1A0E,0x1A0E,0x1A0E,0x1A0E,
  0x1A0E,0x1A0E,0x1A0E,0x1A0E,0x1A0E,0x1A0E,0x1A0E,0x1A0E,0x1A0E,0x1A0E,0x1A0E,0x120E,0x1A0E,0x1A0E,0x1A0E,0x1A0E,
  0x1A0E,0x1A0E,0x1A2F,0x1A2F,0x1A2F,0x1A0E,0x1A0E,0x1A0E,0x1A0E,0x1A0E,0x1A0E,0x1A0E,0x1A0E,0x1A2E,0x1A2E,0x1A0F,
  0x1A2F,0x1A2E,0x120E,0x222E,0x1928,0x0000,0x0000,0x0800,0x38A1,0xBA88,0xCA87,0x38A1,0x0820,0x0000,0x0000,0x2B8F,
  0x3EBD,0x167E,0x0E9F,0x0E7F,0x069F,0x067F,0x069F,0x069F,0x069F,0x069F,0x069F,0x069F,0x069F,0x069F,0x069F,0x069F,
  0x069F,0x069F,0x069F,0x069F,0x069F,0x069F,0x069F,0x069F,0x069F,0x069F,0x069F,0x069F,0x069F,0x069F,0x069F,0x069F,
  0x069F,0x069F,0x069F,0x069F,0x069F,0x069F,0x069F,0x069F,0x069F,0x0E7E,0x269D,0x679F,0x7F7E,0x8F9E,0x86BC,0x19A8,
  0x0000,0x21AB,0x222F,0x1A0F,0x1A0E,0x1A0F,0x1A0F,0x1A2F,0x1A2F,0x1A2F,0x1A2F,0x1A2F,0x1A2F,0x1A2F,0x1A2F,0x1A0E,
  0x1A0E,0x1A0E,0x1A0E,0x1A0E,0x1A0E,0x1A0E,0x1A0E,0x1A2F,0x1A2F,0x1A2F,0x1A2F,0x1A0E,0x1A0E,0x1A0E,0x1A0E,0x1A0E,
  0x1A0E,0x1A0E,0x1A0E,0x1A0E,0x1A0E,0x1A0E,0x1A0E,0x1A0E,0x1A0E,0x1A0E,0x1A0E,0x1A0E,0x1A0E,0x1A0E,0x1A0E,0x1A0E,
  0x1A0E,0x1A0E,0x1A0E,0x1A0E,0x1A0E,0x1A0E,0x1A0E,0x1A0E,0x1A0E,0x1A0E,0x1A0E,0x1A0E,0x1A0E,0x1A2E,0x1A0E,0x1A0F,
  0x1A0F,0x122E,0x120E,0x1A0E,0x1149,0x0063,0x0083,0x0063,0x20C4,0x7A07,0x8207,0x1861,0x0000,0x0906,0x09A9,0x1454,
  0x16BF,0x067F,0x069F,0x069F,0x06BF,0x06BF,0x069F,0x069F,0x069F,0x069F,0x069F,0x069F,0x069F,0x069F,0x069F,0x069F,
  0x069F,0x069F,0x069F,0x069F,0x069F,0x069F,0x069F,0x069F,0x069F,0x069F,0x069F,0x069F,0x069F,0x069F,0x069F,0x069F,
  0x069F,0x069F,0x069F,0x069F,0x069F,0x069F,0x069F,0x069F,0x069F,0x069F,0x16BF,0x477F,0x5F7F,0x777F,0x7EBC,0x19E7,
  0x0000,0x19CA,0x1A2F,0x122F,0x122F,0x1A2F,0x1A0E,0x1A2F,0x1A2F,0x1A2F,0x1A2E,0x120E,0x120E,0x120E,0x120E,0x1A0E,
  0x1A0E,0x1A0E,0x1A0E,0x1A0E,0x1A0E,0x1A0E,0x1A0E,0x1A0E,0x1A0E,0x1A0E,0x1A0E,0x1A0E,0x1A0E,0x1A0E,0x1A0E,0x1A0E,
  0x1A0E,0x1A0E,0x1A0E,0x1A0E,0x1A0E,0x1A0E,0x1A0E,0x1A0E,0x1A0E,0x1A0E,0x1A0E,0x1A0E,0x1A0E,0x1A0E,0x1A0E,0x1A0E,
  0x1A2F,0x1A2F,0x1A2F,0x1A2F,0x1A2F,0x1A2F,0x1A2F,0x1A2F,0x1A2F,0x1A2F,0x1A2F,0x1A2F,0x1A2F,0x1A2E,0x1A0F,0x1A0F,
  0x1A0F,0x1A2F,0x122F,0x1A0F,0x19ED,0x21EC,0x21EC,0x21EC,0x1989,0x0021,0x0000,0x0000,0x0021,0x23D2,0x2E3C,0x0E3D,
  0x069E,0x069F,0x069F,0x06BF,0x06DF,0x06BF,0x069F,0x069F,0x069F,0x069F,0x069F,0x069F,0x069F,0x069F,0x069F,0x069F,
  0x069F,0x069F,0x069F,0x069F,0x069F,0x069F,0x069F,0x069F,0x069F,0x069F,0x069F,0x069F,0x069F,0x069F,0x069F,0x069F,
  0x069F,0x069F,0x069F,0x069F,0x069F,0x069F,0x069F,0x069F,0x069F,0x06BF,0x069F,0x0E7E,0x2E7D,0x6F7F,0x76DC,0x19E7,
  0x0000,0x21CB,0x1A4F,0x1A2F,0x1A2F,0x1A2F,0x1A2E,0x1A0E,0x1A0E,0x1A0E,0x1A0E,0x1A2F,0x1A2F,0x1A2F,0x1A2F,0x1A2F,
  0x1A2F,0x1A2F,0x1A2F,0x1A2F,0x1A2F,0x1A2F,0x1A2F,0x1A0E,0x1A0E,0x1A0E,0x1A0E,0x1A2F,0x1A2F,0x1A2F,0x1A2F,0x1A2F,
  0x1A2F,0x1A2F,0x1A2F,0x1A2F,0x1A2F,0x1A2F,0x1A2F,0x1A2F,0x1A2F,0x1A2F,0x1A2F,0x1A2F,0x1A0E,0x1A0E,0x1A0E,0x1A2F,
  0x1A0E,0x1A0E,0x1A0E,0x1A0E,0x1A0E,0x1A0E,0x1A0E,0x1A0E,0x1A0E,0x1A0E,0x1A0E,0x1A0E,0x1A0E,0x1A0E,0x1A0E,0x1A0F,
  0x1A0F,0x122E,0x1A0F,0x1A0F,0x1A0E,0x220E,0x21CD,0x21CB,0x1948,0x0021,0x0000,0x0000,0x0063,0x1474,0x0E7F,0x065E,
  0x067F,0x069F,0x069F,0x069F,0x069F,0x069F,0x069F,0x069F,0x069F,0x069F,0x069F,0x069F,0x069F,0x069F,0x069F,0x069F,
  0x069F,0x069F,0x069F,0x069F,0x069F,0x069F,0x069F,0x069F,0x069F,0x069F,0x069F,0x069F,0x069F,0x069F,0x069F,0x069F,
  0x069F,0x069F,0x069F,0x069F,0x069F,0x069F,0x069F,0x069F,0x069F,0x069F,0x06BF,0x069F,0x169E,0x4F9F,0x56FE,0x0A09,
  0x0001,0x21AA,0x220C,0x19EE,0x1A0F,0x1A0F,0x120E,0x1A0E,0x1A0E,0x1A0E,0x1A0E,0x1A0E,0x1A0E,0x1A0E,0x1A0E,0x1A0E,
  0x1A0E,0x1A0E,0x1A0E,0x1A0E,0x1A0E,0x1A0E,0x1A0E,0x1A0E,0x1A0E,0x1A0E,0x1A0E,0x1A0E,0x1A0E,0x1A0E,0x1A0E,0x1A0E,
  0x1A0E,0x1A0E,0x1A0E,0x1A0E,0x1A0E,0x1A0E,0x1A0E,0x1A0E,0x1A0E,0x1A0E,0x1A0E,0x1A0E,0x1A0E,0x1A0E,0x1A0E,0x1A0E,
  0x1A0E,0x1A0E,0x1A0E,0x1A0E,0x1A0E,0x1A0E,0x1A0E,0x1A0E,0x1A0E,0x1A0E,0x1A0E,0x1A0E,0x1A0E,0x1A0E,0x1A0E,0x1A0E,
  0x120E,0x1A0E,0x1A0F,0x1A0F,0x1A0F,0x1A2E,0x118A,0x0022,0x0022,0x0000,0x0061,0x43F3,0x3D39,0x15FB,0x065F,0x065F,
  0x067F,0x069F,0x069F,0x069F,0x069F,0x067F,0x069F,0x069F,0x069F,0x069F,0x069F,0x069F,0x069F,0x069F,0x069F,0x069F,
  0x069F,0x069F,0x069F,0x069F,0x069F,0x069F,0x069F,0x069F,0x069F,0x069F,0x069F,0x069F,0x069F,0x069F,0x069F,0x069F,
  0x069F,0x069F,0x069F,0x069F,0x069F,0x069F,0x069F,0x069F,0x069F,0x069F,0x069F,0x06BF,0x069E,0x0E9D,0x269D,0x6EDD,
  0x967B,0x2A09,0x0021,0x1169,0x122F,0x120E,0x1A0E,0x120E,0x120E,0x120E,0x120E,0x120E,0x120E,0x120E,0x1A0E,0x120E,
  0x120E,0x1A0E,0x1A0E,0x1A0E,0x1A0E,0x1A0E,0x1A0E,0x1A0E,0x1A0E,0x1A0E,0x1A0E,0x1A0E,0x1A0E,0x120E,0x120E,0x1A0E,
  0x1A0E,0x1A0E,0x1A0E,0x1A0E,0x1A0E,0x1A0E,0x1A0E,0x1A0E,0x1A0E,0x1A0E,0x1A0E,0x1A0E,0x1A0E,0x1A0E,0x1A0E,0x1A0E,
  0x1A2F,0x1A2F,0x1A2F,0x1A2F,0x1A2F,0x1A2F,0x1A2F,0x1A2F,0x1A2F,0x1A2F,0x1A2F,0x1A2F,0x1A2F,0x1A2F,0x1A2F,0x1A2F,
  0x1A2F,0x1A2E,0x1A2E,0x1A2F,0x1A2F,0x1A30,0x19AB,0x0001,0x0000,0x0000,0x0083,0x24D8,0x0E1E,0x065E,0x069F,0x067F,
  0x069F,0x06BF,0x069F,0x069F,0x069F,0x069F,0x069F,0x069F,0x069F,0x069F,0x069F,0x069F,0x069F,0x069F,0x069F,0x069F,
  0x069F,0x069F,0x069F,0x069F,0x069F,0x069F,0x069F,0x069F,0x069F,0x069F,0x069F,0x069F,0x069F,0x069F,0x069F,0x069F,
  0x069F,0x069F,0x069F,0x069F,0x069F,0x069F,0x069F,0x069F,0x069F,0x069F,0x069F,0x069F,0x06BF,0x069F,0x169E,0x5F7F,
  0x8F5E,0x2229,0x0000,0x1947,0x1A2D,0x19ED,0x1A0E,0x1A0E,0x1A0E,0x1A0F,0x1A0E,0x1A0E,0x1A0E,0x1A0E,0x1A0E,0x1A0E,
  0x1A2E,0x1A2E,0x1A2F,0x1A2E,0x1A2E,0x1A2E,0x1A2E,0x1A2E,0x1A2E,0x1A2E,0x1A2E,0x1A2F,0x1A2E,0x1A2E,0x1A0E,0x1A2E,
  0x1A2E,0x1A2E,0x1A2E,0x1A2F,0x1A2F,0x1A2F,0x1A2E,0x1A2E,0x1A2F,0x1A2F,0x1A2F,0x1A2F,0x1A0E,0x1A0E,0x1A0E,0x1A0E,
  0x1A0E,0x1A0E,0x1A0E,0x1A0E,0x1A0E,0x1A0E,0x1A0E,0x1A0E,0x1A0E,0x1A0E,0x1A0E,0x1A0E,0x1A0E,0x1A0E,0x1A0F,0x120E,
  0x1A0E,0x1A0E,0x1A0E,0x1A0E,0x120F,0x1A0F,0x19AB,0x0021,0x0020,0x0000,0x0084,0x24D8,0x0E3F,0x065F,0x067F,0x067F,
  0x067E,0x067E,0x067F,0x067F,0x067F,0x069F,0x069F,0x067F,0x067F,0x069F,0x067F,0x069F,0x069F,0x069F,0x069F,0x067F,
  0x069F,0x069F,0x069F,0x069F,0x069F,0x069F,0x069F,0x069F,0x069F,0x069F,0x067F,0x067F,0x069F,0x069F,0x069F,0x069F,
  0x069F,0x069F,0x069F,0x069F,0x069F,0x069F,0x067F,0x069F,0x069F,0x069F,0x069F,0x069F,0x069F,0x067F,0x167E,0x575F,
  0x7F3D,0x224A,0x0000,0x0862,0x08A4,0x1128,0x19EE,0x11EE,0x19EE,0x19EE,0x120E,0x120E,0x1A0E,0x1A0E,0x1A0E,0x120E,
  0x120E,0x120E,0x120E,0x120E,0x120E,0x120E,0x120E,0x120E,0x120E,0x120E,0x120E,0x120E,0x120E,0x120E,0x120E,0x120E,
  0x120E,0x120E,0x120E,0x120E,0x120E,0x120E,0x120E,0x1A0E,0x1A0E,0x120E,0x1A0E,0x120E,0x120E,0x120E,0x120E,0x120E,
  0x1A2F,0x1A2F,0x1A2F,0x1A2F,0x1A2F,0x1A2F,0x1A2F,0x1A2F,0x1A2F,0x1A2F,0x1A2F,0x1A2F,0x1A2F,0x1A2F,0x1A2F,0x1A2F,
  0x1A2F,0x1A2F,0x1A0F,0x1A0F,0x1A30,0x1A50,0x21CB,0x0022,0x0021,0x0000,0x0085,0x2538,0x0EBF,0x069F,0x069F,0x069F,
  0x069F,0x069F,0x069F,0x069F,0x069F,0x069F,0x069F,0x069F,0x069F,0x069F,0x0E9F,0x069F,0x06BF,0x069E,0x0E9F,0x0E9E,
  0x169E,0x169F,0x169F,0x069F,0x067F,0x069F,0x069F,0x069F,0x069F,0x069F,0x069F,0x069F,0x069F,0x069F,0x069F,0x069F,
  0x069F,0x069F,0x069F,0x069F,0x069F,0x069F,0x069F,0x06BF,0x06BF,0x06BF,0x06BF,0x06BF,0x06BF,0x069F,0x0E9F,0x475F,
  0x777E,0x1A6A,0x0000,0x0020,0x0000,0x10E6,0x222D,0x1A0E,0x220E,0x1A0E,0x1A2F,0x1A2F,0x1A2F,0x1A0E,0x1A0E,0x1A2F,
  0x1A2F,0x1A2F,0x1A2F,0x1A2F,0x1A2F,0x1A2F,0x1A2F,0x1A2F,0x1A2F,0x1A2F,0x1A2F,0x1A2F,0x1A2F,0x1A2F,0x1A2F,0x1A2F,
  0x1A2F,0x1A2F,0x1A2F,0x1A2F,0x1A2F,0x1A2F,0x1A2F,0x1A2F,0x1A2F,0x1A2F,0x1A2F,0x1A2F,0x1A2F,0x1A2F,0x1A2F,0x1A2F,
  0x1A0E,0x1A0E,0x1A0E,0x1A0E,0x1A0E,0x1A0E,0x1A0E,0x1A0E,0x1A0E,0x1A0E,0x1A0E,0x1A0E,0x1A0E,0x1A0E,0x1A0E,0x1A0E,
  0x1A0E,0x1A0E,0x1A0F,0x1A0F,0x1A0F,0x1A2F,0x218B,0x0001,0x00A3,0x2A8D,0x1351,0x1DDB,0x0E9F,0x067F,0x069F,0x069F,
  0x067F,0x067F,0x067F,0x067F,0x067F,0x067F,0x067F,0x069F,0x069F,0x069F,0x067F,0x065F,0x067E,0x0E9E,0x0CF6,0x0B0E,
  0x12ED,0x12AE,0x1372,0x161E,0x067F,0x067F,0x069F,0x069F,0x069F,0x069F,0x069F,0x069F,0x069F,0x069F,0x069F,0x069F,
  0x069F,0x069F,0x069F,0x069F,0x069F,0x069F,0x069F,0x069F,0x069F,0x069F,0x069F,0x069F,0x069F,0x069F,0x069F,0x1EDE,
  0x36BC,0x4516,0x5C72,0x3269,0x0000,0x0862,0x08C5,0x1129,0x1A0D,0x1A0E,0x120E,0x1A0F,0x120F,0x1A0E,0x1A0E,0x1A0E,
  0x1A0E,0x120E,0x120E,0x1A0E,0x1A0E,0x1A0E,0x1A0E,0x1A0E,0x1A0E,0x1A0E,0x1A0E,0x1A0E,0x1A0E,0x1A0E,0x1A0E,0x1A0E,
  0x1A0E,0x1A0E,0x1A0E,0x1A0E,0x1A0E,0x1A0E,0x1A0E,0x1A0E,0x1A0E,0x1A0E,0x1A0E,0x1A0E,0x1A0E,0x1A0E,0x1A0E,0x1A0E,
  0x1A2F,0x1A2F,0x1A2F,0x1A2F,0x1A2F,0x1A2F,0x1A2F,0x1A2F,0x1A2F,0x1A2F,0x1A2F,0x1A2F,0x1A2F,0x1A2F,0x1A2F,0x1A2F,
  0x1A2F,0x1A2F,0x1A2F,0x1A2F,0x222E,0x226F,0x21CC,0x0001,0x0925,0x2C97,0x0D7C,0x0E5F,0x0EBF,0x06BF,0x069F,0x069F,
  0x069F,0x069F,0x069F,0x069F,0x069F,0x069F,0x069F,0x069F,0x069F,0x069F,0x0E7F,0x16BF,0x167E,0x2EDF,0x1370,0x0000,
  0x0000,0x0000,0x0106,0x1DFC,0x06BF,0x069F,0x069F,0x069F,0x069F,0x069F,0x069F,0x069F,0x069F,0x069F,0x069F,0x069F,
  0x069F,0x069F,0x069F,0x069F,0x069F,0x069F,0x069F,0x069F,0x069F,0x069F,0x069F,0x069F,0x069F,0x069F,0x067F,0x065E,
  0x0E5C,0x5F3F,0x9FBF,0x5C11,0x0000,0x0000,0x0000,0x0884,0x2A4D,0x224F,0x1A2F,0x1A2F,0x1A30,0x1A2F,0x1A2F,0x1A2F,
  0x1A2F,0x1A2F,0x1A2F,0x1A2F,0x1A2F,0x1A2F,0x1A2F,0x1A2F,0x1A2F,0x1A2F,0x1A2F,0x1A2F,0x1A2F,0x1A2F,0x1A2F,0x1A2F,
  0x1A2F,0x1A2F,0x1A2F,0x1A2F,0x1A2F,0x1A2F,0x1A2F,0x1A2F,0x1A2F,0x1A2F,0x1A2F,0x1A0F,0x1A0F,0x1A0F,0x1A0F,0x1A0F,
  0x120E,0x120E,0x120E,0x120E,0x120E,0x1A0E,0x1A0E,0x1A0E,0x1A0E,0x1A0E,0x19EE,0x19EE,0x1A0E,0x19EE,0x120E,0x120E,
  0x1A0E,0x1A0E,0x1A0F,0x1A0F,0x19AC,0x1148,0x1106,0x0000,0x0946,0x251A,0x05FE,0x067F,0x067F,0x069F,0x067F,0x067F,
  0x067F,0x067F,0x067F,0x067F,0x067F,0x067F,0x067F,0x067F,0x067F,0x0E5D,0x1496,0x13B1,0x13B1,0x23B1,0x2370,0x1B2F,
  0x136F,0x134E,0x13D2,0x163D,0x06BF,0x069F,0x067F,0x067F,0x069F,0x069F,0x069F,0x069F,0x067F,0x067F,0x067F,0x069F,
  0x069F,0x069F,0x067F,0x069F,0x069F,0x069F,0x069F,0x069F,0x069F,0x069F,0x069F,0x069F,0x069F,0x067F,0x067F,0x067F,
  0x067E,0x3F1F,0x7F5F,0x4BF0,0x0000,0x4207,0x8C51,0x6B6E,0x2168,0x116A,0x1A0E,0x1A0F,0x120F,0x120F,0x1A0E,0x1A0E,
  0x120E,0x120E,0x120E,0x120E,0x120E,0x120E,0x120E,0x120E,0x120E,0x120E,0x120E,0x11EE,0x120E,0x120E,0x120E,0x120E,
  0x120E,0x120E,0x120E,0x120E,0x120E,0x120E,0x120E,0x11EE,0x11EE,0x11EE,0x11EE,0x11EE,0x11EE,0x11EE,0x11EE,0x11EE,
  0x1A2F,0x1A2F,0x1A2F,0x1A2F,0x1A2F,0x1A2F,0x1A2F,0x1A2F,0x1A2F,0x1A2F,0x1A0F,0x1A0F,0x1A0F,0x1A0E,0x1A2F,0x1A2F,
  0x1A2E,0x1A0E,0x1A0F,0x224F,0x1149,0x0001,0x0000,0x0000,0x0166,0x2DFC,0x0EDF,0x06BF,0x06BF,0x06BF,0x069F,0x069F,
  0x069F,0x069F,0x069F,0x069F,0x069F,0x069F,0x069F,0x069F,0x069F,0x265C,0x09EB,0x0000,0x0000,0x0000,0x1AEE,0x2EBE,
  0x1EBE,0x1EBF,0x16BF,0x069F,0x069F,0x069F,0x069F,0x069F,0x069F,0x069F,0x069F,0x069F,0x069F,0x069F,0x069F,0x069F,
  0x069F,0x069F,0x069F,0x069F,0x069F,0x069F,0x069F,0x069F,0x069F,0x069F,0x069F,0x069F,0x069F,0x069F,0x069F,0x067F,
  0x0E7E,0x3F3F,0x7FBF,0x4C11,0x0000,0x8410,0xFFFF,0xC618,0x0001,0x0002,0x220D,0x224F,0x1A2F,0x1A2F,0x1A2F,0x1A2F,
  0x1A2F,0x1A2F,0x1A2F,0x1A2F,0x1A2F,0x1A2F,0x1A2F,0x1A2F,0x1A2F,0x1A2F,0x1A2F,0x1A2F,0x1A2F,0x1A2F,0x1A2F,0x1A2F,
  0x1A2F,0x1A2F,0x1A2F,0x1A2F,0x1A2F,0x1A2F,0x1A2F,0x1A2F,0x1A2F,0x1A2F,0x1A2F,0x1A2F,0x1A2F,0x1A2F,0x1A2F,0x1A2F,
  0x1A0E,0x1A0E,0x1A0E,0x1A0E,0x1A0E,0x120E,0x19EE,0x19EE,0x19EE,0x1A0E,0x1A0E,0x1A0E,0x1A0E,0x1A0E,0x1A0E,0x120E,
  0x1A0E,0x19EE,0x11EE,0x1A0E,0x1128,0x0000,0x0062,0x0967,0x028D,0x261D,0x069F,0x069F,0x069F,0x069F,0x069F,0x069F,
  0x069F,0x069F,0x067F,0x067F,0x067F,0x069F,0x067F,0x067F,0x067F,0x165C,0x0B50,0x01C8,0x0209,0x01C8,0x0C12,0x065D,
  0x067E,0x069E,0x069F,0x069F,0x069F,0x067F,0x067F,0x067F,0x067F,0x067F,0x067F,0x067F,0x067F,0x067F,0x067F,0x067F,
  0x067F,0x067F,0x067F,0x067F,0x067F,0x067F,0x067F,0x067F,0x067F,0x067F,0x067F,0x067F,0x067F,0x067F,0x067F,0x067E,
  0x065E,0x2EDE,0x5F1E,0x43F0,0x0000,0x738E,0xFFDF,0xC638,0x62EB,0x52AB,0x29EA,0x21CC,0x19ED,0x1A0E,0x1A0F,0x120E,
  0x120E,0x120E,0x120E,0x120E,0x11EE,0x11EE,0x11EE,0x120E,0x120E,0x120E,0x120E,0x120E,0x120E,0x120E,0x120E,0x120E,
  0x120E,0x120E,0x120E,0x120E,0x120E,0x120E,0x120E,0x19EE,0x19EE,0x19EE,0x19EE,0x19EE,0x19EE,0x19EE,0x19EE,0x19EE,
  0x1A2F,0x1A2F,0x1A0E,0x1A0E,0x1A0E,0x1A0E,0x1A0E,0x1A0F,0x1A0F,0x1A0E,0x1A2E,0x1A2E,0x1A2F,0x1A0E,0x1A0E,0x120F,
  0x1A0E,0x1A0E,0x120F,0x1A2E,0x1927,0x0000,0x0946,0x2CB8,0x0D3B,0x167F,0x069F,0x069F,0x069F,0x069F,0x069F,0x069F,
  0x069F,0x069F,0x069F,0x069F,0x069F,0x069F,0x069F,0x067F,0x069F,0x067E,0x0E5D,0x165C,0x165C,0x0E3C,0x0E5D,0x067F,
  0x067F,0x069F,0x069F,0x06BF,0x069F,0x069F,0x069F,0x069F,0x069F,0x069F,0x0EBF,0x069F,0x069F,0x06BF,0x069F,0x069F,
  0x069F,0x069F,0x069F,0x069F,0x069F,0x069F,0x069F,0x069F,0x069F,0x069F,0x069F,0x069F,0x069F,0x069F,0x069F,0x06BF,
  0x069F,0x1EDF,0x4F1E,0x3BD0,0x0000,0x7BCF,0xFFFF,0xFFFF,0xFFFF,0xE71C,0x2125,0x0001,0x19CB,0x226F,0x1A30,0x1A0F,
  0x1A0F,0x1A0F,0x1A0F,0x1A0F,0x1A0F,0x1A0F,0x1A0F,0x1A0E,0x1A0E,0x1A0E,0x1A0E,0x1A0E,0x1A0E,0x1A0E,0x1A2E,0x1A0E,
  0x1A0E,0x1A0E,0x1A0E,0x1A2F,0x1A2F,0x1A0E,0x1A0E,0x1A0E,0x1A0E,0x1A0E,0x1A0E,0x1A0F,0x1A0F,0x1A0E,0x1A0E,0x1A0E,
  0x1A0E,0x1A0E,0x1A0E,0x1A0E,0x1A0E,0x1A0E,0x1A0E,0x1A0E,0x1A0E,0x1A0F,0x1A0F,0x1A0F,0x1A0F,0x1A0E,0x1A0E,0x120F,
  0x1A0E,0x1A0E,0x11EE,0x1A0E,0x1927,0x0000,0x0927,0x249A,0x051D,0x0E5F,0x069F,0x069F,0x06BF,0x069F,0x069F,0x069F,
  0x069F,0x069F,0x069F,0x069F,0x069F,0x069F,0x069F,0x069F,0x067F,0x065F,0x067F,0x067F,0x065F,0x065F,0x065F,0x067F,
  0x067F,0x067F,0x067F,0x069F,0x069F,0x069E,0x06BF,0x069F,0x0E9F,0x161C,0x1599,0x0E1C,0x0E9F,0x06BF,0x069F,0x069F,
  0x069F,0x067F,0x069F,0x069F,0x069F,0x067F,0x067F,0x067F,0x067F,0x067F,0x067F,0x069F,0x067F,0x067F,0x069F,0x069F,
  0x06BF,0x16DF,0x3EFF,0x3473,0x0945,0x6C0F,0xD699,0xE6FC,0xFFFF,0xE73C,0x5269,0x2945,0x21CA,0x19EC,0x1A0E,0x1A0E,
  0x1A0E,0x1A0E,0x120E,0x1A0F,0x1A0F,0x1A0E,0x1A0E,0x1A0E,0x1A0E,0x1A0E,0x1A0E,0x1A0E,0x1A0E,0x1A0E,0x1A0E,0x1A0E,
  0x1A0E,0x1A0E,0x1A0E,0x1A0E,0x1A0E,0x1A0E,0x1A0E,0x1A0E,0x1A0E,0x1A0E,0x1A0E,0x1A0E,0x1A0E,0x1A0E,0x1A0E,0x1A0E,
  0x1A2F,0x1A0E,0x1A0E,0x1A0E,0x1A2F,0x1A0F,0x1A0E,0x1A0E,0x1A0E,0x1A0F,0x1A10,0x1A10,0x1A0F,0x122F,0x1A0E,0x1A0E,
  0x1A0E,0x1A0E,0x19EE,0x1A2E,0x1148,0x0000,0x0927,0x1CBA,0x053C,0x0E5F,0x069F,0x069F,0x06BF,0x069F,0x069F,0x06BF,
  0x06BF,0x069F,0x069F,0x069F,0x06BF,0x069F,0x069F,0x06BF,0x069F,0x067F,0x067F,0x067F,0x067F,0x065F,0x067F,0x069F,
  0x067F,0x065F,0x067F,0x069F,0x069E,0x069F,0x06BF,0x069F,0x1EBE,0x1BD0,0x00A3,0x13B1,0x1EBF,0x069F,0x069F,0x069F,
  0x069F,0x067F,0x069F,0x069F,0x06BF,0x069F,0x067F,0x067F,0x069E,0x069F,0x069F,0x069F,0x069F,0x06BF,0x069F,0x069F,
  0x06BF,0x06BF,0x0E9E,0x46DE,0x873D,0x6472,0x1082,0x6B4D,0xFFFF,0xFFDE,0xEF5D,0xDEDB,0x2987,0x0001,0x1969,0x220E,
  0x1A0D,0x1A0D,0x120E,0x19EF,0x19EF,0x1A0E,0x122D,0x1A0E,0x1A0E,0x1A0E,0x1A0E,0x1A0E,0x1A0E,0x1A0E,0x1A0E,0x1A0E,
  0x1A0E,0x1A0E,0x1A0E,0x1A0E,0x1A0E,0x1A0E,0x1A0E,0x1A0E,0x1A0E,0x1A0E,0x1A0E,0x1A0E,0x1A0E,0x1A0E,0x1A0E,0x1A0E,
  0x1A2F,0x1A0E,0x1A0E,0x1A0E,0x1A0E,0x1A2F,0x1A2F,0x1A2E,0x1A2E,0x1A2F,0x1A0F,0x1A0F,0x1A2E,0x1A2E,0x1A0E,0x1A0E,
  0x1A0E,0x1A0F,0x1A0E,0x222E,0x1947,0x0000,0x0927,0x1CBA,0x053B,0x0E5F,0x069F,0x069F,0x06BF,0x06BF,0x069F,0x06BE,
  0x06BE,0x06BF,0x069F,0x167E,0x1E3B,0x163C,0x0E9E,0x06BF,0x069F,0x069F,0x069F,0x069F,0x069F,0x067F,0x067F,0x069F,
  0x069F,0x069F,0x069F,0x069F,0x069F,0x067F,0x069F,0x069F,0x1EBF,0x232F,0x0000,0x1B2F,0x269F,0x067F,0x067F,0x067F,
  0x069F,0x06BF,0x067F,0x067E,0x0E3B,0x15FB,0x15FB,0x1DDB,0x161B,0x15FB,0x161C,0x0E7F,0x06BF,0x06BF,0x069F,0x06BF,
  0x06BF,0x06BF,0x0E7E,0x473F,0x97FF,0x5C92,0x0000,0x52AA,0xFFFF,0xFFFF,0xFFFF,0xF79E,0x52AB,0x1905,0x29A8,0x19CB,
  0x19EC,0x1A0E,0x1A0E,0x1A0E,0x1A0F,0x1A2E,0x1A0E,0x1A0F,0x1A0F,0x1A0F,0x1A0F,0x1A0F,0x1A0F,0x1A0F,0x1A0F,0x1A0E,
  0x1A0E,0x1A0E,0x1A0E,0x1A0E,0x1A0E,0x1A2F,0x1A2F,0x1A0E,0x1A0E,0x1A0E,0x1A0E,0x1A0E,0x1A0E,0x1A2F,0x1A2F,0x1A0E,
  0x1A0E,0x1A0E,0x120E,0x120E,0x1A0E,0x120E,0x120E,0x1A0E,0x1A0E,0x1A0E,0x1A0E,0x1A0E,0x1A0E,0x1A2E,0x1A2E,0x1A0E,
  0x120F,0x122F,0x120E,0x1A2E,0x1148,0x0000,0x0127,0x1CBA,0x053C,0x0E5F,0x067F,0x069F,0x069F,0x069F,0x069F,0x069F,
  0x069F,0x069F,0x0EBF,0x1D7A,0x0987,0x0A6A,0x0E1C,0x0EBF,0x069F,0x069F,0x069F,0x069F,0x069F,0x069F,0x067F,0x067F,
  0x069F,0x069F,0x069F,0x067F,0x067F,0x067F,0x067F,0x069F,0x169E,0x232F,0x0000,0x1B2E,0x1E9F,0x067F,0x067F,0x069F,
  0x069F,0x069F,0x067F,0x165E,0x0B0E,0x0926,0x0967,0x0967,0x0967,0x0925,0x1330,0x1E5F,0x069F,0x06BF,0x069F,0x06BF,
  0x06BF,0x06BF,0x0E7E,0x471E,0x8FDF,0x5C72,0x0000,0x52CA,0xFFFF,0xFFFF,0xFFDF,0xFFDF,0xE71C,0xD6BB,0x426A,0x0042,
  0x1949,0x21ED,0x19EE,0x120E,0x120E,0x1A0E,0x1A0E,0x1A0E,0x120E,0x120E,0x120E,0x120E,0x120E,0x120E,0x120E,0x120E,
  0x120E,0x120E,0x120E,0x120E,0x1A0E,0x1A0E,0x1A0E,0x120E,0x120E,0x120E,0x120E,0x120E,0x1A0E,0x1A0E,0x1A0E,0x1A0E,
  0x1A2F,0x1A2F,0x1A2F,0x1A2F,0x1A2F,0x1A2F,0x1A2F,0x1A2F,0x1A2F,0x1A2F,0x1A2F,0x1A2F,0x1A2F,0x1A2F,0x224E,0x224E,
  0x224E,0x224E,0x224E,0x2A4D,0x1968,0x0000,0x0928,0x1CBA,0x053C,0x0E5F,0x069F,0x069F,0x069F,0x069F,0x069F,0x06BF,
  0x069F,0x0E7E,0x269E,0x34F7,0x0000,0x0105,0x15DC,0x0EBF,0x06BF,0x06BF,0x069F,0x069F,0x069F,0x069F,0x069F,0x069F,
  0x069F,0x069F,0x067F,0x067F,0x069F,0x069F,0x0E7F,0x165D,0x3E7D,0x230F,0x0001,0x132E,0x1E9E,0x067E,0x069F,0x069F,
  0x069F,0x0E7F,0x1E3E,0x365C,0x0A09,0x0000,0x0000,0x0000,0x0000,0x0000,0x0A6B,0x367D,0x169E,0x0EBE,0x069F,0x06BF,
  0x06BF,0x06BF,0x0E7E,0x471E,0x8FDF,0x5C93,0x0000,0x52CA,0xFFFF,0xFFFF,0xFFFF,0xFFFF,0xFFFF,0xFFFF,0x52AA,0x0000,
  0x1927,0x2A0C,0x19ED,0x1A2E,0x122E,0x1A0F,0x1A0F,0x1A0F,0x1A0F,0x1A0F,0x1A0F,0x1A0F,0x1A0F,0x1A0F,0x1A0F,0x1A0E,
  0x1A0E,0x1A0E,0x1A0E,0x1A0E,0x1A0E,0x1A0E,0x1A0E,0x1A0E,0x1A0E,0x1A2F,0x1A2F,0x1A2F,0x1A0E,0x1A0E,0x1A0E,0x1A0E,
  0x120E,0x120E,0x120E,0x120E,0x120E,0x1A0E,0x19EE,0x1A0F,0x1A0F,0x120E,0x120E,0x1A0F,0x1A2F,0x1A0D,0x0907,0x10E6,
  0x10E6,0x10C5,0x10E5,0x10E5,0x0883,0x0000,0x0127,0x1499,0x051B,0x065F,0x067F,0x069F,0x069F,0x067F,0x067F,0x067F,
  0x0E9F,0x14D6,0x122B,0x19C9,0x0800,0x0927,0x1DDC,0x0EBF,0x069F,0x069F,0x069F,0x069F,0x069F,0x069F,0x069F,0x067F,
  0x067F,0x067F,0x067F,0x067F,0x069E,0x067E,0x165E,0x13D2,0x1A6A,0x236F,0x1C12,0x1517,0x0E5E,0x065E,0x067E,0x067E,
  0x067E,0x163C,0x0AEE,0x1A6B,0x1BF2,0x1C54,0x1473,0x1473,0x1C54,0x1C75,0x13F2,0x126B,0x134F,0x161D,0x0E9F,0x069F,
  0x069F,0x069F,0x065E,0x3EFE,0x8FDF,0x5C92,0x0000,0x52AA,0xFFFF,0xFFFF,0xFFFF,0xFFFF,0xFFFF,0xF7BE,0x52AA,0x0000,
  0x0863,0x08A5,0x1149,0x1A0D,0x120E,0x11EE,0x19EE,0x120E,0x120E,0x120E,0x120E,0x120E,0x120E,0x11EE,0x11EE,0x120E,
  0x120E,0x120E,0x120E,0x120E,0x120E,0x120E,0x120E,0x120E,0x120E,0x120E,0x120E,0x120E,0x120E,0x120E,0x120E,0x120E,
  0x1A2F,0x1A2F,0x1A2F,0x1A2F,0x1A2F,0x1A0F,0x1A0F,0x1A2F,0x1A0F,0x222E,0x224E,0x222E,0x224E,0x220D,0x0002,0x0000,
  0x0000,0x0000,0x0000,0x0000,0x0000,0x0000,0x0128,0x1CBA,0x053C,0x0E7F,0x069F,0x06BF,0x06BF,0x069F,0x069F,0x069F,
  0x16BF,0x1412,0x0000,0x0000,0x0000,0x0126,0x15FC,0x0EDF,0x06BF,0x06BF,0x06BF,0x06BF,0x06BF,0x06BF,0x06BF,0x06BF,
  0x069F,0x1E9E,0x1E9E,0x1EBE,0x1E9E,0x169D,0x365C,0x1209,0x0000,0x1BB0,0x26FF,0x0E9F,0x067F,0x067F,0x06BF,0x06BF,
  0x067F,0x161B,0x0127,0x0023,0x2537,0x1F1F,0x26DE,0x3EDF,0x2EBF,0x271F,0x1CB6,0x0000,0x0126,0x15FC,0x0EBF,0x069F,
  0x06BF,0x06BF,0x067E,0x3EFE,0x8FDF,0x5C92,0x0000,0x52AA,0xFFFF,0xFFFF,0xFFFF,0xFFFF,0xFFFF,0xFFDE,0x528A,0x0000,
  0x0000,0x0000,0x08C6,0x222E,0x1A2F,0x1A2F,0x1A2E,0x1A2F,0x1A2F,0x1A2F,0x1A2F,0x1A2F,0x1A2F,0x1A2F,0x1A2F,0x1A2F,
  0x1A2F,0x1A2F,0x1A2F,0x1A2F,0x1A2F,0x1A2F,0x1A2F,0x1A2F,0x1A2F,0x1A2F,0x1A2F,0x1A2F,0x1A2F,0x1A2F,0x1A2F,0x1A2F,
  0x120E,0x120E,0x120E,0x120E,0x120E,0x120E,0x120E,0x19EE,0x1A0E,0x19AB,0x0907,0x1107,0x10E6,0x2188,0x7C31,0x94B2,
  0x94B3,0x94B3,0x9492,0x9CF3,0x5B0C,0x0000,0x0969,0x1CDB,0x053C,0x0E5F,0x067F,0x069F,0x069F,0x069F,0x067F,0x067F,
  0x0E9E,0x13F2,0x0000,0x0965,0x134E,0x13F3,0x063D,0x069F,0x069F,0x069F,0x069F,0x069F,0x069F,0x069F,0x067F,0x0EBF,
  0x159A,0x1350,0x132E,0x134F,0x130F,0x132F,0x1B0D,0x2B4E,0x12ED,0x14D7,0x0E7F,0x067F,0x069F,0x069F,0x067F,0x069F,
  0x067F,0x163D,0x0BF3,0x0B72,0x15BB,0x0EDF,0x1CB6,0x1A8D,0x1475,0x1EDF,0x159A,0x0B70,0x0C13,0x163D,0x0E9F,0x067F,
  0x069F,0x069F,0x065E,0x3EFE,0x8FBF,0x5C92,0x0000,0x52AA,0xFFFF,0xFFFF,0xFFFF,0xFFFF,0xFFFF,0xFFFF,0xB5B6,0x9492,
  0x4208,0x0020,0x10E6,0x1A0D,0x120F,0x120F,0x120E,0x120E,0x120E,0x120E,0x120E,0x120E,0x120E,0x120E,0x11EE,0x120E,
  0x120E,0x120E,0x120E,0x120E,0x120E,0x120E,0x120E,0x120E,0x120E,0x120E,0x120E,0x120E,0x120E,0x120E,0x120E,0x120E,
  0x1A2F,0x1A2F,0x1A0F,0x1A2F,0x1A2F,0x1A2E,0x1A2E,0x222E,0x2A4E,0x1148,0x0000,0x0000,0x0000,0x10A3,0xE71C,0xFFFF,
  0xFFFF,0xFFFF,0xFFFF,0xFFFF,0xA534,0x0000,0x0989,0x1CDB,0x055D,0x0E9F,0x069F,0x06BF,0x069F,0x069F,0x069F,0x067F,
  0x0E9E,0x1BF2,0x0000,0x126B,0x267D,0x169F,0x069F,0x069F,0x069F,0x069F,0x06BF,0x06BF,0x06BF,0x06BF,0x067F,0x16FF,
  0x1CF6,0x0022,0x0000,0x0000,0x0000,0x0000,0x0000,0x2CD5,0x26BE,0x0E7F,0x069F,0x06BE,0x06BE,0x069F,0x0E7F,0x069F,
  0x069E,0x069E,0x0EBF,0x169F,0x067F,0x1EBF,0x1B0E,0x0000,0x0B0D,0x1EBE,0x0E9F,0x16DF,0x16BF,0x069F,0x0EBF,0x069F,
  0x06BF,0x069F,0x065E,0x3EFE,0x8FDF,0x5C93,0x0000,0x52AA,0xFFFF,0xFFFF,0xFFFF,0xFFFF,0xFFDF,0xFFFF,0xFFFF,0xFFFF,
  0x738E,0x0000,0x08A5,0x2A4D,0x1A2F,0x1A2F,0x1A2F,0x1A2F,0x1A2F,0x1A2F,0x1A2F,0x1A2F,0x1A2F,0x1A2F,0x1A2F,0x1A2F,
  0x1A2F,0x1A2F,0x1A2F,0x1A2F,0x1A2F,0x1A2F,0x1A2F,0x1A2F,0x1A2F,0x1A2F,0x1A2F,0x1A2F,0x1A2F,0x1A2F,0x1A2F,0x1A2F,
  0x1A0E,0x120E,0x11EE,0x19EE,0x19EE,0x114A,0x1108,0x1128,0x10E6,0x31E9,0x73CF,0x73CF,0x73CE,0x840F,0xEF3C,0xFFFF,
  0xF7FF,0xFFFF,0xFFBE,0xFFFF,0x9CF4,0x0000,0x0969,0x14DB,0x055D,0x0E7F,0x069F,0x069F,0x069F,0x069F,0x067F,0x067F,
  0x0E9E,0x13F1,0x0000,0x126B,0x163D,0x067F,0x067F,0x069F,0x069F,0x06BF,0x069F,0x069F,0x069F,0x069F,0x069F,0x0EBF,
  0x1DD9,0x136F,0x232F,0x1B4E,0x1B2D,0x1B2E,0x12EF,0x257A,0x069E,0x069F,0x067F,0x067F,0x069F,0x067F,0x067F,0x069F,
  0x069F,0x067F,0x067F,0x067F,0x067F,0x16BE,0x1B0D,0x0000,0x0AEC,0x1E9E,0x069F,0x069F,0x067F,0x069F,0x069F,0x06BF,
  0x069F,0x069F,0x067D,0x1EBD,0x4F3F,0x4432,0x0000,0x52AA,0xFFFF,0xFFFF,0xFFFF,0xFFFF,0xFFFF,0xFFFF,0xFFDF,0xFFFF,
  0xB575,0x738E,0x52CC,0x1107,0x116A,0x1A0E,0x120E,0x120F,0x120F,0x120F,0x11EE,0x19EE,0x19EE,0x1A0E,0x120E,0x11EE,
  0x19EE,0x120E,0x120E,0x120E,0x11EE,0x11EE,0x120E,0x1A0E,0x1A0E,0x120E,0x120E,0x120E,0x120E,0x120E,0x120E,0x120E,
  0x1A2E,0x1A2F,0x1A2F,0x224E,0x224E,0x0064,0x0000,0x0000,0x0000,0x4A49,0xFFFF,0xFFFF,0xFFFF,0xFFFF,0xFFFF,0xFFFF,
  0xFFFF,0xFFFF,0xFFDF,0xFFFF,0x9D14,0x0000,0x0989,0x1D1B,0x057D,0x0E7F,0x06BF,0x069F,0x069F,0x06BF,0x06DF,0x0E9F,
  0x169F,0x1BF1,0x0000,0x0A6B,0x167D,0x06BF,0x06BF,0x06BF,0x069F,0x06BF,0x06BF,0x06BF,0x06BF,0x0EDF,0x0EBF,0x069F,
  0x0EBF,0x269F,0x269F,0x26BE,0x1EBE,0x1EBF,0x1EBE,0x0E9E,0x06BF,0x069F,0x069F,0x069F,0x06BF,0x069F,0x06BF,0x069F,
  0x069F,0x069F,0x069F,0x06BF,0x069F,0x16DE,0x1B2E,0x0000,0x0AED,0x169E,0x069F,0x06BF,0x069F,0x06BF,0x06BF,0x06BF,
  0x069F,0x069F,0x06BE,0x06BE,0x16DF,0x23F1,0x0000,0x52AA,0xFFFF,0xFFFF,0xFFFF,0xFFFF,0xFFFF,0xFFFF,0xFFFF,0xFFFF,
  0xFFFF,0xFFFF,0xA535,0x0002,0x00C6,0x222D,0x1A2E,0x1A4F,0x222F,0x222F,0x222F,0x1A2E,0x1A0E,0x1A2F,0x1A2F,0x1A0F,
  0x1A0F,0x1A0F,0x1A0F,0x1A0F,0x1A0F,0x1A0F,0x120F,0x1A0E,0x1A0E,0x1A0E,0x1A0E,0x1A2E,0x1A0E,0x1A2E,0x1A0E,0x1A2F,
  0x11EE,0x120E,0x120D,0x19EB,0x19A9,0x3208,0x4A68,0x4248,0x39E7,0x7BEF,0xFFFF,0xFFDF,0xFFDF,0xFFDF,0xFFFF,0xFFFF,
  0xFFFF,0xFFFF,0xE79E,0xE7BF,0x8CD4,0x0000,0x0949,0x1CDA,0x055D,0x0E7F,0x069F,0x069F,0x069F,0x069F,0x069F,0x065F,
  0x169F,0x1495,0x0188,0x0B71,0x0E5E,0x069F,0x069F,0x069F,0x069F,0x069F,0x067F,0x0E5E,0x157A,0x14B5,0x1599,0x067E,
  0x069F,0x069F,0x067F,0x069F,0x067F,0x069F,0x06BF,0x069F,0x069F,0x069F,0x069F,0x069F,0x069E,0x069E,0x069F,0x067F,
  0x067F,0x069E,0x069E,0x069F,0x067F,0x169E,0x1AEE,0x0000,0x0AED,0x1E9E,0x067E,0x069F,0x069F,0x069F,0x069F,0x067F,
  0x067F,0x069F,0x069F,0x069E,0x16BF,0x23F1,0x0000,0x52AA,0xFFFF,0xFFFF,0xFFFF,0xFFFF,0xFFFF,0xFFFF,0xFFFF,0xFFFF,
  0xFFDF,0xFFFF,0xA534,0x0021,0x00A4,0x1989,0x19AA,0x19AB,0x21AA,0x21AA,0x19AB,0x19ED,0x120E,0x120E,0x120E,0x11EE,
  0x11EE,0x11EE,0x11EE,0x11ED,0x120D,0x120D,0x120D,0x11EE,0x11EE,0x11EE,0x11EE,0x11EE,0x19EE,0x19EE,0x1A0E,0x1A0E,
  0x1A0F,0x222F,0x2A0D,0x00A5,0x0000,0xA534,0xFFDE,0xF79E,0xF79E,0xF7BE,0xFFFF,0xFFFF,0xFFFF,0xFFFF,0xFFFF,0xFFFF,
  0xFFFF,0xFFFF,0xC6FD,0xB6DE,0x7431,0x0000,0x0948,0x1CBA,0x055C,0x0E7F,0x06BF,0x06BF,0x06BF,0x069F,0x069F,0x069F,
  0x069F,0x0E9E,0x0E7C,0x0E5E,0x069F,0x069F,0x067F,0x069F,0x069F,0x06BF,0x067F,0x265E,0x1330,0x0042,0x136F,0x1E7D,
  0x069F,0x06BF,0x06BF,0x06DF,0x06BF,0x06BF,0x06BF,0x069F,0x067F,0x069F,0x06BF,0x06BF,0x069F,0x06BF,0x069F,0x067F,
  0x067F,0x069F,0x069F,0x06BF,0x06BF,0x1EDF,0x1B2D,0x0000,0x0ACD,0x1E9E,0x069F,0x06BF,0x06BF,0x06BF,0x06BF,0x069F,
  0x069F,0x069F,0x067F,0x067E,0x2EDF,0x2C11,0x0000,0x52AA,0xFFFF,0xFFFF,0xFFFF,0xFFFF,0xFFFF,0xFFFF,0xFFFF,0xFFFF,
  0xFFDF,0xFFFF,0xA514,0x0000,0x0000,0x0022,0x0022,0x0001,0x0000,0x0000,0x0002,0x118A,0x1A2E,0x120E,0x1A0E,0x1A0E,
  0x1A0E,0x1A0E,0x1A0E,0x1A0E,0x1A0E,0x1A0E,0x1A0E,0x1A0F,0x1A0F,0x120F,0x1A0F,0x1A0F,0x1A0F,0x1A0F,0x1A2F,0x1A2F,
  0x21CC,0x21CC,0x29EB,0x31A9,0x3165,0xC5F8,0xFFFF,0xFFFF,0xFFFF,0xFFFF,0xFFFF,0xFFFF,0xFFFF,0xFFFF,0xFFFF,0xFFFF,
  0xFFFF,0xF7FF,0xBEDD,0xAEBE,0x6C12,0x0000,0x0948,0x1C99,0x051C,0x0E5F,0x069F,0x069F,0x069F,0x067F,0x067F,0x069F,
  0x069F,0x069F,0x06BF,0x069F,0x069F,0x069F,0x069F,0x069F,0x069F,0x06BF,0x067F,0x1E5D,0x12CD,0x0000,0x1B0E,0x1E5D,
  0x067F,0x069F,0x069F,0x06BE,0x069F,0x069F,0x069F,0x069F,0x069F,0x069F,0x069F,0x0E7F,0x0E7F,0x069F,0x069F,0x069F,
  0x069F,0x067F,0x069F,0x069E,0x1DBA,0x3557,0x232D,0x0904,0x0B91,0x169F,0x067F,0x069F,0x06BF,0x06BF,0x06BF,0x069F,
  0x069F,0x069F,0x067F,0x069F,0x26BF,0x23F2,0x0000,0x5ACB,0xFFFF,0xFFFF,0xFFFF,0xFFFF,0xFFFF,0xFFFF,0xFFFF,0xFFFF,
  0xFFFF,0xFFFF,0xB596,0x3186,0x2124,0x0020,0x0041,0x2966,0x3165,0x3145,0x2966,0x29C9,0x21CB,0x21CA,0x21CA,0x21CA,
  0x21CA,0x21CB,0x19CB,0x19CC,0x19ED,0x19EE,0x1A0F,0x1A0F,0x1A0F,0x1A0E,0x1A0E,0x1A0F,0x1A0E,0x1A0E,0x1A0F,0x1A0F,
  0x0022,0x0022,0x0083,0xB5B7,0xEF7D,0xFFBE,0xFFFF,0xFFFF,0xFFFF,0xFFFF,0xFFFF,0xFFFF,0xFFFF,0xFFFF,0xFFFF,0xFFFF,
  0xFFFF,0xFFFF,0xBEFD,0xA6DE,0x6C12,0x0000,0x0927,0x1C79,0x04FB,0x163F,0x0E9F,0x067F,0x069F,0x069F,0x069F,0x069F,
  0x06BF,0x06BF,0x06BE,0x069F,0x069F,0x069F,0x06BF,0x069F,0x069F,0x069F,0x067F,0x1E7D,0x12EE,0x0000,0x1B0E,0x1E5D,
  0x065E,0x069F,0x069F,0x069F,0x067F,0x069F,0x069F,0x069F,0x069F,0x069F,0x069F,0x069F,0x067F,0x067F,0x067F,0x069F,
  0x069F,0x067F,0x067F,0x1E7D,0x0AAC,0x0082,0x134E,0x361A,0x161C,0x06BF,0x06BF,0x069F,0x069F,0x069F,0x069F,0x069F,
  0x067F,0x067E,0x067E,0x067F,0x1EBF,0x23D2,0x0000,0x52AA,0xFFFF,0xFFFF,0xFFFF,0xFFFF,0xFFFF,0xFFFF,0xFFFF,0xFFFF,
  0xFFFF,0xFFFF,0xF79D,0xF77D,0xAD75,0x0000,0x1082,0xE75D,0xEF7D,0xEF3C,0xEF3D,0x4A6A,0x0000,0x0021,0x0021,0x0020,
  0x0020,0x0021,0x0021,0x0085,0x19EC,0x1A0E,0x11EF,0x1A2F,0x1A2F,0x1A2F,0x1A2F,0x1A2F,0x1A2F,0x122F,0x120F,0x1A2F,
  0x1081,0x1082,0x18E3,0xC659,0xFFFF,0xFFFF,0xFFFF,0xFFFF,0xFFFF,0xFFFF,0xFFFF,0xFFFF,0xFFFF,0xFFFF,0xFFFF,0xFFFF,
  0xFFFF,0xFFFF,0xBEFD,0xA6DF,0x6C12,0x0000,0x0947,0x1C99,0x04FB,0x161F,0x0E5F,0x0E7F,0x069F,0x06BF,0x06BF,0x06DF,
  0x06DF,0x06BF,0x06BF,0x06BF,0x06BF,0x06BF,0x069F,0x069F,0x069F,0x069F,0x069F,0x1E7D,0x12CE,0x0000,0x1B0E,0x165D,
  0x065F,0x069F,0x069F,0x069F,0x067F,0x069F,0x069F,0x069F,0x069F,0x069F,0x06BF,0x06BF,0x069F,0x069F,0x069F,0x069F,
  0x06BF,0x069F,0x067E,0x1E5C,0x1209,0x0000,0x0B2E,0x1EFF,0x0E7F,0x069F,0x06BF,0x069F,0x069F,0x06BF,0x06BF,0x069F,
  0x067F,0x069F,0x069E,0x161C,0x35DA,0x33B1,0x0861,0x632C,0xFFFF,0xFFFF,0xFFFF,0xFFFF,0xFFFF,0xFFFF,0xFFFF,0xFFFF,
  0xFFFF,0xFFFF,0xFFFF,0xFFFF,0xC617,0x1082,0x2104,0xDF1D,0xEF5D,0xFFDF,0xFFFF,0x62EB,0x1061,0x10A2,0x1081,0x1082,
  0x1082,0x1082,0x1082,0x10C4,0x29CA,0x29EC,0x21ED,0x21ED,0x21ED,0x21ED,0x21ED,0x220D,0x19ED,0x19ED,0x1A0E,0x1A2F,
  0xDEDA,0xDEDA,0xDEFB,0xF79E,0xFFFF,0xFFFF,0xFFFF,0xFFFF,0xFFFF,0xFFFF,0xFFFF,0xFFFF,0xFFFF,0xFFFF,0xFFFF,0xFFFF,
  0xFFFF,0xFFFF,0xC71D,0xA6DE,0x6C12,0x0000,0x0947,0x2499,0x04BB,0x053C,0x057C,0x063F,0x069F,0x067F,0x067F,0x069F,
  0x069F,0x067F,0x069F,0x069F,0x069F,0x069F,0x069F,0x067F,0x069F,0x069F,0x067E,0x167D,0x12EE,0x0000,0x1B0F,0x167D,
  0x067F,0x067F,0x067F,0x069F,0x069F,0x069F,0x069F,0x067F,0x067F,0x069F,0x069F,0x069F,0x069F,0x069F,0x069F,0x069F,
  0x069F,0x067F,0x065E,0x1E3C,0x0A2A,0x0000,0x0B2F,0x0EDF,0x065F,0x067F,0x069F,0x067F,0x067F,0x069F,0x069F,0x067F,
  0x067F,0x069F,0x167E,0x1BD1,0x0083,0x63AF,0xD6BA,0xE71C,0xFFFF,0xFFFF,0xFFFF,0xFFFF,0xFFFF,0xFFFF,0xFFFF,0xFFFF,
  0xFFFF,0xFFFF,0xFFFF,0xFFDF,0xEF7E,0xDEDB,0xCE59,0x18C3,0x2104,0xCE79,0xFFFF,0xE71C,0xDEDB,0xDEFB,0xDEFB,0xDEFB,
  0xDEFB,0xDEDB,0xDEFB,0xC638,0x18E4,0x0022,0x0064,0x0043,0x0023,0x0043,0x0043,0x0043,0x0044,0x0024,0x08C6,0x21ED,
  0xFFFF,0xFFFF,0xFFFF,0xFFFF,0xFFFF,0xFFFF,0xFFFF,0xFFFF,0xFFFF,0xFFFF,0xFFFF,0xFFFF,0xFFFF,0xFFFF,0xFFFF,0xFFFF,
  0xFFFF,0xFFFF,0xC71C,0xB6DD,0x7411,0x0000,0x0927,0x34B9,0x1C9A,0x0CDB,0x053C,0x0E5F,0x069F,0x069E,0x069F,0x069F,
  0x069F,0x067F,0x06BF,0x06BF,0x069F,0x069F,0x069F,0x0E9F,0x0E9F,0x0E7F,0x165E,0x2E5D,0x1ACF,0x0000,0x1310,0x167E,
  0x069F,0x067F,0x069F,0x06DF,0x069F,0x069F,0x069F,0x069F,0x069F,0x069F,0x069F,0x069F,0x06BF,0x069F,0x067F,0x069F,
  0x06BF,0x067E,0x163D,0x361B,0x11E9,0x0000,0x032F,0x0EDF,0x067E,0x069F,0x06BF,0x069F,0x069F,0x069F,0x069F,0x069F,
  0x06BF,0x069F,0x2E7F,0x234F,0x0000,0x7BF0,0xFFFF,0xFFFF,0xFFFF,0xFFFF,0xFFFF,0xFFFF,0xFFFF,0xFFFF,0xFFFF,0xFFFF,
  0xFFFF,0xFFFF,0xFFFF,0xFFFF,0xFFFF,0xFFFF,0xF75D,0x0000,0x0000,0xCE39,0xFFFF,0xFFFF,0xFFFF,0xFFFF,0xFFFF,0xFFFF,
  0xFFFF,0xFFFF,0xFFFF,0xEF5D,0x10A3,0x0000,0x0000,0x0000,0x0000,0x0000,0x0000,0x0000,0x0000,0x0000,0x0884,0x2A0C,
  0xFFFF,0xFFFF,0xFFFF,0xFFFF,0xFFFF,0xFFFF,0xFFFF,0xFFFF,0xFFFF,0xFFFF,0xFFFF,0xFFFF,0xFFFF,0xFFFF,0xFFFF,0xFFFF,
  0xFFFF,0xFFFF,0xEFBF,0xE7BF,0xC6BB,0x9556,0x74B4,0x19A9,0x0A2C,0x1C78,0x051D,0x0E1F,0x067F,0x069E,0x067F,0x069E,
  0x067F,0x067F,0x067F,0x067F,0x065F,0x065F,0x065F,0x069F,0x069F,0x0E7D,0x13D1,0x0A2B,0x2371,0x34B5,0x1D79,0x0E9D,
  0x069F,0x065F,0x067F,0x069F,0x067F,0x067F,0x067F,0x067F,0x067F,0x067F,0x067F,0x067F,0x067F,0x069F,0x069E,0x069E,
  0x06BE,0x0E1D,0x0AEF,0x0A4A,0x2BF2,0x2C94,0x1579,0x067E,0x065E,0x067F,0x069F,0x069F,0x067F,0x067F,0x067F,0x069F,
  0x069F,0x069F,0x269E,0x236F,0x0000,0x39C7,0x7C0E,0x7BCE,0x7BAE,0x7BAF,0x73CE,0x73CE,0x738D,0x7BAE,0xD6FB,0xFFFF,
  0xFFDF,0xFFDF,0xFFDF,0xFFDF,0xF7DF,0xF7DF,0xE73C,0x0000,0x0020,0xCE59,0xFFFF,0xFFDF,0xFFDF,0xFFFF,0xFFFF,0xFFFF,
  0xFFDF,0xFFFF,0xFFFF,0xF7BE,0xCE59,0xC638,0xC638,0xC639,0xBE19,0xBE18,0xBDF7,0xC639,0x7C10,0x0000,0x0021,0x10C4,
  0xFFFF,0xFFFF,0xFFFF,0xFFFF,0xFFFF,0xFFFF,0xFFFF,0xFFFF,0xFFFF,0xFFFF,0xFFFF,0xFFFF,0xFFFF,0xFFFF,0xFFFF,0xFFFF,
  0xFFFF,0xFFFF,0xFFFF,0xFFFF,0xD79E,0xAF1E,0x8D77,0x0800,0x00E4,0x2477,0x053D,0x0E3F,0x0E9F,0x069F,0x069F,0x069F,
  0x069F,0x06BE,0x069F,0x0E9F,0x26BE,0x26BF,0x1EBE,0x1EDF,0x1EDF,0x36BD,0x126B,0x0000,0x1390,0x26DF,0x0EDE,0x06DE,
  0x06BF,0x0E7F,0x069F,0x069F,0x067F,0x069F,0x069F,0x069F,0x069F,0x069F,0x06BF,0x069F,0x06BF,0x06BF,0x06BF,0x0E9F,
  0x26DF,0x3E5D,0x0927,0x0042,0x24F7,0x1EDF,0x0E9E,0x069F,0x069F,0x069F,0x069F,0x069F,0x069F,0x069F,0x069F,0x06BF,
  0x06DF,0x06DF,0x1EDE,0x1B6F,0x0000,0x0000,0x0000,0x0000,0x0000,0x0000,0x0000,0x0000,0x0000,0x0000,0xC638,0xFFFF,
  0xFFFF,0xFFFF,0xFFFF,0xFFFF,0xFFFF,0xFFFF,0xF79E,0x0000,0x0820,0xCE79,0xFFFF,0xFFFF,0xFFFF,0xFFFF,0xFFFF,0xFFFF,
  0xFFFF,0xFFFF,0xFFFF,0xFFFF,0xFFFF,0xFFFF,0xFFFF,0xFFFF,0xFFFF,0xFFFF,0xFFFF,0xFFFF,0xBDD7,0x0000,0x0000,0x0000,
  0xFFFF,0xFFFF,0xFFFF,0xFFFF,0xFFFF,0xFFFF,0xFFFF,0xFFFF,0xFFFF,0xFFFF,0xFFFF,0xFFFF,0xFFFF,0xFFFF,0xFFFF,0xFFFF,
  0xFFFF,0xFFDF,0xFFDF,0xFFFF,0xD77E,0xA6BD,0x8D37,0x1041,0x0905,0x2478,0x053C,0x0D9D,0x0DBE,0x063F,0x069F,0x069F,
  0x067F,0x069E,0x069E,0x15BA,0x1B4E,0x232E,0x230F,0x2310,0x232F,0x232F,0x2B70,0x1B91,0x0D38,0x06BF,0x06BF,0x06BF,
  0x069F,0x067F,0x069F,0x069F,0x069F,0x069F,0x067F,0x069F,0x067F,0x067F,0x069F,0x067F,0x067E,0x067F,0x067F,0x1E1C,
  0x13B1,0x22CD,0x0883,0x00A3,0x1D37,0x0EDF,0x067F,0x069F,0x069F,0x067F,0x067F,0x067F,0x067F,0x069F,0x069F,0x069F,
  0x069F,0x067F,0x1E9E,0x1B6E,0x0000,0x2A08,0x5432,0x4C11,0x4C11,0x4C11,0x4BF1,0x4BF1,0x4410,0x4BEF,0x6C30,0x8450,
  0x8C50,0x8450,0x8C31,0x8430,0x8410,0x8C10,0x7B8E,0x0000,0x0820,0xCE79,0xFFFF,0xFFFF,0xFFFF,0xFFFF,0xFFFF,0xFFFF,
  0xFFFF,0xFFFF,0xFFFF,0xFFFF,0xFFDE,0xFFDF,0xFFDF,0xFFDE,0xAD96,0x8411,0x9451,0x9451,0x62CB,0x0000,0x1106,0x32CF,
  0xFFFF,0xFFFF,0xFFFF,0xFFFF,0xFFFF,0xFFFF,0xFFFF,0xFFFF,0xFFFF,0xFFFF,0xFFFF,0xFFFF,0xFFFF,0xFFFF,0xFFFF,0xFFFF,
  0xFFFF,0xFFFF,0xFFFF,0xFFFF,0xD77E,0xAEDE,0x8D57,0x0000,0x00A4,0x2CB8,0x0D7D,0x053C,0x051C,0x063F,0x06BF,0x069F,
  0x069F,0x069E,0x0EBF,0x14F7,0x0001,0x0000,0x0000,0x0000,0x0000,0x0000,0x2495,0x26BF,0x0E9F,0x06BF,0x069F,0x069F,
  0x069F,0x069F,0x069F,0x06BF,0x06BF,0x069F,0x069F,0x069F,0x069F,0x069F,0x06BF,0x067F,0x0E5F,0x0E7F,0x169F,0x35DA,
  0x00C4,0x0000,0x0000,0x0082,0x1D37,0x0EFF,0x06BF,0x06BF,0x069F,0x069F,0x069F,0x069F,0x069F,0x069F,0x069F,0x069F,
  0x0E9F,0x0E9F,0x36BF,0x234F,0x0000,0x4BAE,0x9FBF,0x8F9F,0x87BF,0x87BF,0x87BF,0x7F7F,0x777F,0x871E,0x0187,0x0000,
  0x0000,0x0000,0x0000,0x0000,0x0000,0x0000,0x0000,0x0000,0x0841,0xCE79,0xFFFF,0xFFFF,0xFFDF,0xFFFF,0xFFDF,0xFFFF,
  0xFFFF,0xFFFF,0xFFFF,0xFFFF,0xFFDF,0xFFFF,0xFFFF,0xFFFF,0x632C,0x0000,0x0000,0x0000,0x0000,0x0000,0x1189,0x5D3B,
  0xFFFF,0xFFFF,0xFFFF,0xFFFF,0xFFFF,0xFFFF,0xFFFF,0xFFFF,0xFFFF,0xFFFF,0xFFFF,0xFFFF,0xFFFF,0xF7FF,0xD75D,0xCF5E,
  0xCF5E,0xCF5E,0xC75D,0xC77E,0xBF1E,0xAEDE,0x95FA,0x4AAC,0x3ACD,0x22EF,0x0B53,0x14DB,0x053D,0x061E,0x0E9F,0x0E7F,
  0x0E7F,0x067F,0x0E7F,0x159A,0x130E,0x1A8C,0x1AAB,0x1AAC,0x1A8B,0x1AAD,0x1D59,0x0E7F,0x069F,0x067F,0x067F,0x067F,
  0x069F,0x067F,0x067F,0x067F,0x069F,0x067F,0x067F,0x067F,0x067E,0x069F,0x067F,0x067F,0x065E,0x0DBB,0x1433,0x234F,
  0x0083,0x0040,0x1A49,0x1B2F,0x159B,0x06BF,0x069F,0x069F,0x069F,0x069F,0x067F,0x067F,0x067F,0x067F,0x067F,0x067E,
  0x163E,0x1476,0x2391,0x2B91,0x1AAD,0x34F6,0x4F1E,0x4EFE,0x46FE,0x471E,0x471E,0x46FE,0x5F3E,0x771E,0x3C11,0x3AAB,
  0x3AAB,0x3ACC,0x3ACC,0x430C,0x2A48,0x0020,0x0020,0x0000,0x0841,0xCE59,0xFFFF,0xFFDE,0xFFFF,0xFFFF,0xFFFF,0xFFFF,
  0xFFFF,0xFFFF,0xFFDF,0xFFDE,0xFFFF,0xF79E,0xA514,0x8C51,0x39C6,0x0000,0x2168,0x2A2D,0x222D,0x220C,0x3332,0x4CFC,
  0xFFFF,0xFFFF,0xFFFF,0xFFFF,0xFFFF,0xFFFF,0xFFFF,0xFFFF,0xFFFF,0xFFFF,0xFFFF,0xFFFF,0xFFFF,0xEFDF,0xAE9B,0x9E5C,
  0x967D,0x967C,0x9E7C,0x9E9D,0x9E9D,0xA6BD,0xA6BD,0xB6DF,0x9E1A,0x0083,0x0085,0x1C58,0x055D,0x0E1E,0x0EBF,0x069E,
  0x069F,0x069F,0x067F,0x0E7F,0x167E,0x1E7D,0x1E7D,0x1E7D,0x1E5E,0x1E5F,0x0E7F,0x069F,0x06BF,0x067F,0x069F,0x069F,
  0x069F,0x069F,0x069F,0x069F,0x069F,0x069F,0x06BF,0x06BF,0x069F,0x06BF,0x069F,0x069F,0x16BF,0x1CF6,0x0082,0x0000,
  0x0000,0x0020,0x3516,0x26BF,0x067F,0x069F,0x067F,0x069F,0x069F,0x069F,0x069F,0x069F,0x069F,0x069F,0x069F,0x06BF,
  0x1E3D,0x0209,0x0000,0x2C12,0x2E7F,0x165F,0x0E7E,0x0E7E,0x0E7F,0x0E7E,0x0E7D,0x165C,0x573F,0x777F,0x7F7E,0x873F,
  0x875F,0x7F7F,0x875E,0x97BF,0x6555,0x0000,0x0000,0x0000,0x0000,0xD69A,0xFFFF,0xFFFF,0xFFFF,0xFFFF,0xFFFF,0xFFFF,
  0xFFFF,0xFFFF,0xFFFF,0xFFFF,0xFFFF,0xEF9E,0x2146,0x0000,0x0000,0x0000,0x4330,0x655D,0x553D,0x5D3D,0x553D,0x4D3E,
  0xE7BF,0xC6BC,0xC69B,0xEFBF,0xFFFF,0xFFFF,0xFFFF,0xFFFF,0xFFFF,0xFFFF,0xFFFF,0xFFFF,0xFFFF,0xF7DF,0xC6DD,0xB6BD,
  0xAEDE,0xB6DD,0xBEDE,0xBEDD,0xBEDD,0xBEFD,0xBEFE,0xA6DE,0x95D9,0x1083,0x0083,0x2437,0x0D3D,0x05BD,0x0E3E,0x067E,
  0x069F,0x067F,0x067E,0x067F,0x067F,0x067F,0x067F,0x067F,0x067F,0x067F,0x067F,0x067E,0x069F,0x067F,0x067F,0x069F,
  0x069F,0x069F,0x069F,0x069F,0x069F,0x069F,0x069F,0x069F,0x067F,0x067F,0x065F,0x1D9B,0x2C75,0x23D1,0x122A,0x11E8,
  0x09C8,0x09EB,0x1D79,0x067E,0x067F,0x069F,0x069F,0x069F,0x069F,0x069F,0x069F,0x069F,0x069F,0x067F,0x067F,0x069F,
  0x1E3D,0x0A2A,0x0000,0x2C13,0x0E7F,0x067F,0x069F,0x069F,0x069F,0x067F,0x067F,0x0E7E,0x2EFE,0x3F1E,0x3F1E,0x3EFE,
  0x3EFE,0x3F1E,0x56FE,0x6F7F,0x55D8,0x1A2A,0x226A,0x2269,0x2228,0x9514,0xB5D7,0xB596,0xAD75,0xDEBA,0xFFFF,0xFFDF,
  0xFFFF,0xEF5D,0xBDD6,0xBDD7,0xBE18,0xB5D8,0x3A2A,0x1927,0x1169,0x1128,0x3353,0x44FD,0x3CDD,0x44DD,0x44FE,0x44FE,
  0xAEDE,0x43F4,0x2AF1,0xC6FD,0xFFFF,0xFFFF,0xFFFF,0xFFFF,0xFFFF,0xFFFF,0xFFFF,0xFFFF,0xFFFF,0xFFFF,0xF7FF,0xF7FF,
  0xF7FF,0xF7FF,0xFFFF,0xFFFF,0xF7FF,0xF7FF,0xDFBF,0xAEDD,0x9DD9,0x1062,0x0043,0x2436,0x0D3D,0x04FC,0x051C,0x05DE,
  0x069F,0x069F,0x069F,0x069F,0x069F,0x069F,0x067F,0x067F,0x069F,0x069F,0x067F,0x067F,0x069F,0x069F,0x069F,0x067F,
  0x069F,0x06BF,0x06BF,0x06BF,0x069F,0x069F,0x069F,0x06BF,0x06BF,0x069F,0x169F,0x1BB2,0x0000,0x09C8,0x361B,0x263C,
  0x1E3C,0x1E3D,0x165E,0x067E,0x067F,0x069F,0x069F,0x067F,0x069F,0x06BF,0x069F,0x069F,0x06BF,0x069F,0x069F,0x069F,
  0x1E3D,0x020A,0x0000,0x2C53,0x16BF,0x06BE,0x06BF,0x069F,0x069F,0x067F,0x067F,0x069F,0x067E,0x065D,0x067D,0x065E,
  0x065E,0x0E5D,0x2EBE,0x5F7F,0x775F,0x7F3E,0x7F3E,0x875E,0x9F1C,0x19C7,0x0000,0x0000,0x0000,0x736D,0xFFFF,0xFFDE,
  0xFFFF,0xBDD7,0x0000,0x0000,0x0000,0x0863,0x5BF4,0x653C,0x54FB,0x54FC,0x4CFC,0x451D,0x451E,0x44FE,0x451E,0x451E,
  0xAEFE,0x4457,0x2B74,0xAEBD,0xE79F,0xDF7E,0xDF7E,0xEF9F,0xFFFF,0xFFFF,0xFFFF,0xFFFF,0xFFFF,0xFFFF,0xFFFF,0xFFFF,
  0xFFFF,0xFFFF,0xFFFF,0xFFFF,0xFFFF,0xFFFF,0xEF9E,0xB6BC,0x9DF9,0x1926,0x00C5,0x2BB3,0x2478,0x149A,0x04DC,0x0D9E,
  0x0E7F,0x067F,0x069F,0x069F,0x06BF,0x069F,0x069F,0x069F,0x069F,0x069F,0x069F,0x069F,0x069F,0x069F,0x069F,0x067F,
  0x069F,0x069F,0x069F,0x069F,0x069F,0x069F,0x0E9E,0x1E3C,0x25FB,0x25DB,0x35FB,0x23B0,0x00A3,0x126C,0x1E5D,0x067F,
  0x069F,0x067E,0x067F,0x067F,0x067F,0x069F,0x069F,0x067F,0x161D,0x2599,0x1DBA,0x0E7E,0x069F,0x069F,0x069F,0x06BF,
  0x167E,0x02CE,0x00A4,0x1CB5,0x16DF,0x06BF,0x069F,0x069F,0x069F,0x069F,0x069F,0x069F,0x069E,0x067F,0x067F,0x069F,
  0x069F,0x069E,0x1EDF,0x4F7F,0x575F,0x575F,0x577F,0x5F5F,0x773E,0x22CD,0x08E4,0x1124,0x0882,0x6BAE,0xF7BE,0xDF3C,
  0xEF7D,0xAD76,0x10C4,0x00A4,0x0084,0x08E6,0x4417,0x4D3E,0x451D,0x451D,0x451D,0x451D,0x451D,0x451E,0x451E,0x451E,
  0xB71F,0x9E9E,0x969E,0x5497,0x3BB4,0x43D4,0x3312,0x8538,0xF7FF,0xFFFF,0xFFFF,0xFFFF,0xFFFF,0xFFFF,0xFFFF,0xFFFF,
  0xFFFF,0xFFFF,0xFFFF,0xFFFF,0xFFFF,0xFFFF,0xFFFF,0xF7DF,0xD77E,0x8DB9,0x8598,0x1988,0x0085,0x1B75,0x14DC,0x04DC,
  0x051B,0x05DD,0x069F,0x069F,0x069F,0x06BF,0x069F,0x069F,0x069F,0x069F,0x069F,0x069F,0x069F,0x069F,0x069F,0x069E,
  0x069E,0x069F,0x067F,0x067F,0x069E,0x067F,0x1E7D,0x0ACD,0x00E4,0x0105,0x00C3,0x1B0D,0x35B9,0x15FB,0x0E7E,0x069F,
  0x06BE,0x069F,0x069F,0x069F,0x069F,0x067F,0x067F,0x0E7F,0x1455,0x0083,0x02CC,0x1E5D,0x067F,0x069F,0x069F,0x069F,
  0x0E9F,0x1E1C,0x1DDA,0x165D,0x069F,0x06BF,0x06BF,0x069F,0x069F,0x069E,0x067F,0x069F,0x069F,0x067F,0x067F,0x069F,
  0x069F,0x069F,0x0EBF,0x169E,0x169E,0x169E,0x169E,0x169E,0x265C,0x667C,0x769B,0x767B,0x867B,0x4B6E,0x10A3,0x20E4,
  0x18E4,0x31C9,0x6497,0x54B8,0x54B9,0x54B9,0x4D1C,0x4D1D,0x4D1D,0x4D1D,0x4D1E,0x451E,0x451E,0x451E,0x451E,0x451E,
  0xAEFE,0xAEDE,0xA6DF,0x4458,0x1B35,0x2376,0x12D3,0x6CF8,0xE7DF,0xEFBF,0xEFDF,0xF7FF,0xFFFF,0xFFFF,0xFFFF,0xFFFF,
  0xFFFF,0xFFFF,0xFFFF,0xFFFF,0xFFFF,0xFFFF,0xFFFF,0xFFFF,0xE7BF,0xA67C,0x9E5C,0x29C8,0x08A4,0x2371,0x1CB9,0x0CBB,
  0x04DB,0x0D9D,0x0E7E,0x067F,0x067F,0x069F,0x069F,0x069F,0x069F,0x069F,0x06BF,0x069F,0x069F,0x069F,0x0E7F,0x1E3C,
  0x1E3B,0x163C,0x1DFD,0x1E1C,0x1DFB,0x1DFB,0x35DB,0x1A6C,0x0084,0x08C4,0x0082,0x132F,0x269F,0x06BF,0x069F,0x069F,
  0x069F,0x067F,0x0E9F,0x069F,0x06BF,0x069E,0x0E3D,0x1DFB,0x2412,0x0083,0x0ACC,0x1E5D,0x067F,0x069F,0x069F,0x069F,
  0x06BF,0x06BF,0x06DF,0x06BF,0x069F,0x06BF,0x06BF,0x069F,0x069F,0x069E,0x069E,0x0E7E,0x163D,0x1E3D,0x165F,0x0E9F,
  0x06BF,0x069F,0x069F,0x069F,0x069F,0x069F,0x069F,0x069F,0x0E5E,0x573F,0x677F,0x675F,0x877F,0x43AF,0x0082,0x0882,
  0x0000,0x1147,0x5CDB,0x451E,0x455E,0x4D5E,0x4D1E,0x4D1E,0x4D1E,0x4D3E,0x4D3E,0x4D1E,0x451E,0x453E,0x451E,0x451E,
  0xA6DE,0xA6BD,0xA6BE,0x4C78,0x2355,0x2376,0x2376,0x33B6,0x4434,0x6CF6,0xB6DD,0xCEFC,0xF7DF,0xFFDF,0xFFFF,0xFFFF,
  0xFFFF,0xFFFF,0xFFFF,0xFFFF,0xFFFF,0xFFFF,0xFFFF,0xFFFF,0xF7FF,0xE7BF,0xDF9F,0xA5F9,0x95D8,0x3B0D,0x0107,0x0B54,
  0x151D,0x04FD,0x053C,0x059D,0x067F,0x067F,0x069F,0x067F,0x069F,0x069F,0x069F,0x069F,0x069F,0x169F,0x0C95,0x0188,
  0x0986,0x0167,0x0147,0x0166,0x0166,0x0967,0x0927,0x3434,0x2D79,0x2578,0x1D57,0x1DDB,0x0E7F,0x069F,0x069F,0x069F,
  0x069F,0x067F,0x069F,0x06BF,0x067F,0x0E9E,0x13D2,0x0105,0x132E,0x2D38,0x15B9,0x067E,0x069F,0x067F,0x067F,0x067F,
  0x069F,0x069F,0x069F,0x06BF,0x06DF,0x06BF,0x069F,0x06BF,0x067F,0x067E,0x069F,0x163D,0x02AD,0x01C9,0x255A,0x0EBF,
  0x069F,0x069F,0x069F,0x069F,0x069F,0x069F,0x067F,0x067F,0x067E,0x165E,0x1E5D,0x573F,0x773F,0x767B,0x863A,0x6451,
  0x0020,0x1946,0x54DA,0x44FD,0x44FD,0x4D1E,0x4D1E,0x4D1E,0x4D1E,0x4D1E,0x451E,0x451E,0x451E,0x451E,0x451E,0x451D,
  0xB71F,0xAEDE,0xA6DE,0x4436,0x1B13,0x2396,0x2396,0x2376,0x1B54,0x4476,0xA6BE,0xBF3E,0xFFFF,0xFFFF,0xFFFF,0xFFFF,
  0xFFFF,0xFFFF,0xFFFF,0xFFFF,0xFFFF,0xFFFF,0xFFFF,0xFFFF,0xFFFF,0xFFFF,0xFFFF,0xC6DD,0xBEDD,0x428B,0x0000,0x12AE,
  0x1CDA,0x049B,0x04BB,0x053C,0x0E7F,0x0E7F,0x0E7F,0x067F,0x069F,0x06BF,0x06BF,0x06BF,0x069F,0x16BF,0x0BF2,0x0002,
  0x0000,0x0020,0x0000,0x0020,0x0020,0x0020,0x0000,0x24F6,0x16DF,0x06BE,0x06DF,0x06BF,0x069F,0x069F,0x06BF,0x06BF,
  0x06BE,0x069F,0x069E,0x069E,0x165E,0x369F,0x2B0E,0x0000,0x0ACC,0x1E9F,0x069F,0x069F,0x069F,0x069F,0x069F,0x069F,
  0x069F,0x069F,0x06BF,0x069F,0x069F,0x0E7D,0x161B,0x165D,0x0E9E,0x067E,0x069F,0x25FC,0x0966,0x0041,0x2517,0x0EBF,
  0x069F,0x069F,0x069F,0x06BF,0x06BF,0x069F,0x069F,0x069F,0x069F,0x067F,0x065E,0x4F3F,0x6F7F,0x677F,0x87DF,0x6536,
  0x0021,0x1967,0x64FA,0x4CFD,0x4D1D,0x4D3E,0x4D3E,0x4D3E,0x4D3E,0x4D3E,0x4D3E,0x4D3E,0x4D3E,0x4D3E,0x4D3E,0x4D3E,
  0x3A8C,0x8DDA,0x9EFF,0x7DDB,0x759B,0x3C16,0x1B34,0x4478,0x6DBC,0x655A,0x4C97,0x5497,0x5C97,0x7CD7,0xE77E,0xF7FF,
  0xFFFF,0xFFFF,0xFFFF,0xFFFF,0xFFFF,0xFFFF,0xFFFF,0xFFFF,0xFFFF,0xFFFF,0xFFFF,0xEF7E,0xE77E,0x9577,0x5BD1,0x2A4A,
  0x0967,0x0AF1,0x149B,0x04DC,0x055D,0x0D5C,0x05BD,0x05DE,0x065F,0x069F,0x069F,0x06BF,0x069F,0x0E9F,0x0DDB,0x1496,
  0x1475,0x1C95,0x1CB5,0x14B4,0x1C95,0x1C95,0x14B5,0x161C,0x069F,0x06BE,0x06BF,0x067F,0x069F,0x069F,0x069F,0x067F,
  0x067F,0x065F,0x065E,0x163D,0x1371,0x11E9,0x1105,0x0020,0x0ACC,0x1E5E,0x067F,0x067F,0x065F,0x067F,0x06BF,0x06BF,
  0x069F,0x069F,0x069F,0x067F,0x0E9F,0x1495,0x0166,0x132E,0x1E1C,0x065E,0x067F,0x25DB,0x0987,0x0062,0x24F7,0x0E9F,
  0x067F,0x067F,0x069F,0x069E,0x069E,0x067E,0x067F,0x067F,0x067F,0x067F,0x069E,0x1E9E,0x269E,0x1E9D,0x267D,0x4DFA,
  0x5D36,0x5451,0x1969,0x1A0D,0x4CBA,0x4D1D,0x44FD,0x451D,0x44FD,0x44FD,0x44FD,0x44FD,0x44FD,0x44FD,0x44FD,0x451D,
  0x0041,0x8578,0xA71F,0xA6DF,0xB75F,0x4C97,0x1315,0x54FA,0x9EFF,0x75BC,0x1B53,0x1B53,0x1314,0x3B72,0xDF7F,0xFFFF,
  0xFFFF,0xFFFF,0xFFFF,0xFFFF,0xFFFF,0xFFFF,0xFFFF,0xFFFF,0xFFFF,0xFFFF,0xFFFF,0xFFFF,0xF7FF,0xBF3E,0xA65D,0x3A08,
  0x0000,0x11EB,0x24DA,0x0CBB,0x04BB,0x051C,0x059D,0x05BD,0x0E5F,0x06BF,0x06BF,0x06BF,0x06BF,0x069F,0x06BF,0x0EDF,
  0x16BF,0x16BF,0x0EDF,0x0EDF,0x0EDF,0x16BF,0x0EBF,0x0E9F,0x069F,0x06BF,0x06BF,0x0E9F,0x069F,0x06BF,0x069F,0x0E9F,
  0x16BF,0x169F,0x169E,0x369D,0x11E9,0x0000,0x0000,0x0000,0x028C,0x1E7E,0x069E,0x06BF,0x06BF,0x06BF,0x06BE,0x06BF,
  0x069F,0x0E9F,0x06BF,0x069F,0x16BF,0x1BB3,0x0000,0x11C8,0x261C,0x067E,0x065E,0x2DBB,0x09A7,0x0062,0x24F7,0x0EBF,
  0x069F,0x069F,0x06BF,0x06BF,0x069F,0x069F,0x067F,0x069F,0x069F,0x069F,0x06BF,0x067F,0x067F,0x067F,0x063E,0x36DE,
  0x87DF,0x5DB8,0x0000,0x0883,0x64FA,0x5D7F,0x4D1D,0x4D1E,0x4D1E,0x451E,0x451E,0x4D1E,0x4D1E,0x4D1E,0x4D1E,0x4D3E,
  0x10A3,0x8D98,0xAEFF,0xA6BE,0xAF1F,0x4478,0x1334,0x4CD9,0x8EBE,0x7E1C,0x54D7,0x4C98,0x33D6,0x43F5,0x85BB,0x95DA,
  0xDF3E,0xFFFF,0xFFFF,0xFFFF,0xFFFF,0xFFFF,0xFFFF,0xFFFF,0xFFFF,0xFFFF,0xFFFF,0xFFFF,0xF7FF,0xB71D,0x961B,0x6432,
  0x3ACE,0x32CE,0x124C,0x0B12,0x049A,0x04FC,0x055D,0x057D,0x0DBE,0x0DFE,0x065F,0x069F,0x069F,0x067E,0x067E,0x069E,
  0x067F,0x067F,0x069F,0x069F,0x069F,0x069F,0x069F,0x069F,0x069F,0x069F,0x069F,0x069F,0x067F,0x069F,0x06BF,0x161D,
  0x1413,0x1BD0,0x1BB0,0x23AF,0x1146,0x0020,0x0986,0x12EE,0x0C55,0x0E9E,0x067E,0x05FD,0x063E,0x069E,0x069F,0x069F,
  0x067F,0x069F,0x069F,0x069E,0x0EBF,0x1C13,0x0000,0x1A29,0x265C,0x067F,0x067F,0x2DDB,0x09A7,0x0061,0x24D6,0x0E9F,
  0x067F,0x067F,0x069F,0x069F,0x069F,0x067F,0x067F,0x067F,0x069F,0x069F,0x069F,0x069F,0x069F,0x069F,0x069F,0x16DE,
  0x36DF,0x3DDA,0x33AF,0x438F,0x3AEF,0x32F2,0x4C5A,0x44FE,0x44FE,0x44FE,0x44FD,0x44FD,0x4CFD,0x44FE,0x451D,0x451D,
  0x08A3,0x9DF9,0xBF5F,0xAEDD,0xB73F,0x4C98,0x1B55,0x54F9,0x8EBE,0x8E9D,0x8EBD,0x7E1D,0x33F6,0x3BD6,0x2334,0x1270,
  0xAE3B,0xFFFF,0xFFFF,0xFFFF,0xFFFF,0xFFFF,0xFFFF,0xFFFF,0xFFFF,0xFFFF,0xFFFF,0xFFFF,0xF7FF,0xBEFE,0x965C,0x9EBE,
  0xAEFF,0x63F2,0x0000,0x0127,0x1C99,0x0CFD,0x0D3E,0x0D5E,0x053D,0x051D,0x05FE,0x067F,0x069F,0x067F,0x069F,0x069F,
  0x069F,0x06BF,0x06BF,0x06BF,0x06BF,0x06BF,0x069F,0x069F,0x069F,0x069F,0x069F,0x069F,0x069F,0x069F,0x06BF,0x25BA,
  0x00C5,0x0000,0x0000,0x0000,0x0000,0x0000,0x12ED,0x271F,0x0E9F,0x069F,0x063E,0x053B,0x059C,0x065F,0x069F,0x069F,
  0x069F,0x06BF,0x069F,0x069F,0x16DF,0x1C54,0x0000,0x1A4A,0x2E7E,0x069F,0x0E9F,0x2E1C,0x1187,0x0041,0x24D6,0x0E9F,
  0x067F,0x069F,0x069F,0x069F,0x069F,0x069F,0x069F,0x06BF,0x06BF,0x06BF,0x06BF,0x06BF,0x06BF,0x06BF,0x06BF,0x06BF,
  0x067F,0x36BE,0x8FFF,0x86BB,0x0042,0x0002,0x4436,0x555D,0x4CFD,0x44FE,0x451D,0x4D1D,0x4D1E,0x4D1E,0x453E,0x4D3E,
  0x0861,0x638F,0x7494,0x9E3A,0xBF5F,0x4C78,0x1315,0x54D9,0x867D,0x865C,0x865C,0x75FB,0x54D8,0x5CD9,0x4C37,0x3BD5,
  0x857A,0xAE5B,0xDF3D,0xFFFF,0xFFFF,0xFFFF,0xFFFF,0xFFFF,0xFFFF,0xFFFF,0xFFFF,0xFFFF,0xFFFF,0xD75E,0xB6FD,0xB6FD,
  0xBEFE,0x8535,0x3AAB,0x3AEE,0x1AF0,0x1332,0x1352,0x1393,0x0CDB,0x051D,0x057D,0x05BE,0x05DE,0x05FE,0x05FE,0x05FE,
  0x05FE,0x05FE,0x061E,0x069F,0x069F,0x069F,0x067F,0x067F,0x067F,0x067F,0x067F,0x067F,0x067F,0x067F,0x067E,0x1DFB,
  0x0B70,0x0AAD,0x12AD,0x12CD,0x0ACD,0x0A8C,0x0C55,0x069F,0x061E,0x0DDE,0x05DE,0x059D,0x05DD,0x067F,0x067F,0x067F,
  0x067E,0x069E,0x069F,0x069F,0x16BF,0x2434,0x0000,0x1A0A,0x2E5E,0x069F,0x069F,0x261B,0x0967,0x0042,0x24D6,0x067F,
  0x067E,0x067F,0x067F,0x069F,0x069F,0x069F,0x069F,0x069F,0x069F,0x069F,0x069F,0x069F,0x069F,0x069F,0x069F,0x069F,
  0x069F,0x1E9E,0x4F3E,0x565A,0x336F,0x3AED,0x3B2F,0x3331,0x4438,0x4CFC,0x44FC,0x44FD,0x44FD,0x44FD,0x44FD,0x44FD,
  0x0000,0x0000,0x0022,0x8556,0xB77F,0x4457,0x12F4,0x4CD9,0x8E9E,0x8E7D,0x865D,0x865C,0x8E7D,0x969E,0x759A,0x6D7A,
  0x3BD5,0x2292,0xA5DB,0xFFFF,0xFFFF,0xFFFF,0xFFFF,0xFFFF,0xFFFF,0xFFFF,0xFFFF,0xFFFF,0xFFFF,0xFFFF,0xFFFF,0xFFFF,
  0xF7FF,0xC73E,0xA6BD,0x8537,0x0042,0x0000,0x0000,0x00C3,0x1C77,0x0D3D,0x0CFC,0x0D1C,0x051D,0x053D,0x051D,0x051C,
  0x051C,0x051C,0x057C,0x0E7F,0x069F,0x06BF,0x06BF,0x06BF,0x06BF,0x06BF,0x06BF,0x06BF,0x06BF,0x06BF,0x069F,0x0EBE,
  0x16BE,0x1E9F,0x26BF,0x2EBF,0x2EDF,0x2EBF,0x1EBF,0x0EBF,0x0DFE,0x04FC,0x057E,0x0E7F,0x069E,0x069F,0x067F,0x067F,
  0x069F,0x06BF,0x069F,0x069F,0x1E9F,0x1C54,0x0000,0x1A2A,0x267E,0x069F,0x06BF,0x261C,0x1168,0x0042,0x24D6,0x069F,
  0x067F,0x069F,0x069F,0x069F,0x069F,0x069F,0x069F,0x069F,0x069F,0x069F,0x069F,0x069F,0x069F,0x069F,0x069F,0x06BF,
  0x06BF,0x069F,0x0E5E,0x1E7C,0x777F,0x9EFD,0x2167,0x0000,0x3B73,0x553E,0x451D,0x451E,0x451E,0x4D1D,0x4D1E,0x4D1E,
  0x1946,0x0861,0x0061,0x8D56,0xB73F,0x5477,0x2B74,0x4CB9,0x657C,0x75BB,0x8E3C,0x863C,0x865C,0x863C,0x6D9B,0x6D9A,
  0x3C35,0x2B35,0x7D7B,0xBEDD,0xD6FD,0xFFFF,0xFFDF,0xFFFF,0xFFFF,0xFFFF,0xFFFF,0xFFFF,0xFFFF,0xFFFF,0xFFFF,0xFFFF,
  0xFFFF,0xBEFD,0x967C,0x7D36,0x2166,0x1904,0x0020,0x0082,0x2370,0x1BF6,0x23B6,0x23D5,0x1C79,0x0D1D,0x051D,0x04FC,
  0x04FC,0x04FC,0x051C,0x161F,0x0E3F,0x063F,0x065F,0x065F,0x065F,0x065F,0x065F,0x065F,0x065F,0x065F,0x063F,0x0E3E,
  0x061F,0x0DDD,0x1D18,0x24F6,0x2516,0x2D17,0x2517,0x24F6,0x1CD9,0x04FD,0x057E,0x0E1E,0x061E,0x065F,0x069F,0x069E,
  0x069F,0x069F,0x069F,0x067F,0x169F,0x1C34,0x0000,0x1A29,0x267D,0x067F,0x069F,0x261C,0x1188,0x0062,0x2516,0x069F,
  0x067F,0x067F,0x067F,0x067F,0x067F,0x067F,0x067F,0x067F,0x069F,0x069F,0x069F,0x069F,0x069F,0x069F,0x069F,0x069F,
  0x069F,0x069F,0x069F,0x169E,0x571F,0x7EBC,0x2187,0x0000,0x4333,0x4CFF,0x3CDD,0x44FD,0x44FE,0x44FD,0x44FD,0x44FD,
  0xAEBC,0x29C7,0x0000,0x8D57,0xAEFF,0x9E9E,0xA71F,0x6DBC,0x1AF3,0x4416,0x969E,0x967D,0x8E9C,0x8E9D,0x867E,0x8EBF,
  0x5D39,0x4457,0x2B74,0x126F,0x8D17,0xFFFF,0xFFFF,0xFFDF,0xFFFF,0xFFFF,0xFFFF,0xFFFF,0xFFFF,0xFFFF,0xFFFF,0xFFDF,
  0xFFFF,0xC71E,0x861B,0x967B,0xD77F,0xB5D8,0x1082,0x0000,0x0021,0x0023,0x0023,0x0044,0x0B32,0x153D,0x051D,0x0D1D,
  0x0CFD,0x0CFD,0x0CDC,0x0D1C,0x051C,0x053C,0x053D,0x053D,0x053D,0x053D,0x055D,0x055D,0x055D,0x053D,0x051E,0x051D,
  0x051C,0x0CB9,0x0148,0x0041,0x0062,0x0042,0x0042,0x0022,0x0A4D,0x153D,0x053D,0x053D,0x057D,0x067F,0x06BF,0x069F,
  0x069F,0x069F,0x067F,0x067F,0x1E9F,0x1C13,0x0000,0x1A09,0x265D,0x067F,0x0E9F,0x2E1C,0x09A7,0x0062,0x2517,0x0EBF,
  0x069F,0x069F,0x069F,0x069F,0x069F,0x069F,0x069F,0x069F,0x069F,0x069F,0x069F,0x069F,0x069F,0x069F,0x069F,0x069F,
  0x069F,0x06BF,0x069F,0x16BE,0x577F,0x7EDD,0x2186,0x0000,0x4353,0x551F,0x44FE,0x44FE,0x44FE,0x451E,0x451E,0x451E,
  0x9E7C,0x29A7,0x0000,0x8D57,0xAEFF,0xA6BE,0xAF3F,0x7DFC,0x3395,0x4C57,0x863E,0x863D,0x867D,0x867D,0x865C,0x867D,
  0x5D39,0x4477,0x2B95,0x12D2,0x7539,0xDFBF,0xDF7E,0xFFFF,0xFFFF,0xFFFF,0xFFFF,0xFFFF,0xFFFF,0xFFFF,0xFFFF,0xFFDF,
  0xF7DF,0xCEFD,0x9E1A,0xA67B,0xDF9F,0xADD8,0x10A4,0x0021,0x0042,0x0062,0x0021,0x0001,0x1AAE,0x2CB8,0x2478,0x2478,
  0x2458,0x2458,0x2458,0x2478,0x1C78,0x1C98,0x2499,0x2499,0x2499,0x2499,0x2499,0x1C99,0x1C79,0x1C79,0x2479,0x2479,
  0x1C78,0x2436,0x00E6,0x0000,0x0063,0x0084,0x00A4,0x0084,0x0A2C,0x2CB8,0x14DA,0x051D,0x057E,0x063F,0x067F,0x067F,
  0x069F,0x069E,0x065E,0x15FC,0x35BA,0x23F2,0x0083,0x128D,0x263E,0x067F,0x069F,0x261C,0x09A7,0x0062,0x2CF7,0x0E9F,
  0x067F,0x067F,0x067F,0x069F,0x069F,0x067F,0x067F,0x069F,0x069F,0x069F,0x069F,0x069F,0x069F,0x069F,0x069F,0x069F,
  0x069E,0x069F,0x067F,0x0EBF,0x475F,0x66FD,0x1208,0x0062,0x4351,0x5C79,0x4C7A,0x4CFD,0x44FE,0x44FE,0x44FE,0x44FD,
  0x963C,0x2187,0x0000,0x8D77,0xB75F,0xAEFE,0xAF1E,0xA6BE,0x967E,0x7DDC,0x33F6,0x4497,0x865D,0x865D,0x865C,0x863C,
  0x761D,0x761D,0x4437,0x2333,0x3BF5,0x4BF5,0x6C54,0xFFFF,0xFFFF,0xFFFF,0xFFFF,0xFFFF,0xFFFF,0xFFFF,0xFFFF,0xD75E,
  0xAE9C,0xC71E,0xE79E,0xEFBE,0xF7FF,0xDF5E,0x9D98,0x8D77,0x8D79,0x95B9,0x31E8,0x0000,0x0084,0x0906,0x0106,0x0906,
  0x00E6,0x00E6,0x00E6,0x00E6,0x0106,0x0106,0x0107,0x0927,0x0927,0x0927,0x0907,0x0906,0x0906,0x0106,0x0106,0x0106,
  0x0107,0x00E6,0x0021,0x0062,0x2351,0x2478,0x1C57,0x2457,0x1AF0,0x08C7,0x0A4F,0x1CFB,0x053D,0x057D,0x05BD,0x065F,
  0x069F,0x067E,0x167E,0x13F2,0x0905,0x1AEE,0x24F7,0x159A,0x0E7E,0x069E,0x069F,0x261C,0x09A7,0x0062,0x2CF7,0x0E9F,
  0x067F,0x069F,0x069F,0x069F,0x069F,0x069F,0x069F,0x069F,0x069F,0x069F,0x069F,0x069F,0x069F,0x069F,0x069F,0x069F,
  0x069F,0x069F,0x067F,0x069F,0x1E7E,0x2E5C,0x563A,0x6DD8,0x328B,0x08A4,0x3B73,0x4D1D,0x44FE,0x44FD,0x44FD,0x44FD,
  0x9E7C,0x29E9,0x0862,0x9515,0xAE7B,0xA6DD,0xAEFE,0xAEDD,0xAF3F,0x861D,0x2B74,0x3C36,0x865E,0x7E3D,0x865C,0x867C,
  0x7E5D,0x867E,0x4C97,0x2354,0x2BB5,0x1B33,0x4BD2,0xFFFF,0xFFFF,0xFFFF,0xFFFF,0xFFFF,0xFFFF,0xFFFF,0xFFFF,0xBF3E,
  0x8E3C,0xBF3F,0xF7FF,0xFFFF,0xFFFF,0xEFDF,0xC75E,0xBF1E,0xAE7C,0xA63A,0x3229,0x0000,0x0041,0x0042,0x0042,0x0041,
  0x0041,0x0041,0x0042,0x0062,0x0062,0x0062,0x0061,0x0000,0x0000,0x0000,0x0000,0x0000,0x0000,0x0000,0x0041,0x0022,
  0x0042,0x0041,0x0000,0x0063,0x1416,0x0D9F,0x053E,0x151E,0x1B32,0x0002,0x098A,0x2C57,0x14BA,0x0CFC,0x055E,0x0E3F,
  0x0E7F,0x069F,0x1E7E,0x1B4F,0x0000,0x12AD,0x267E,0x06BF,0x069F,0x06BF,0x06BF,0x2E1C,0x1187,0x0061,0x2CF7,0x0EBF,
  0x069F,0x069F,0x069F,0x069F,0x069F,0x069F,0x069F,0x069F,0x069F,0x069F,0x069F,0x069F,0x069F,0x069F,0x069F,0x069F,
  0x069F,0x069F,0x069F,0x069F,0x067F,0x0E7E,0x477F,0x779F,0x2AAB,0x0000,0x3B51,0x553D,0x44FE,0x451E,0x451D,0x451E,
  0xA6BD,0x8DB9,0x8D36,0x52EC,0x2145,0x8537,0xB71F,0xAEDD,0xA71F,0x7DDC,0x2334,0x33F6,0x763D,0x763B,0x7E5C,0x7E5D,
  0x865D,0x7E3D,0x6DBB,0x657B,0x4CDA,0x1B54,0x5434,0xFFFF,0xFFFF,0xFFFF,0xFFFF,0xFFFF,0xFFFF,0xFFFF,0xFFFF,0xC71E,
  0x963B,0xBF1E,0xF7FF,0xFFDF,0xFFFF,0xF7DF,0xE79E,0xD73E,0x4AEC,0x1904,0x0862,0x0000,0x1A08,0x2C54,0x2475,0x1C95,
  0x2495,0x24B5,0x2CB6,0x1CD6,0x24D6,0x24B6,0x34D4,0x11C8,0x0000,0x0020,0x0020,0x0020,0x0000,0x21A6,0x9596,0x8D37,
  0x9556,0x8D14,0x18E4,0x0022,0x13D4,0x0D3D,0x04FD,0x04FC,0x1458,0x1BB4,0x1AEF,0x0948,0x09AB,0x1459,0x053F,0x055E,
  0x057C,0x063E,0x1E9F,0x234F,0x0000,0x12AD,0x1E3D,0x067F,0x067F,0x067F,0x069F,0x25FC,0x1167,0x0041,0x24D6,0x069F,
  0x069F,0x069F,0x069F,0x069F,0x067F,0x067F,0x067F,0x067F,0x067F,0x067F,0x067F,0x067F,0x067F,0x067F,0x067F,0x069F,
  0x069F,0x069F,0x069F,0x069F,0x069F,0x0E9F,0x16BF,0x2E9D,0x1A6B,0x0000,0x3B51,0x553D,0x44FE,0x44FE,0x44FD,0x44FD,
  0xA6DE,0xA6FF,0xB71E,0x324A,0x0000,0x7CB5,0xB73F,0xA6DD,0xAF1F,0x75DC,0x1333,0x2BD6,0x7E5E,0x763D,0x7E5D,0x7E5D,
  0x7E3D,0x865D,0x7E5C,0x869E,0x5D3A,0x12F2,0x5435,0xF7FF,0xFFFF,0xFFFF,0xFFFF,0xFFFF,0xFFFF,0xFFFF,0xFFFF,0xC71D,
  0x9E1A,0xC71D,0xFFFF,0xFFFF,0xFFFF,0xF7FF,0xFFFF,0xE75D,0x31C7,0x0000,0x0800,0x0000,0x1ACE,0x263D,0x165F,0x0E5F,
  0x167F,0x16BF,0x0EBF,0x0EDF,0x0EBF,0x169F,0x2E9D,0x126C,0x0021,0x0021,0x0042,0x0021,0x0000,0x2A29,0xD7BF,0xCF5F,
  0xC75F,0xBEFC,0x2145,0x0021,0x1BB4,0x151E,0x04FC,0x051C,0x051D,0x155E,0x1393,0x0022,0x0064,0x2436,0x153C,0x04FC,
  0x051D,0x061F,0x269F,0x234F,0x0000,0x1ACC,0x1E5D,0x069F,0x069F,0x069F,0x06BF,0x25FB,0x1167,0x0041,0x24D6,0x0E9F,
  0x069F,0x069F,0x069F,0x069F,0x069F,0x069F,0x069F,0x069F,0x069F,0x069F,0x069F,0x069F,0x069F,0x069F,0x069F,0x069F,
  0x069F,0x069F,0x069F,0x069F,0x069F,0x0E9F,0x0E9E,0x263C,0x1A6B,0x0000,0x3B51,0x555D,0x451E,0x451E,0x451E,0x451E,
  0x9EBE,0x9EBF,0xA69D,0x3A6A,0x0020,0x7CB4,0xAF1F,0x9EBE,0xA6DF,0x8E5E,0x657B,0x5D3A,0x3C37,0x4477,0x6DDC,0x761C,
  0x761C,0x7E1C,0x7E1B,0x7E3B,0x6DBB,0x54D9,0x64F9,0x74D7,0x9D77,0xF7BF,0xFFFF,0xFFFF,0xFFFF,0xFFFF,0xFFFF,0xE7BF,
  0xD75D,0xE79E,0xFFFF,0xFFFF,0xFFFF,0xF7FF,0xF7FF,0xE75E,0x39E8,0x0000,0x0040,0x0001,0x12D0,0x059D,0x05DE,0x05BE,
  0x05FE,0x069F,0x069E,0x069E,0x067E,0x067E,0x163E,0x1CD7,0x2453,0x2433,0x2C53,0x226B,0x0000,0x10E4,0x532D,0x4B0D,
  0x4B0D,0x4ACB,0x0882,0x0042,0x13B4,0x0D1D,0x04FD,0x051D,0x053D,0x053C,0x1498,0x1B93,0x2331,0x122D,0x0A6E,0x0C79,
  0x055E,0x055E,0x157C,0x1ACE,0x0000,0x1ACC,0x1E5D,0x067F,0x069F,0x067F,0x069F,0x25DB,0x1166,0x0040,0x2CB5,0x0E9F,
  0x067F,0x067F,0x067F,0x069F,0x067F,0x069F,0x069F,0x067F,0x067F,0x067F,0x067F,0x067F,0x067F,0x067F,0x067F,0x067F,
  0x067F,0x067F,0x067F,0x067F,0x067F,0x065F,0x069F,0x263D,0x124B,0x0000,0x3B31,0x553D,0x44FD,0x44FD,0x44FD,0x44FD,
  0x9EDD,0x9EDF,0xA69E,0x322A,0x0000,0x7CB4,0xB71F,0xA6BE,0x9EBE,0x9EDE,0xA71F,0x861C,0x12B1,0x1B33,0x75FD,0x867F,
  0x7E5D,0x7E5C,0x867D,0x867D,0x867D,0x8EBE,0x75DC,0x1AB2,0x53D4,0xEFDF,0xFFFF,0xFFFF,0xFFFF,0xFFFF,0xFFFF,0xFFFF,
  0xFFFF,0xFFFF,0xFFFF,0xFFFF,0xFFFF,0xFFFF,0xEFDF,0xDF1D,0x31C8,0x0000,0x0020,0x0001,0x1B11,0x25BE,0x157D,0x055C,
  0x05DD,0x0EBF,0x0E9E,0x06BF,0x06BF,0x069E,0x069F,0x0EBF,0x16DF,0x16BF,0x271F,0x23D1,0x0000,0x0000,0x0000,0x0000,
  0x0000,0x0000,0x0000,0x0062,0x1BD3,0x1D3B,0x151B,0x153D,0x153D,0x1D3C,0x1D5C,0x259E,0x3498,0x0064,0x0044,0x2416,
  0x1D3D,0x0CFC,0x251B,0x1AAE,0x0000,0x1ACD,0x1E5E,0x069F,0x069F,0x0E9F,0x1E9E,0x35DA,0x1166,0x0041,0x24D6,0x0E9F,
  0x067F,0x069F,0x069F,0x069F,0x069F,0x06BF,0x069F,0x069F,0x069F,0x069F,0x069F,0x069F,0x069F,0x069F,0x069F,0x069F,
  0x069F,0x069F,0x069F,0x069F,0x069F,0x067F,0x069F,0x267E,0x1A6C,0x0000,0x4372,0x5D7F,0x4D3F,0x4D3E,0x4D3E,0x4D3E,
  0xBF3E,0x9E9D,0x8E5D,0x6C94,0x5B8F,0x6BF0,0x7411,0x8537,0x9EBE,0x9E9D,0xA6BE,0x8E5D,0x54B8,0x54D9,0x5D1A,0x5D1A,
  0x6DDC,0x7E5C,0x7E3B,0x865C,0x7E3C,0x865B,0x6DBA,0x2B95,0x4416,0x95FC,0xA63A,0xEFBE,0xFFFF,0xFFFF,0xFFFF,0xFFFF,
  0xFFFF,0xFFFF,0xFFFF,0xFFFF,0xFFFF,0xFFFF,0xF7FF,0xEF5D,0x7C52,0x5B4E,0x2125,0x0000,0x19CA,0x2B52,0x1C17,0x0CFB,
  0x053D,0x05DE,0x05DD,0x05DE,0x0DFF,0x067F,0x06BE,0x069E,0x069F,0x069F,0x069F,0x1518,0x1B50,0x1B6F,0x234F,0x2310,
  0x1A8E,0x1A0B,0x0062,0x0041,0x1A4B,0x2330,0x1B0F,0x2331,0x2312,0x2331,0x1B31,0x1B31,0x2A8E,0x0064,0x0063,0x2A8D,
  0x2B31,0x2331,0x2331,0x2350,0x0B0E,0x1495,0x167E,0x069F,0x069F,0x161C,0x1C33,0x2B90,0x22CE,0x02CE,0x155A,0x067F,
  0x067F,0x067F,0x067F,0x069F,0x069F,0x069F,0x069F,0x067F,0x069F,0x069F,0x069F,0x069F,0x069F,0x067F,0x067F,0x067F,
  0x067F,0x067F,0x067F,0x067F,0x067F,0x067F,0x067F,0x1E3D,0x126B,0x0000,0x2AD0,0x3C7C,0x3CBD,0x4D1E,0x451E,0x451E,
  0xEFFF,0xAE9D,0x8E7D,0x9E9D,0xB73F,0x2A29,0x0000,0x532E,0xBF5F,0xA6DE,0xA6BE,0x9EDF,0x9EFF,0x9EDF,0x33F5,0x12F2,
  0x657C,0x96DF,0x8E9D,0x8E7D,0x8E7D,0x969D,0x7DFC,0x33B5,0x2BB6,0x2355,0x3372,0xD73C,0xFFFF,0xFFFF,0xFFFF,0xFFFF,
  0xFFFF,0xFFFF,0xFFFF,0xFFFF,0xFFFF,0xFFFF,0xFFFF,0xF7DF,0xC71D,0xB6FD,0x3A29,0x0000,0x0000,0x0000,0x1A6F,0x1D3B,
  0x0CFC,0x14FC,0x0D3C,0x04FB,0x051D,0x0E7F,0x06BF,0x06BF,0x06DF,0x06BF,0x0EBF,0x0E7F,0x167F,0x1E7E,0x1E5E,0x1E1E,
  0x14FB,0x1BF5,0x00A4,0x0000,0x0000,0x0000,0x0000,0x0000,0x0000,0x0000,0x0000,0x0000,0x0000,0x0000,0x0000,0x0000,
  0x0000,0x0000,0x0000,0x23D2,0x26FE,0x0EDF,0x06BF,0x06BF,0x06BF,0x2599,0x0905,0x0022,0x23F4,0x155C,0x0E1E,0x067F,
  0x067F,0x069F,0x069F,0x069F,0x069F,0x069F,0x069F,0x069F,0x069F,0x069F,0x069F,0x069F,0x069F,0x069F,0x069F,0x069F,
  0x069F,0x069F,0x069F,0x069F,0x069F,0x067F,0x069F,0x1E3D,0x124A,0x0000,0x224F,0x2BBA,0x343C,0x555E,0x4D3F,0x4D3E,
  0xEFDF,0xAEBE,0x8E9F,0x967E,0x9EDE,0x53B1,0x31E9,0x5B6E,0x6C32,0x7CF6,0xA69D,0x9EBE,0xA6DE,0x9EDF,0x5CF9,0x4457,
  0x5D1A,0x657B,0x7E1C,0x867D,0x863C,0x8E7D,0x7DFC,0x4C97,0x4458,0x2396,0x3B94,0xD71D,0xFFFF,0xFFFF,0xFFFF,0xFFFF,
  0xFFFF,0xFFFF,0xFFFF,0xFFFF,0xFFFF,0xFFFF,0xFFFF,0xF7DF,0xB6DD,0xA69D,0x5390,0x3208,0x1925,0x0020,0x1168,0x1AEF,
  0x12EF,0x1AD0,0x0B53,0x0CBA,0x051D,0x05DE,0x061E,0x061F,0x061F,0x065E,0x069E,0x067E,0x067E,0x067E,0x065E,0x065E,
  0x059D,0x14DA,0x0A8D,0x09E8,0x1209,0x0A09,0x11EA,0x0A09,0x0A09,0x0A29,0x0A0A,0x11EA,0x11EA,0x11E8,0x0A08,0x0A09,
  0x0A09,0x09EA,0x0A0A,0x14D6,0x0EDF,0x06BF,0x06BF,0x069F,0x0E7E,0x2599,0x0945,0x0062,0x1C15,0x0D5C,0x061E,0x067E,
  0x067F,0x067F,0x067F,0x067F,0x067F,0x067F,0x067F,0x067F,0x069F,0x067F,0x067F,0x069F,0x069F,0x069F,0x069F,0x069F,
  0x069F,0x069F,0x069F,0x067F,0x067F,0x067F,0x067F,0x1E1C,0x124A,0x0000,0x222F,0x2B9A,0x2C1C,0x4D1E,0x4D1E,0x451E,
  0xEFDF,0xAEBD,0x967E,0x969E,0x96BD,0x9E9D,0xAEBD,0x6C32,0x0000,0x324A,0xB6FE,0xAEFE,0xAEDE,0xA6FF,0xA6FF,0xA71F,
  0x4477,0x1B33,0x655A,0x96DF,0x8E7D,0x8E5D,0x865E,0x7E7D,0x75FC,0x1B14,0x3332,0xD73D,0xFFFF,0xFFFF,0xFFFF,0xFFFF,
  0xFFFF,0xFFFF,0xFFFF,0xFFFF,0xFFFF,0xFFFF,0xFFFF,0xEFFF,0xB6BC,0x965D,0x967D,0xAE9C,0x4ACC,0x0000,0x0000,0x0000,
  0x0000,0x0000,0x00C6,0x2479,0x155E,0x0D5D,0x0D5D,0x0D3E,0x051D,0x0DDF,0x067F,0x067F,0x069F,0x069F,0x06BF,0x06BF,
  0x06BF,0x0E7F,0x165D,0x1E5D,0x1E5D,0x265D,0x263D,0x1E5D,0x265D,0x1E5D,0x1E5D,0x263D,0x263D,0x1E5D,0x265D,0x265C,
  0x1E5C,0x263D,0x1E5D,0x16BE,0x06BF,0x069F,0x06BF,0x06BF,0x16DF,0x2DFB,0x0905,0x0001,0x1C35,0x0D9C,0x063E,0x069F,
  0x069F,0x069F,0x06BF,0x069F,0x069F,0x069F,0x069F,0x069F,0x067F,0x0E9F,0x0EBF,0x0E9F,0x06BF,0x069F,0x069F,0x06BF,
  0x069F,0x06BF,0x069F,0x069F,0x069F,0x067F,0x067F,0x263C,0x124A,0x0000,0x224F,0x2B9A,0x2C1C,0x4D1F,0x4D1E,0x4D1E,
  0xF7DF,0xBEFD,0xA6BD,0x96BD,0x96BE,0x969D,0xA6FF,0x6C12,0x0000,0x29E8,0x9597,0x95D9,0xAEDE,0xA6DF,0xA6FE,0xAF1F,
  0x6519,0x3C37,0x655A,0x75FC,0x7DFC,0x8E5D,0x7E3C,0x7E5C,0x75DC,0x33B6,0x3BD4,0xA67C,0xCF1D,0xEFBF,0xFFFF,0xFFFF,
  0xFFFF,0xFFFF,0xFFFF,0xFFFF,0xFFFF,0xFFFF,0xFFFF,0xF7FF,0xBEDC,0xA6BD,0x969E,0x9E9E,0x53D2,0x21A7,0x1924,0x0000,
  0x0000,0x0000,0x08A4,0x2352,0x1BF6,0x13F6,0x13F6,0x1BD5,0x0BD6,0x0D1A,0x0DFE,0x061E,0x067F,0x069F,0x069F,0x069F,
  0x06BE,0x069E,0x069F,0x069F,0x069F,0x069F,0x067F,0x067F,0x067F,0x067F,0x067F,0x069F,0x069F,0x069F,0x069F,0x069F,
  0x069F,0x069F,0x069F,0x06BF,0x069F,0x069F,0x069F,0x0E5D,0x1D78,0x2C95,0x19CA,0x0189,0x0C77,0x055C,0x0E1E,0x067F,
  0x067F,0x069F,0x069F,0x067F,0x065F,0x067F,0x067F,0x065E,0x0E3E,0x1D7A,0x1D39,0x161C,0x06BF,0x069F,0x069F,0x069F,
  0x067F,0x069F,0x069F,0x067F,0x067F,0x0E5E,0x063E,0x25FC,0x122A,0x0000,0x224F,0x2399,0x23FC,0x44FF,0x44FD,0x44FD,
  0xFFFF,0xF7DF,0xE7DF,0xB6FE,0x969D,0x969E,0xA6FF,0x6412,0x0000,0x0020,0x10A2,0x2A29,0xAEDD,0xA6FE,0xA6FF,0xA6FE,
  0xA6DE,0xA6FF,0x54D9,0x1B13,0x4498,0x8E7E,0x865C,0x7E5D,0x7E1D,0x75FC,0x75DC,0x43B5,0x4353,0xC6BC,0xFFFF,0xFFFF,
  0xFFFF,0xFFFF,0xFFFF,0xFFFF,0xFFFF,0xFFFF,0xFFFF,0xFFFF,0xF7DF,0xE7DF,0xAEFE,0x8E7D,0x75BB,0x6539,0x436F,0x0000,
  0x0000,0x0021,0x0021,0x0063,0x0063,0x0063,0x0063,0x0062,0x0023,0x1352,0x15DD,0x05FE,0x0E9F,0x069F,0x0E9F,0x0E9F,
  0x067F,0x067F,0x069F,0x069F,0x069F,0x069F,0x067F,0x067F,0x067F,0x067E,0x067F,0x067F,0x067F,0x067F,0x067E,0x069F,
  0x069F,0x069F,0x067F,0x069F,0x0EBF,0x06BF,0x16DF,0x2599,0x0146,0x0927,0x3437,0x1CDB,0x0D1C,0x053C,0x0E3F,0x069F,
  0x067F,0x067F,0x067F,0x065F,0x067F,0x069E,0x069F,0x0E7F,0x1E5C,0x0A4A,0x00A4,0x1CD6,0x0EDF,0x067F,0x069F,0x069F,
  0x06BF,0x069F,0x069F,0x06BF,0x069F,0x165F,0x057C,0x14FA,0x09A9,0x0000,0x222E,0x2399,0x2BFC,0x44FE,0x451D,0x451D,
  0xFFFF,0xFFFF,0xFFFF,0xCEFD,0xA69C,0xA69D,0xAEDF,0x6C53,0x10E4,0x08A3,0x0000,0x2186,0xAE5A,0xA65B,0xA6BD,0xA6FE,
  0xA6FE,0xAF3F,0x54D8,0x12F2,0x4457,0x7E1D,0x6DFC,0x6E1D,0x75FC,0x761C,0x761C,0x2B95,0x3313,0xC6BC,0xFFFF,0xFFFF,
  0xFFFF,0xFFFF,0xFFFF,0xFFFF,0xFFFF,0xFFFF,0xFFFF,0xFFFE,0xFFFF,0xF7FF,0xBEDD,0x9E7D,0x85DB,0x757A,0x43B2,0x08A4,
  0x0882,0x0000,0x0000,0x0000,0x0000,0x0063,0x0064,0x0083,0x0064,0x2330,0x2D5A,0x255A,0x25DB,0x25BB,0x2DBB,0x1DDB,
  0x0E5E,0x069F,0x069F,0x069F,0x069F,0x067F,0x067F,0x067E,0x067F,0x067E,0x067E,0x067F,0x067F,0x067F,0x067F,0x067F,
  0x069F,0x069F,0x069F,0x161C,0x25DB,0x25DB,0x2E1C,0x34B4,0x0042,0x08A5,0x24B8,0x055D,0x053D,0x055D,0x063F,0x0E9F,
  0x069F,0x069F,0x06BF,0x067F,0x0E3E,0x1DBA,0x1D9A,0x25BA,0x2D98,0x1229,0x00C3,0x1CD6,0x167F,0x067F,0x069F,0x069F,
  0x06BF,0x069F,0x067F,0x069F,0x06BF,0x165E,0x1CD9,0x2C36,0x11CB,0x0044,0x1A70,0x239A,0x2C1C,0x44FE,0x3D1D,0x44FD,
  0xFFFF,0xFFFF,0xFFFF,0xF7DF,0xEFDF,0xC71E,0xAEBE,0x9E5C,0x9E1A,0x7452,0x0001,0x0841,0x2166,0x21A7,0x9DFA,0xAEFF,
  0x9EDF,0xA6FF,0x967D,0x8E3D,0x655A,0x2395,0x23D7,0x23D6,0x3C37,0x6DDC,0x75FD,0x2BB6,0x3374,0xC6DC,0xFFFF,0xFFFF,
  0xFFFF,0xFFFF,0xFFFF,0xFFFF,0xFFFF,0xFFFF,0xFFFF,0xFFFF,0xFFFF,0xFFFF,0xEFBF,0xE79F,0xDF9E,0xE79F,0xAE3B,0x6CD7,
  0x434F,0x0000,0x0801,0x0000,0x0863,0x2B72,0x2437,0x1C17,0x2C35,0x1A6D,0x1106,0x0946,0x0946,0x0926,0x0905,0x01C9,
  0x1D99,0x067F,0x067F,0x069F,0x067F,0x067F,0x067F,0x067F,0x067F,0x067F,0x067F,0x067F,0x067F,0x067F,0x067F,0x067F,
  0x067F,0x067E,0x1E7E,0x13B1,0x00E4,0x0926,0x0966,0x0904,0x0001,0x08E6,0x2498,0x051D,0x051D,0x053D,0x0E1F,0x067F,
  0x069F,0x067F,0x069F,0x0E9F,0x14B8,0x0106,0x0905,0x0105,0x0926,0x2C33,0x2558,0x15FB,0x065F,0x067F,0x069F,0x069F,
  0x069F,0x069F,0x069F,0x067F,0x069F,0x25FC,0x0A0A,0x08C6,0x2270,0x2B15,0x2358,0x237A,0x2BFC,0x44FE,0x44FD,0x44FD,
  0xFFFF,0xFFFF,0xFFFF,0xFFFF,0xFFFF,0xCF1D,0xA69C,0xA6BD,0xB73F,0x8516,0x0022,0x0001,0x0000,0x0042,0x9DB8,0xAEBD,
  0xA69D,0x9EDE,0x9EDE,0xAF1F,0x759B,0x1312,0x2395,0x1B54,0x33D6,0x7E1E,0x7E5F,0x2BD7,0x2B94,0xB6BC,0xF7FF,0xF7FF,
  0xFFFF,0xFFFF,0xFFFF,0xFFFF,0xFFFF,0xFFFF,0xFFFF,0xFFFF,0xFFFF,0xFFFF,0xFFFF,0xFFFF,0xFFFF,0xFFFF,0xC69B,0x8D99,
  0x53D2,0x0022,0x0062,0x0021,0x00E6,0x3435,0x24D9,0x1CDB,0x253B,0x0A6D,0x0001,0x0021,0x0021,0x0021,0x0000,0x00C5,
  0x3518,0x261D,0x261D,0x261C,0x261C,0x25FC,0x25FC,0x261C,0x25FB,0x25FB,0x25FB,0x25FC,0x25FC,0x25FC,0x261C,0x1E1C,
  0x1E1C,0x261C,0x3DFB,0x22EF,0x0001,0x0002,0x0002,0x0002,0x0001,0x0907,0x2499,0x051D,0x051E,0x053E,0x0E1F,0x069F,
  0x06BF,0x069F,0x167E,0x2E7D,0x2C74,0x0000,0x0000,0x0020,0x0083,0x1D38,0x0EBF,0x067E,0x067F,0x069F,0x06BF,0x069E,
  0x069F,0x069F,0x0E7F,0x161E,0x25FD,0x3D5A,0x0927,0x0003,0x2273,0x2BDB,0x23BB,0x239A,0x2C1C,0x451F,0x44FD,0x4D1E,
  0xFFFF,0xFFFF,0xFFFF,0xFFFF,0xFFFF,0xEFBE,0xE7BF,0xC75E,0xA6BE,0x961B,0x74D6,0x63B1,0x0022,0x0041,0x21A6,0x21A7,
  0x8537,0xA6DF,0x96BE,0x9EBE,0x8E3D,0x759B,0x7DDB,0x75DB,0x759B,0x4C58,0x4478,0x23D6,0x23B5,0x5476,0x6C75,0xB67B,
  0xFFFF,0xFFFF,0xFFFF,0xFFFF,0xFFFF,0xFFFF,0xFFFF,0xFFFF,0xFFFF,0xFFFF,0xFFFF,0xFFFF,0xFFFF,0xFFFF,0xF79E,0xE75E,
  0xC6BB,0x8D16,0x8556,0x74F4,0x6C74,0x11A9,0x0127,0x1BB4,0x14FB,0x0417,0x1352,0x1B33,0x1353,0x1B72,0x1372,0x1B52,
  0x09EB,0x09A9,0x09C9,0x09C9,0x09A9,0x0988,0x0988,0x09A8,0x09A7,0x09A7,0x09A7,0x09C8,0x09C8,0x09C8,0x09A8,0x0988,
  0x01C8,0x09C7,0x09A8,0x224E,0x2292,0x2292,0x2AB2,0x29ED,0x0002,0x08C6,0x2479,0x051E,0x04FE,0x051D,0x057D,0x057D,
  0x05DD,0x0E9F,0x14F7,0x0A2B,0x1187,0x0000,0x0082,0x2C52,0x14B6,0x0DFD,0x067F,0x067F,0x067F,0x067F,0x067E,0x067E,
  0x067E,0x061E,0x051C,0x1478,0x020B,0x11AA,0x2250,0x2273,0x2B38,0x239B,0x345D,0x44BE,0x3CBE,0x44FE,0x44FD,0x44FD,
  0xFFFF,0xFFFF,0xFFFF,0xFFFF,0xFFFF,0xFFFF,0xFFFF,0xD77F,0x9E7D,0x9E9D,0xAF1F,0x8D78,0x0000,0x0000,0x0000,0x0000,
  0x7CD5,0xBF1F,0xA6BE,0x9EDF,0xA6DE,0xAEFE,0xA6FF,0xA71F,0x9E7E,0x3374,0x2374,0x2B95,0x2B96,0x2B75,0x3353,0x9DDA,
  0xFFFF,0xFFFE,0xFFFF,0xFFFF,0xFFFF,0xFFFF,0xFFFF,0xFFFF,0xFFFF,0xFFFF,0xFFFF,0xFFFF,0xFFFF,0xFFFF,0xFFFF,0xFFFF,
  0xEFDF,0xC73F,0xB71F,0xAEBE,0x9DFB,0x08A3,0x0000,0x2B51,0x24BA,0x14DA,0x24BA,0x249B,0x0CBC,0x0CFB,0x0CFB,0x2478,
  0x00C7,0x0001,0x0021,0x0002,0x0002,0x0001,0x0000,0x0001,0x0002,0x0002,0x0000,0x0000,0x0000,0x0001,0x0001,0x0000,
  0x0000,0x0000,0x0001,0x19EF,0x33BA,0x239A,0x2BBB,0x22D3,0x0002,0x08C6,0x3458,0x1D1C,0x151C,0x0D1C,0x04FC,0x04FC,
  0x0D9C,0x2E7F,0x2413,0x0001,0x0000,0x0021,0x00C5,0x2E5D,0x0EBF,0x0E9F,0x069F,0x06BF,0x069F,0x069F,0x067E,0x0E7E,
  0x1E7E,0x1DDC,0x1499,0x2BD4,0x0042,0x0023,0x2AF4,0x2BDB,0x237B,0x237B,0x3C9D,0x555F,0x4D3E,0x451E,0x4D1E,0x4D1E,
  0xFFFF,0xFFFF,0xFFFF,0xFFFF,0xFFFF,0xFFFF,0xFFFF,0xF7BF,0xD77F,0xBF3E,0x9EBD,0x8E1B,0x6453,0x6C11,0x10C4,0x0021,
  0x21A7,0x322A,0x7CF6,0xA6DE,0x96BD,0x9EBD,0x9EBE,0xA6DF,0xA6BE,0x7DDB,0x75DC,0x7DDD,0x75BD,0x3C37,0x1B13,0x95BA,
  0xFFFF,0xFFDE,0xFFFF,0xFFFF,0xFFFF,0xFFFF,0xFFFF,0xFFFF,0xFFFF,0xFFFF,0xFFFF,0xFFFF,0xFFFF,0xFFFF,0xE79E,0xD6FE,
  0xC6FE,0xA69E,0xA69F,0x9E7D,0x8DB9,0x10C3,0x0020,0x0906,0x0989,0x098A,0x096A,0x12D2,0x14BB,0x04DC,0x051C,0x14DB,
  0x1BB5,0x1B52,0x1B72,0x1B52,0x1B32,0x1B31,0x1B30,0x1B31,0x1352,0x1B52,0x1A6D,0x0022,0x0023,0x19CD,0x1A30,0x1A2F,
  0x1A50,0x1A50,0x1A30,0x22F6,0x1B9B,0x1B7A,0x1B9B,0x1B38,0x1A70,0x222E,0x1189,0x098A,0x1313,0x0BB7,0x0C9B,0x151D,
  0x0B93,0x0A6D,0x09C8,0x0041,0x11C8,0x2C54,0x1C95,0x0E7D,0x06BE,0x0E9E,0x069F,0x069F,0x069F,0x065F,0x065E,0x1517,
  0x0AAD,0x0A0B,0x09AA,0x0928,0x0022,0x0044,0x22D3,0x1BBA,0x2C1D,0x3C7E,0x44DD,0x451D,0x451D,0x451E,0x44FD,0x44FD,
  0xFFFF,0xFFFF,0xFFFF,0xFFFF,0xFFFF,0xFFFF,0xFFFF,0xFFFF,0xFFFF,0xDF9F,0x9E5C,0x967D,0x9EDE,0x9E5B,0x0042,0x0000,
  0x0000,0x0000,0x6C53,0xC79F,0xB75F,0xB75F,0xB73F,0xAEDE,0xAEFE,0xAF1F,0xA71F,0xA6FF,0xA71F,0x4436,0x020F,0x8D99,
  0xFFFF,0xFFFF,0xFFFF,0xFFFF,0xFFFF,0xFFFF,0xFFFF,0xFFFF,0xFFFF,0xFFFF,0xFFFF,0xFFFF,0xFFFF,0xFFFF,0xD77E,0xA67C,
  0xA6BE,0xB6FF,0xB6FF,0xB6FF,0xA63B,0x0062,0x0000,0x0000,0x0000,0x0000,0x0000,0x11AB,0x3D1B,0x151C,0x155C,0x1D3D,
  0x153D,0x0D3D,0x0D1C,0x0D3C,0x0D1C,0x0D1B,0x0D1B,0x0D1C,0x151C,0x255C,0x2C15,0x0042,0x0064,0x22F5,0x239B,0x239A,
  0x23BB,0x239B,0x23BB,0x239B,0x1B9B,0x1B9B,0x1B9B,0x237A,0x2B9B,0x3315,0x0063,0x0000,0x198A,0x0A70,0x249A,0x359E,
  0x122C,0x0000,0x0000,0x0000,0x126B,0x2EBF,0x0EDF,0x06BE,0x06BF,0x06BF,0x06BF,0x06BF,0x06BF,0x0EBE,0x26DF,0x2C34,
  0x0021,0x0000,0x0000,0x0000,0x0000,0x0023,0x1AB3,0x23DB,0x3C9E,0x4D5F,0x4D3E,0x4D3E,0x4D3E,0x4D3E,0x4D3E,0x4D3E,
  0xFFFF,0xFFFF,0xFFFF,0xFFFF,0xFFFF,0xFFFF,0xFFFF,0xFFFF,0xFFFF,0xEFDF,0xCF3E,0xB73E,0x969D,0x965C,0x5390,0x532E,
  0x534E,0x534E,0x63D0,0x7431,0x7432,0x6412,0x7494,0xAEBD,0xA6BE,0xA6BE,0x9EBD,0x9E9D,0x96BE,0x6D7A,0x4C57,0x8DBA,
  0xBEDD,0xD75E,0xFFFF,0xFFFF,0xFFFF,0xFFFF,0xFFFF,0xFFFF,0xFFFF,0xFFFF,0xDF9F,0xCF3D,0xD73D,0xD75D,0xBEFD,0xAEBD,
  0x95FA,0x6432,0x6C11,0x6C12,0x6C12,0x5B4F,0x5B2E,0x532E,0x532D,0x4B2D,0x4B2E,0x3ACE,0x228E,0x12D0,0x12CF,0x1332,
  0x0C99,0x04DA,0x04DB,0x04DC,0x04DC,0x04DB,0x04DB,0x04FC,0x0BF6,0x12F0,0x124C,0x0021,0x0064,0x1AD5,0x135A,0x1B5A,
  0x1B7A,0x1B7A,0x1B7B,0x1B7B,0x1B7B,0x1B7B,0x1B7B,0x1B7A,0x1B5A,0x1B37,0x1A0F,0x198B,0x1107,0x0927,0x1A6D,0x1AF0,
  0x0946,0x0000,0x0945,0x1AED,0x1454,0x167F,0x069F,0x069F,0x069F,0x069F,0x06BF,0x069F,0x0E9F,0x1537,0x1BB2,0x1A4B,
  0x0020,0x0863,0x1968,0x116A,0x116B,0x118D,0x1B16,0x1B9A,0x345D,0x44FE,0x44FE,0x44FD,0x44FD,0x44FD,0x44FD,0x4CFD,
  0xFFFF,0xFFFF,0xFFFF,0xFFFF,0xFFFF,0xFFFF,0xFFFF,0xFFFF,0xFFFF,0xFFFF,0xFFFF,0xDFDF,0xA69D,0x969E,0xA6FF,0xAEFF,
  0xAEDE,0xB73F,0x3ACC,0x0000,0x0000,0x0000,0x1946,0xB6FE,0xAF1F,0xA71F,0xA6FF,0xA71F,0xA71E,0xA71F,0xA6FF,0x8E3C,
  0x7D9A,0xAEBD,0xFFFF,0xFFFF,0xFFFF,0xFFFF,0xFFFF,0xFFFF,0xFFFF,0xF7FF,0xBF1E,0x9E9D,0xA6DE,0xAEFE,0xAEDD,0xC75F,
  0x7D16,0x0001,0x0000,0x0000,0x08A4,0xAE5C,0xB71F,0xAEFE,0xAEFE,0xA6DE,0xAF3F,0x53B0,0x0000,0x0000,0x0000,0x00A5,
  0x2477,0x151B,0x151C,0x0D1D,0x0D1D,0x151D,0x0D3D,0x155D,0x1332,0x0001,0x0001,0x0000,0x0045,0x2317,0x23BC,0x1B9C,
  0x1B9C,0x239C,0x239C,0x239C,0x239C,0x239C,0x1B9B,0x1B9B,0x237A,0x1B7A,0x2B9B,0x3336,0x08A5,0x0000,0x0000,0x0000,
  0x0000,0x0000,0x128C,0x265E,0x0E9F,0x06BF,0x06BF,0x06BF,0x06BF,0x069F,0x069F,0x0EDF,0x26FF,0x1B70,0x0000,0x0000,
  0x0000,0x08C6,0x3377,0x239A,0x1B9A,0x237B,0x235B,0x1B7A,0x347D,0x4D1F,0x4D1E,0x4D1E,0x4D1E,0x4D1E,0x4D1E,0x453F,
  0xFFFF,0xFFFF,0xFFFF,0xFFFF,0xFFFF,0xFFFF,0xFFFF,0xFFFF,0xFFFF,0xFFFE,0xFFFF,0xEFBF,0xBEDD,0xB6FE,0xA69D,0xA6BE,
  0xA6BE,0xA6FE,0x6453,0x3229,0x3A4B,0x3229,0x4ACC,0x8516,0x7D16,0x7516,0x7D16,0x7CF5,0x7D16,0x965B,0xA6DE,0x967D,
  0x8E3C,0xBF1E,0xFFFF,0xFFFF,0xFFFF,0xF7DF,0xDF7E,0xD77E,0xDF7E,0xDF5F,0xAE9E,0x9E7D,0x85B9,0x7D16,0x7D16,0x8D57,
  0x7453,0x324A,0x3A4A,0x3A29,0x42EC,0x9E5B,0xA6DD,0xA6BD,0xA6BD,0x9EBE,0xA6FE,0x6CB4,0x3229,0x31E8,0x0840,0x0063,
  0x2330,0x1B93,0x1B93,0x1393,0x1393,0x1393,0x1393,0x1BB4,0x1A4C,0x0000,0x0064,0x1108,0x096D,0x1B58,0x1BBB,0x1B7C,
  0x1B7B,0x1B7B,0x1B9B,0x1B7B,0x1B7B,0x1B7B,0x1B7B,0x1B7B,0x1B5B,0x1B5A,0x235A,0x2B15,0x08C5,0x0000,0x0000,0x0000,
  0x1105,0x09A8,0x1391,0x163E,0x065F,0x067F,0x067F,0x067F,0x067F,0x067F,0x0E7F,0x1559,0x24D5,0x1A4B,0x0000,0x08A4,
  0x0928,0x09AE,0x237A,0x137C,0x1B7B,0x1B7B,0x239B,0x23DB,0x349D,0x44FE,0x44FE,0x44FE,0x44FD,0x44FD,0x451E,0x451E,
  0xFFFF,0xFFFF,0xFFFF,0xFFFF,0xFFFF,0xFFFF,0xFFFF,0xFFFF,0xFFFF,0xFFFF,0xFFFF,0xFFFF,0xF7FF,0xEFDF,0xAEDD,0x9EBD,
  0xA6DE,0x9EBE,0xA6BD,0xA6BD,0xA69D,0xAEBD,0x8536,0x0082,0x0020,0x0041,0x0020,0x0041,0x00A4,0x74F6,0xAF1F,0xA6FE,
  0xAEDE,0xCF5E,0xFFFF,0xFFFF,0xFFFF,0xEFBF,0xAE9C,0x9E9C,0x9E9D,0xA6BE,0x969D,0xA6DD,0x42EC,0x0000,0x0041,0x0000,
  0x29E8,0xAE7B,0xAEBD,0xA69C,0xA69C,0xA6BD,0x9EDD,0x9EBE,0xA6BE,0xA6BE,0xA69D,0xA6DE,0xB73E,0xA5F9,0x10E3,0x0000,
  0x0022,0x0022,0x0021,0x0020,0x0021,0x0021,0x0021,0x0021,0x0000,0x0000,0x0908,0x3397,0x2B99,0x23BB,0x1BBC,0x1BBC,
  0x1B9B,0x1B9B,0x1B9B,0x1B9B,0x1B9B,0x1B9B,0x1B9B,0x1B9B,0x237B,0x1B9B,0x1BBC,0x2B56,0x08A4,0x0000,0x0000,0x0000,
  0x2B8F,0x261C,0x0E3D,0x067F,0x067F,0x067F,0x069F,0x067F,0x067F,0x067F,0x269E,0x126B,0x0041,0x0041,0x0000,0x11AC,
  0x3BD9,0x2BBB,0x1BDC,0x23BD,0x239C,0x1BDB,0x3CFD,0x4D3F,0x453F,0x4D3E,0x4D3E,0x4D5E,0x4D5E,0x4D5E,0x4D5E,0x4D3E,
  0xFFFF,0xFFFF,0xFFFF,0xFFFF,0xFFFF,0xFFFF,0xFFFF,0xFFFF,0xFFFF,0xFFFF,0xFFFF,0xFFFF,0xFFFF,0xF7DF,0xBEFD,0xAEFD,
  0xAEFD,0xB6DE,0xA6BD,0x9EBE,0x9E9E,0xA6BF,0x8599,0x21A7,0x2165,0x2186,0x2966,0x0820,0x0042,0x7CF6,0xAF1F,0xA6DD,
  0xAEBD,0xCF3E,0xFFFF,0xFFFF,0xFFFF,0xEFBF,0xAE9D,0x969D,0x7DD9,0x7557,0x7D77,0x8D77,0x52ED,0x2146,0x2986,0x2145,
  0x42CC,0x9E7C,0x9EBE,0xA6DE,0xAEFD,0xAEFD,0xAEDE,0xB6DF,0xB6DF,0xB6DE,0xBEFD,0x9E3B,0x8DB9,0x84D5,0x10C3,0x0001,
  0x10A6,0x10C7,0x08C6,0x08C6,0x08C6,0x08C5,0x08E5,0x08E5,0x10C5,0x08A6,0x11CD,0x2BDA,0x23DC,0x2BDD,0x2BFD,0x23FC,
  0x23FB,0x23FB,0x23DB,0x23DB,0x23DB,0x23BB,0x1B9B,0x1B9B,0x239C,0x1B9B,0x1B16,0x22D1,0x1168,0x0906,0x0042,0x0000,
  0x1BD1,0x0EBF,0x069F,0x067F,0x0E5F,0x065F,0x067F,0x067F,0x063D,0x0D58,0x24F6,0x11A8,0x0000,0x0020,0x0000,0x1149,
  0x2AF5,0x22D6,0x22F6,0x2317,0x22F6,0x1B15,0x33F7,0x4458,0x3C38,0x4437,0x4438,0x3C37,0x3C37,0x3C37,0x3C37,0x4417,
  0xFFFF,0xFFFF,0xFFFF,0xFFFF,0xFFFF,0xFFFF,0xFFFF,0xFFFF,0xFFFF,0xFFFF,0xFFFF,0xFFFF,0xFFFF,0xFFFF,0xFFFF,0xF7FF,
  0xF7FF,0xF7FF,0xBF1E,0x967D,0x9EBE,0x96BE,0x9EBE,0xA67C,0xA67D,0xA69D,0xB6BD,0x2166,0x0001,0x7CF6,0xAF1F,0xA6BD,
  0xA69D,0xC73E,0xFFFF,0xFFFF,0xFFFF,0xEFBF,0xB6BD,0xA65B,0x29C9,0x0000,0x0021,0x0000,0x6BD2,0xAE9D,0xA67D,0xA69D,
  0x9E9D,0x9E7D,0xA69D,0xE7FF,0xF7FF,0xF7FF,0xFFFF,0xFFFF,0xF7FF,0xF7FF,0xFFFF,0x7C30,0x0000,0x0021,0x0000,0x0065,
  0x3B55,0x33B9,0x2B99,0x2B99,0x2B98,0x3398,0x2B98,0x2B99,0x3398,0x3398,0x2BBA,0x23BC,0x2BDC,0x44FF,0x451F,0x451F,
  0x451F,0x451E,0x44FE,0x44FE,0x44FF,0x345D,0x1B7A,0x237B,0x239C,0x2B17,0x0085,0x0044,0x2BD5,0x3CD8,0x0907,0x0000,
  0x23D1,0x0E9F,0x069E,0x067F,0x067F,0x067F,0x067F,0x067F,0x1E1B,0x09C9,0x0000,0x0020,0x0000,0x0800,0x0020,0x0020,
  0x0001,0x0001,0x0001,0x0001,0x0001,0x0022,0x0002,0x0001,0x0000,0x0001,0x0001,0x0001,0x0000,0x0000,0x0001,0x0001,
  0xFFFF,0xFFFF,0xFFFF,0xFFFF,0xFFFF,0xFFFF,0xFFFF,0xFFFF,0xFFFF,0xFFFF,0xFFFF,0xFFFF,0xFFFF,0xFFFF,0xFFFF,0xFFDF,
  0xFFFF,0xFFFF,0xC6FD,0x9E7C,0x9E9C,0x969D,0x9E9D,0x969E,0x969E,0x969E,0xAEBD,0x21A7,0x0021,0x7CF5,0xAEDE,0x9E7C,
  0x9E7D,0xBF1F,0xEFFF,0xF7DF,0xF7FF,0xE79E,0xB6BC,0xAE5B,0x29C9,0x0000,0x0060,0x0020,0x5BB1,0x9EBE,0x9E7D,0x9E9E,
  0x9E9D,0x9E7C,0xB69B,0xEFDF,0xFFFF,0xFFFF,0xFFFF,0xFFFF,0xFFFF,0xF7BE,0xF7FF,0x7C10,0x0000,0x0042,0x0001,0x0086,
  0x2356,0x23DB,0x239B,0x23BA,0x1BBA,0x23BB,0x239B,0x239B,0x23BA,0x239B,0x1BBC,0x1B9B,0x23BA,0x3CFD,0x451D,0x44FD,
  0x44FD,0x451D,0x451E,0x451E,0x451F,0x347D,0x1BBA,0x239A,0x2B79,0x32F3,0x0863,0x0043,0x1C17,0x253B,0x0169,0x0000,
  0x23F2,0x169F,0x067F,0x069F,0x069F,0x069F,0x067E,0x065E,0x1DFB,0x09C9,0x0021,0x0061,0x0021,0x0021,0x0041,0x0041,
  0x0041,0x0041,0x0041,0x0041,0x0061,0x0042,0x0021,0x0021,0x0021,0x0021,0x0021,0x0021,0x0021,0x0021,0x0041,0x0020,
  0xFFFF,0xFFFF,0xFFFF,0xFFFF,0xFFFF,0xFFFF,0xFFFF,0xFFFF,0xFFFF,0xFFFF,0xFFFF,0xFFFF,0xFFFF,0xFFFF,0xFFFF,0xFFFF,
  0xFFFF,0xFFFF,0xF7DF,0xEFDF,0xE7BE,0xE7BF,0xCF9F,0x9E9D,0x969E,0x9EBE,0xA69D,0x961B,0x9DF9,0x5B8F,0x21A7,0x6C73,
  0xA69E,0x9E7D,0xA69D,0xA69C,0xAEDD,0x95B7,0x3A28,0x3A2A,0x8D57,0x9DFA,0x95B9,0x9DD9,0x9E5C,0x9E9D,0xBF1E,0xDFDF,
  0xE7BE,0xE7BF,0xE7BF,0xF7FF,0xFFFF,0xFFFF,0xFFDF,0xFFDE,0xFFFF,0xA555,0x39E7,0x42CD,0x4C57,0x4438,0x4458,0x447A,
  0x44DC,0x44FD,0x44FE,0x44FE,0x44FE,0x44FE,0x44DD,0x44DD,0x44DD,0x44DD,0x3CDD,0x3CDD,0x44DD,0x3CFD,0x3CFD,0x3CFD,
  0x44FD,0x44FD,0x44FE,0x451E,0x4D1E,0x349D,0x23DB,0x1AD5,0x00E9,0x00A5,0x0000,0x0083,0x1436,0x251C,0x0169,0x0000,
  0x23F3,0x16BF,0x067F,0x06BF,0x069F,0x069F,0x067F,0x067E,0x065D,0x0DBB,0x1579,0x1D79,0x1D79,0x1D79,0x1D99,0x25B9,
  0x25B9,0x25B9,0x25B9,0x25B9,0x25B9,0x25B9,0x2599,0x2599,0x2599,0x1DB9,0x1DB9,0x25B9,0x1DB9,0x15B9,0x1D78,0x2599,
  0xFFFF,0xFFFF,0xFFFF,0xFFFF,0xFFFF,0xFFFF,0xFFFF,0xFFFF,0xFFFF,0xFFFF,0xFFFF,0xFFFF,0xFFFF,0xFFFF,0xFFFF,0xFFFF,
  0xFFFF,0xFFFF,0xFFFF,0xFFFF,0xFFFF,0xFFFF,0xE79F,0xA65B,0xA69D,0xA6BD,0xA69D,0xA6BD,0xB6DE,0x42CC,0x0000,0x63D0,
  0xB6FE,0x9E7D,0x9E9D,0xA67D,0xAEDE,0x8D77,0x0061,0x0083,0x95D9,0xB6FE,0xB6BD,0xB6DE,0xAEDD,0xA69D,0xCF5E,0xFFFF,
  0xFFFF,0xFFFF,0xFFFF,0xFFFF,0xFFDF,0xFFFF,0xFFFF,0xFFDF,0xFFFF,0x8C72,0x0000,0x220C,0x5D3D,0x451E,0x4D3E,0x4D3E,
  0x4D1E,0x451E,0x4D3E,0x4D3F,0x4D3F,0x4D3E,0x4D3E,0x4D3E,0x4D3E,0x4D3E,0x4D1E,0x4D1E,0x451E,0x451E,0x451E,0x451E,
  0x451D,0x451E,0x451E,0x451E,0x4D3E,0x3C9E,0x2BFC,0x22D3,0x0003,0x0000,0x0001,0x00A4,0x1416,0x251B,0x0969,0x0000,
  0x23F3,0x16DF,0x069F,0x06BF,0x069F,0x069F,0x069F,0x069F,0x069F,0x069F,0x0E9F,0x0E9F,0x0EBF,0x0EBF,0x0EDF,0x0EDF,
  0x0EDF,0x0EDF,0x0EDF,0x0EDF,0x0EDF,0x0EDF,0x0EDF,0x0EDF,0x0EFF,0x0EFF,0x0EFF,0x171F,0x171F,0x0EFF,0x0EDE,0x16FF,
  0xFFFF,0xFFFF,0xFFFF,0xFFFF,0xFFFF,0xFFFF,0xFFFF,0xFFFF,0xFFFF,0xFFFF,0xFFFF,0xFFFF,0xFFFF,0xFFFF,0xFFFF,0xFFFF,
  0xFFFF,0xFFFF,0xFFFF,0xFFFF,0xFFFF,0xFFFF,0xF7DF,0xDF7E,0xDF9F,0xD79F,0xD7BF,0xB6DD,0xA6BD,0x85B9,0x7CB3,0x532D,
  0x3A6A,0x3A6A,0x3A6A,0x3A6B,0x3A4B,0x4ACC,0x7494,0x7CF6,0x9E5C,0xA6BD,0xCF5F,0xDF9F,0xDF9F,0xDF9F,0xEFBF,0xFFFF,
  0xFFFF,0xFFFF,0xFFFF,0xFFDF,0xEF5D,0x6B2C,0x52AB,0x5ACA,0x5ACB,0x5370,0x3B73,0x3C18,0x44DD,0x44DC,0x44FD,0x44FD,
  0x44FD,0x44FD,0x44FE,0x44FE,0x44FE,0x44FD,0x44FD,0x451E,0x451E,0x451E,0x44FD,0x44FD,0x44FD,0x44FD,0x44FD,0x44FD,
  0x44FD,0x44FD,0x44FE,0x44FE,0x44FE,0x347D,0x23DB,0x22B2,0x0001,0x08A3,0x2330,0x13B4,0x0C9A,0x1CDB,0x0969,0x0000,
  0x1BB3,0x0E7F,0x067F,0x069F,0x067F,0x069F,0x069F,0x065F,0x065F,0x065F,0x065F,0x065E,0x067E,0x067E,0x067F,0x067E,
  0x067F,0x067F,0x067F,0x067F,0x067F,0x067F,0x067F,0x067F,0x067F,0x067F,0x067F,0x067F,0x067F,0x067F,0x067E,0x067F,
  0xFFFF,0xFFFF,0xFFFF,0xFFFF,0xFFFF,0xFFFF,0xFFFF,0xFFFF,0xFFFF,0xFFFF,0xFFFF,0xFFFF,0xFFFF,0xFFFF,0xFFFF,0xFFFF,
  0xFFFF,0xFFFF,0xFFFF,0xFFFF,0xFFFF,0xFFFF,0xFFFF,0xFFFF,0xFFFF,0xFFFF,0xF7FF,0xBEBC,0x9E7C,0xA6DE,0xAEDE,0x2A4B,
  0x0000,0x0000,0x0000,0x0000,0x0000,0x08A3,0x95DA,0xAEBE,0x9E7D,0xA67C,0xE79F,0xFFFF,0xFFFF,0xFFFF,0xFFFF,0xFFFF,
  0xFFFF,0xFFFF,0xFFFF,0xFFFF,0xF79E,0x10A3,0x0000,0x0000,0x0000,0x2A8F,0x553E,0x451F,0x4D1D,0x451D,0x451E,0x451D,
  0x451D,0x451D,0x451E,0x451E,0x451E,0x451D,0x451E,0x451E,0x451E,0x451E,0x451E,0x4D1E,0x451E,0x451E,0x451D,0x451D,
  0x451D,0x44FE,0x44FE,0x44FE,0x4D1F,0x347E,0x2BDC,0x2292,0x0001,0x0905,0x24B9,0x0D1D,0x04DD,0x149A,0x0108,0x0000,
  0x2BD2,0x26DF,0x0EBE,0x069E,0x067F,0x069F,0x06BF,0x069F,0x069F,0x069F,0x069F,0x069F,0x069F,0x067F,0x067F,0x067F,
  0x067F,0x067F,0x067F,0x067F,0x067F,0x067F,0x067F,0x065F,0x067F,0x067F,0x067F,0x067F,0x067F,0x065F,0x065E,0x067F,
  0xC71D,0xC6FD,0xC6FC,0xEFBF,0xFFFF,0xFFFF,0xFFFF,0xFFFF,0xFFFF,0xFFFF,0xFFFF,0xFFFF,0xFFFF,0xFFFF,0xFFFF,0xFFFF,
  0xFFFF,0xFFFF,0xFFFF,0xFFFF,0xFFFF,0xFFFF,0xFFFF,0xFFFF,0xFFFF,0xFFFF,0xFFFF,0xDF7E,0xCF5E,0xAEDE,0x9E9D,0x7D38,
  0x6433,0x7474,0x6C53,0x6C53,0x6432,0x74B3,0xBEDC,0xCF5E,0xCF5E,0xD75E,0xEFBF,0xFFFF,0xFFFF,0xFFFF,0xFFFF,0xFFFF,
  0xFFDF,0xFFFF,0xEF5C,0x83EF,0x630B,0x1082,0x0020,0x324B,0x42F0,0x43F7,0x44FD,0x44DE,0x44FD,0x3CFE,0x44FE,0x44FD,
  0x44FD,0x44FD,0x44FD,0x44FD,0x44FD,0x44FD,0x44FD,0x44FD,0x44FD,0x44FD,0x44FD,0x44FD,0x44FD,0x451D,0x451D,0x44FD,
  0x44FE,0x3CDE,0x44DE,0x345C,0x23DB,0x1BBB,0x239B,0x2272,0x0000,0x08E4,0x1CB8,0x051C,0x051D,0x1CBA,0x09AA,0x0000,
  0x1188,0x1ACC,0x1433,0x067D,0x067E,0x067E,0x067F,0x067F,0x067F,0x067F,0x067F,0x067F,0x065E,0x065E,0x065E,0x065E,
  0x067E,0x067F,0x067F,0x067E,0x067E,0x065E,0x065E,0x067E,0x067E,0x065E,0x065E,0x065F,0x065F,0x067F,0x067E,0x065E,
  0x9E9D,0xA69D,0xA67C,0xDF9F,0xFFFF,0xFFFF,0xFFFF,0xFFFF,0xFFFF,0xFFFF,0xFFFF,0xFFFF,0xFFFF,0xFFFF,0xFFFF,0xFFFF,
  0xFFFF,0xFFFF,0xFFFF,0xFFFF,0xFFFF,0xFFFF,0xFFFF,0xFFFF,0xFFFF,0xFFFF,0xFFFF,0xFFFF,0xF7FF,0xC71E,0x9E7D,0xA6DE,
  0xAF1F,0xAF1F,0xA71F,0xA71F,0xA6FE,0xB73E,0xF7FF,0xFFFF,0xFFFF,0xFFFF,0xFFFF,0xFFFF,0xFFFF,0xFFFF,0xFFFF,0xFFFF,
  0xFFFF,0xFFFF,0xEF1B,0x0862,0x0000,0x0000,0x0000,0x53F3,0x659E,0x4D1E,0x451E,0x4D1E,0x4D1D,0x451E,0x451E,0x451E,
  0x451E,0x4D1E,0x451E,0x451D,0x451D,0x451D,0x451D,0x451E,0x451E,0x451E,0x4D1E,0x4D1E,0x4D1E,0x4D1E,0x4D3E,0x4D3F,
  0x4D1F,0x4D1F,0x4D3F,0x2C1B,0x1339,0x135A,0x237A,0x1A71,0x0001,0x08E4,0x24B8,0x055D,0x053D,0x1CFB,0x0A4D,0x0001,
  0x0000,0x0000,0x0A4B,0x267E,0x0E9F,0x169F,0x169F,0x16BF,0x16BF,0x169F,0x16BF,0x169F,0x169F,0x169F,0x169F,0x169F,
  0x169F,0x169F,0x169F,0x169F,0x169F,0x169F,0x169F,0x169F,0x169F,0x169F,0x167F,0x1E7F,0x0E7F,0x069F,0x069F,0x067F,
  0x96BE,0x9EBE,0x9EBD,0xC73E,0xCF5E,0xEFBF,0xFFFF,0xFFFF,0xFFFF,0xFFFF,0xFFFF,0xFFFF,0xFFFF,0xFFFF,0xFFFF,0xFFFF,
  0xFFFF,0xFFFF,0xFFFF,0xFFFF,0xFFFF,0xFFFF,0xFFFF,0xFFFF,0xFFFF,0xFFFF,0xFFFF,0xFFFF,0xFFFF,0xD73E,0xBEFD,0xBEDD,
  0xB6DD,0xB6DC,0xBEDC,0xBEDC,0xB6DC,0xC6FD,0xF7DF,0xFFFF,0xFFFF,0xFFFF,0xFFFF,0xFFFF,0xFFFF,0xFFFF,0xD69A,0x94B2,
  0x9CD2,0x9CD2,0x8492,0x326C,0x220C,0x220C,0x19AB,0x3BF7,0x451D,0x3D1D,0x44FD,0x44DD,0x44FD,0x44FD,0x44FD,0x44FD,
  0x44FD,0x44FD,0x44FD,0x44FD,0x44DD,0x44FD,0x44FD,0x44FD,0x44FD,0x44FD,0x44FD,0x44FD,0x44FD,0x44FD,0x44FD,0x3CBD,
  0x347D,0x347E,0x347D,0x23FB,0x1B7A,0x137A,0x239A,0x1A71,0x0001,0x08C5,0x2478,0x051D,0x051D,0x0D1C,0x0B74,0x0A2D,
  0x0A2B,0x122A,0x1AEE,0x2BD2,0x23F4,0x23F3,0x2413,0x2413,0x2413,0x2413,0x2413,0x2413,0x2413,0x2413,0x2412,0x23F2,
  0x23F2,0x23F2,0x23F2,0x23F2,0x23F2,0x23F2,0x23F2,0x23F3,0x23D3,0x23D2,0x23D2,0x23B3,0x14D7,0x0E5D,0x065F,0x067F,
  0x9EDE,0x9EDE,0x9EDE,0xA6DE,0x9E7D,0xDF9F,0xFFFF,0xFFFF,0xFFFF,0xFFFF,0xFFFF,0xFFFF,0xFFFF,0xFFFF,0xFFFF,0xFFFF,
  0xFFFF,0xFFFF,0xFFFF,0xFFFF,0xFFFF,0xFFFF,0xFFFF,0xFFFF,0xFFFF,0xF7FF,0xFFFF,0xFFFF,0xFFFF,0xFFFF,0xFFFF,0xFFFF,
  0xFFFF,0xFFFF,0xFFFF,0xFFFF,0xFFFF,0xF7FF,0xFFFF,0xFFFF,0xFFFF,0xFFFF,0xFFFF,0xFFFF,0xFFFF,0xFFFF,0x8C51,0x0000,
  0x0000,0x0000,0x0064,0x5CD9,0x5D5E,0x5D3D,0x5D5E,0x4D3E,0x4D1D,0x451D,0x451D,0x4D1D,0x4D1E,0x451E,0x451E,0x451E,
  0x451E,0x4D1D,0x4D1D,0x4D1D,0x451E,0x451E,0x451E,0x44FD,0x44FD,0x44FD,0x451E,0x451E,0x4D1E,0x4D1E,0x44FD,0x1BBA,
  0x137A,0x1B9A,0x1B9A,0x1B9A,0x1B7B,0x1B7B,0x23BB,0x2272,0x0001,0x08E5,0x2CD9,0x055C,0x053C,0x053E,0x0D3D,0x153C,
  0x0D3B,0x1D5C,0x1B72,0x0002,0x0001,0x0001,0x0021,0x0000,0x0001,0x0001,0x0001,0x0001,0x0000,0x0000,0x0000,0x0000,
  0x0000,0x0000,0x0000,0x0000,0x0000,0x0000,0x0000,0x0000,0x0000,0x0000,0x0000,0x0000,0x02AC,0x1E9D,0x069F,0x0E7F,
  0x9EBE,0x9EBE,0x9EBE,0x9EBE,0x96BE,0xC75F,0xE7BF,0xDF9F,0xDF9F,0xE7BF,0xFFFF,0xFFFF,0xFFFF,0xFFFF,0xFFFF,0xFFFF,
  0xFFFF,0xFFFF,0xFFFF,0xFFFF,0xFFFF,0xFFFF,0xFFFF,0xFFFF,0xFFFF,0xFFFF,0xFFFF,0xFFFF,0xFFFF,0xFFFF,0xFFFF,0xFFFF,
  0xFFFF,0xFFFF,0xFFFF,0xFFFF,0xFFFF,0xFFFF,0xFFFF,0xFFFF,0xFFFF,0xFFFF,0xFFDF,0xFFFF,0xD6BA,0xBDF8,0x632C,0x0020,
  0x0882,0x1126,0x19EC,0x3C9A,0x351E,0x3CFD,0x44FD,0x44FD,0x44FD,0x44FD,0x44FD,0x44FD,0x44FD,0x44FD,0x44FD,0x44FD,
  0x44FD,0x44FD,0x44FD,0x44FD,0x44FD,0x44FD,0x44FD,0x44FD,0x44FD,0x44FD,0x44FD,0x44FD,0x44FD,0x44FD,0x3CDD,0x23FA,
  0x1BBB,0x1BBB,0x1BDA,0x23DB,0x23DC,0x1B9B,0x239C,0x1A93,0x0001,0x08C4,0x33B2,0x1C36,0x0D1B,0x055D,0x055E,0x055D,
  0x053D,0x053D,0x13F6,0x0969,0x0926,0x0947,0x0967,0x0947,0x0946,0x0947,0x0947,0x0926,0x0926,0x0946,0x0946,0x0926,
  0x0927,0x0927,0x0927,0x0926,0x0926,0x0927,0x0927,0x0926,0x0062,0x0000,0x0020,0x0000,0x0AAC,0x1E7E,0x067F,0x067F,
  0x9EDE,0x9EBE,0x9EBE,0x9EBE,0x9EBE,0x9EBD,0xA69D,0x9E9D,0xA67C,0xC6FC,0xF7FF,0xFFFF,0xFFFF,0xFFFF,0xFFFF,0xFFFF,
  0xFFFF,0xFFFF,0xFFFF,0xFFFF,0xFFFF,0xFFFF,0xFFFF,0xFFFF,0xFFFF,0xFFFF,0xFFFF,0xFFFF,0xFFFF,0xFFFF,0xFFFF,0xFFFF,
  0xFFFF,0xFFFF,0xFFFF,0xFFFF,0xFFFF,0xFFFF,0xFFFF,0xFFFF,0xFFFF,0xFFFF,0xFFFF,0xFFFF,0x7BCF,0x0000,0x0000,0x0000,
  0x1106,0x5C97,0x54FB,0x44FD,0x44FD,0x4D1D,0x4D1E,0x451E,0x451E,0x451E,0x451E,0x451E,0x451E,0x451E,0x451E,0x451E,
  0x451E,0x451E,0x451D,0x451D,0x451D,0x451D,0x451D,0x451E,0x451E,0x451E,0x451E,0x451E,0x451E,0x451D,0x451D,0x451E,
  0x44FF,0x44FF,0x44FE,0x451E,0x4D3F,0x347E,0x23BC,0x1A73,0x0002,0x0001,0x0023,0x00C6,0x1CB8,0x0D9E,0x059E,0x0DBD,
  0x053D,0x04DC,0x0CBB,0x1CB9,0x2498,0x1C99,0x1C99,0x1C99,0x1C99,0x1C99,0x1C99,0x1C99,0x1C99,0x1C99,0x1C99,0x1498,
  0x1C99,0x1C79,0x2478,0x1C98,0x1CB9,0x1C99,0x247A,0x2C98,0x11A9,0x0000,0x0020,0x0000,0x12AC,0x2E7F,0x0E9F,0x069E,
  0x96BE,0x9EBE,0x9EBE,0x9EBE,0x9EBE,0x96BE,0x96BF,0x96BF,0x969D,0xB6FD,0xDFBF,0xE7BF,0xEFBF,0xE7BE,0xF7FF,0xFFFF,
  0xFFFF,0xFFFF,0xFFFF,0xFFFF,0xFFFF,0xFFFF,0xFFFF,0xFFFF,0xFFFF,0xFFFF,0xFFFF,0xFFFF,0xFFFF,0xFFFF,0xFFFF,0xFFFF,
  0xFFFF,0xFFFF,0xFFFF,0xFFFF,0xFFFF,0xFFFF,0xFFFF,0xFFFF,0xFFFF,0xFFFF,0xE75C,0xE73C,0x73AE,0x0000,0x0883,0x10C5,
  0x19CC,0x4C9B,0x3CFE,0x44FE,0x4CDD,0x4CFD,0x44FD,0x44FD,0x44FD,0x44FD,0x451E,0x451E,0x451E,0x451E,0x44FD,0x44FD,
  0x44FD,0x44FD,0x44FD,0x44FD,0x44FD,0x44FD,0x44FD,0x44FD,0x44FD,0x451D,0x44FD,0x44FD,0x44FD,0x44FD,0x44FD,0x44FD,
  0x44FE,0x44FE,0x44FE,0x44FD,0x4D3E,0x3C7D,0x23DC,0x22B5,0x08C9,0x08A7,0x0002,0x0063,0x23B3,0x2499,0x0D3C,0x05BF,
  0x055E,0x04FD,0x051D,0x051D,0x051D,0x051D,0x04FC,0x051C,0x051C,0x051C,0x051C,0x051C,0x051C,0x051C,0x051C,0x051B,
  0x051C,0x051C,0x051C,0x051C,0x053C,0x051D,0x053D,0x153C,0x0AAF,0x0926,0x08A3,0x0000,0x1A2A,0x3D38,0x15DB,0x069E,
  0x9EBE,0x9EBE,0x9EBE,0x9EBE,0x9EBE,0x9EBE,0x9EBF,0x96DF,0x9EBE,0xA6BE,0xAEBD,0xAEBD,0xAEDD,0xB6BC,0xEFDF,0xFFFF,
  0xFFFF,0xFFFF,0xFFFF,0xFFFF,0xFFFF,0xFFFF,0xFFFF,0xFFFF,0xFFFF,0xFFFF,0xFFFF,0xFFFF,0xFFFF,0xFFFF,0xFFFF,0xFFFF,
  0xFFFF,0xFFFF,0xFFFF,0xFFFF,0xFFFF,0xFFFF,0xFFFF,0xFFFF,0xFFFF,0xFFFF,0x632D,0x1082,0x0861,0x0000,0x2A4D,0x64B8,
  0x54BA,0x4CFD,0x451E,0x44FE,0x4CFE,0x44FD,0x451E,0x451E,0x451E,0x451E,0x451E,0x451E,0x451E,0x451E,0x451E,0x451E,
  0x451E,0x451E,0x451E,0x451E,0x451E,0x451E,0x451E,0x451D,0x451E,0x451E,0x451E,0x451E,0x451E,0x451E,0x451E,0x44FE,
  0x4D1E,0x4D1E,0x4D1E,0x4D1E,0x4D3E,0x3C7D,0x1B9C,0x237B,0x3378,0x32F5,0x0885,0x0000,0x0063,0x00E6,0x1C98,0x05BE,
  0x05DE,0x0E3F,0x0E3F,0x0E1F,0x0E1F,0x0E1F,0x0E1E,0x0E3F,0x0E3F,0x0E3F,0x0E3F,0x0E1E,0x0E1E,0x0E1E,0x0E1E,0x161D,
  0x161E,0x0E1F,0x0E1E,0x0E3F,0x0E3F,0x0E3F,0x0E5F,0x0E3F,0x1DFC,0x35BB,0x1A4B,0x0000,0x0062,0x0063,0x0AAE,0x165E,
  0x9EBE,0x96BE,0x96BE,0x96BE,0x96BE,0x9EBE,0x9EBE,0x96BE,0x9EBE,0x9EBE,0x9EBD,0x9EBD,0x9EBD,0xA6BD,0xDFBF,0xF7FF,
  0xEFFF,0xEFFF,0xF7FF,0xFFFF,0xFFFF,0xFFFF,0xFFFF,0xFFFF,0xFFFF,0xFFFF,0xFFFF,0xFFFF,0xFFFF,0xFFFF,0xFFFF,0xFFFF,
  0xFFFF,0xFFFF,0xFFFF,0xFFFF,0xFFFF,0xFFFF,0xFFFF,0xFFFF,0xFFFF,0xFFFF,0x528A,0x0000,0x0043,0x0063,0x2A90,0x5D1D,
  0x4CFE,0x4CFE,0x451D,0x451D,0x451D,0x451D,0x451D,0x44FD,0x44FD,0x44FD,0x44FD,0x44FD,0x44FD,0x44FD,0x44FD,0x44FD,
  0x44FD,0x44FD,0x44FD,0x44FD,0x44FD,0x44FD,0x44FD,0x44FD,0x44FD,0x44FD,0x44FD,0x451D,0x451E,0x451E,0x44FE,0x44FE,
  0x44FD,0x44FE,0x44FE,0x44FE,0x4D3E,0x3C7D,0x1B9C,0x1B9C,0x1BBB,0x2337,0x00E8,0x0043,0x0023,0x00A5,0x2C35,0x2D7B,
  0x2D9B,0x2DDB,0x2DDB,0x2DFC,0x2DFC,0x2DFC,0x2DFB,0x2DFB,0x2DFB,0x2DFB,0x2DFB,0x2DFB,0x2DFB,0x2DDB,0x2DDB,0x2DFB,
  0x2DDC,0x25FC,0x2DFC,0x261C,0x261C,0x261C,0x0E5E,0x067F,0x065F,0x1E3E,0x0ACF,0x00A4,0x0082,0x0000,0x0A0A,0x2DFD,
  0x969E,0x969E,0x96BE,0x96BE,0x96BE,0x969E,0x969E,0x969E,0x969E,0x969E,0x9EBE,0x96BD,0x96BD,0x9E9D,0xAEDE,0xB6FE,
  0xAEFD,0xB6DC,0xE77E,0xFFFF,0xFFFF,0xFFFF,0xFFFF,0xFFFF,0xFFFF,0xFFFF,0xFFFF,0xFFFF,0xFFFF,0xFFFF,0xFFFF,0xFFFF,
  0xFFFF,0xFFFF,0xFFFF,0xFFFF,0xFFFF,0xFFFF,0xFFFF,0xF79E,0x736D,0x39C7,0x18A2,0x0001,0x326D,0x5436,0x4C79,0x451C,
  0x451E,0x451E,0x451D,0x451D,0x44FD,0x44FD,0x44FD,0x44FD,0x44FD,0x44FD,0x44FD,0x44FD,0x44FD,0x44FD,0x44FD,0x44FD,
  0x44FD,0x44FD,0x44FD,0x44FD,0x44FD,0x44FD,0x44FD,0x44FD,0x44FD,0x44FD,0x44FD,0x44FD,0x44FD,0x44FD,0x44FD,0x44FD,
  0x44FD,0x44FD,0x44FD,0x44FD,0x4D1D,0x44FE,0x44DE,0x3C7C,0x1B9B,0x2379,0x22F5,0x22D4,0x22B3,0x2292,0x11AA,0x1146,
  0x1147,0x1147,0x1166,0x1166,0x1166,0x1166,0x1166,0x1166,0x1166,0x1166,0x1166,0x1166,0x1166,0x1166,0x1166,0x0966,
  0x0966,0x0986,0x1186,0x1187,0x0966,0x0A2A,0x1D9A,0x0EBF,0x0E7F,0x167F,0x159B,0x2538,0x22EE,0x0001,0x018A,0x0C18,
  0x9EBE,0x9EBE,0x9EBE,0x9EBE,0x9EBE,0x9EBE,0x9EBE,0x9EBE,0x9EBE,0x9EBE,0x9EDE,0x9EDF,0x96DF,0x9EDE,0x9EBE,0x969E,
  0x96BE,0x9E9C,0xD77E,0xF7FF,0xFFFF,0xFFFF,0xFFFF,0xFFFF,0xFFFF,0xFFFF,0xFFFF,0xFFFF,0xFFFF,0xFFFF,0xFFFF,0xFFFF,
  0xFFFF,0xFFFF,0xFFFF,0xFFFF,0xFFFF,0xFFFF,0xFFFF,0xF7DF,0x31E8,0x0000,0x0000,0x0002,0x2AD1,0x5D5D,0x4D5D,0x4D3D,
  0x4D3D,0x453E,0x4D1D,0x4D1D,0x4D1D,0x451E,0x451E,0x451D,0x451D,0x451D,0x451D,0x451E,0x451E,0x451E,0x451E,0x451E,
  0x451E,0x451E,0x451E,0x451E,0x451E,0x451E,0x451E,0x4D1E,0x4D1E,0x4D1E,0x451E,0x451E,0x451E,0x451E,0x451D,0x451D,
  0x451D,0x451D,0x4D1E,0x4D3E,0x4D3F,0x4D3E,0x555F,0x44BE,0x1B9B,0x1B9A,0x237B,0x237A,0x237A,0x2B58,0x0087,0x0000,
  0x0000,0x0000,0x0000,0x0000,0x0000,0x0000,0x0000,0x0000,0x0000,0x0000,0x0000,0x0000,0x0000,0x0000,0x0000,0x0000,
  0x0000,0x0000,0x0000,0x0001,0x0000,0x00A3,0x2559,0x0EBF,0x069F,0x067F,0x0E5F,0x1E9F,0x2BD2,0x0000,0x0948,0x1B55,
  0x96BE,0x96BE,0x969E,0x969E,0x969E,0x969E,0x969E,0x969E,0x9E9E,0x969E,0x96BE,0x96BE,0x96BE,0x96BD,0x9EBE,0x969D,
  0x969E,0x9EBE,0xAF1E,0xC73E,0xDF7E,0xFFFF,0xFFFF,0xFFFF,0xFFFF,0xFFFF,0xFFFF,0xFFFF,0xFFFF,0xFFFF,0xFFFF,0xFFFF,
  0xFFFF,0xFFFF,0xFFFF,0xFFDF,0xFFFF,0xDEFB,0x7BEF,0x6B6D,0x2104,0x0021,0x322C,0x32F1,0x3BF7,0x4D1C,0x451D,0x4CFD,
  0x451D,0x451D,0x4CFD,0x4CFD,0x44FD,0x44FD,0x44FD,0x44FD,0x44FD,0x44FD,0x44FD,0x44FD,0x44FD,0x44FD,0x44FD,0x44FD,
  0x44FD,0x44FD,0x44FD,0x44FD,0x44FD,0x44FD,0x44FD,0x44FD,0x44FD,0x44FD,0x44FD,0x451D,0x451D,0x451D,0x451D,0x451D,
  0x44FE,0x44FE,0x44FE,0x349D,0x241C,0x349C,0x451D,0x44DD,0x3C9C,0x349C,0x347C,0x341C,0x237B,0x2378,0x1A72,0x1A2F,
  0x1A2F,0x1A0F,0x1A0F,0x1A0F,0x1A0F,0x122F,0x1A2F,0x1A0F,0x1A0F,0x1A0F,0x1A0F,0x1A0F,0x1A0F,0x1A0F,0x1A2F,0x1A30,
  0x1A10,0x1230,0x1A51,0x21EE,0x0022,0x00C4,0x1D59,0x0EBF,0x069F,0x067F,0x065E,0x0E9D,0x23D1,0x0001,0x0864,0x116A,
  0x9EBE,0x9EBE,0x9EDE,0x9EDE,0x9EDE,0x9EDE,0x9EBE,0x9EBE,0x9EBE,0x9EBE,0x9EBE,0x9EDE,0x9EDE,0x9EDE,0x9EBE,0x9EBE,
  0x9EBF,0x96DF,0x9EBE,0x9E9C,0xBF1D,0xF7FF,0xF7FF,0xF7FF,0xFFFF,0xFFFF,0xFFFF,0xFFFF,0xFFFF,0xFFFF,0xFFFF,0xFFFF,
  0xFFFF,0xFFFF,0xFFFF,0xFFDF,0xFFFF,0xC679,0x0862,0x0000,0x0000,0x0022,0x43D5,0x5D7F,0x4D3E,0x4D1D,0x453E,0x4D1E,
  0x4D3E,0x4D3E,0x4D3E,0x4D3E,0x4D3E,0x4D3E,0x4D1E,0x4D3E,0x4D3E,0x4D3E,0x451E,0x453E,0x4D3E,0x4D3E,0x4D3E,0x4D1E,
  0x4D1E,0x4D1E,0x4D3E,0x4D3E,0x4D3E,0x4D3E,0x4D1E,0x4D1E,0x451E,0x451E,0x4D1E,0x4D1E,0x4D1E,0x4D1E,0x4D1E,0x4D3E,
  0x4D3E,0x4D3F,0x4D3F,0x2C3B,0x0B38,0x2C5C,0x451E,0x451D,0x4D3E,0x4D3E,0x4D3E,0x4D1F,0x23DA,0x1B79,0x2BBA,0x2BBA,
  0x2BBA,0x239A,0x239A,0x239A,0x239A,0x239A,0x239A,0x239A,0x239A,0x239A,0x239A,0x2379,0x2379,0x2B9A,0x2B9A,0x239A,
  0x2B9B,0x23BB,0x23DC,0x3336,0x0025,0x0084,0x2CF7,0x265E,0x0E7E,0x06BE,0x067E,0x16DE,0x1C31,0x0041,0x0001,0x0001,
  0x96BE,0x96BE,0x96BE,0x96BE,0x96BE,0x96BE,0x96BE,0x96BE,0x96BE,0x96BE,0x96BE,0x96BE,0x96BE,0x9EBE,0x9EBE,0x96BE,
  0x96BE,0x96BF,0x9EBE,0x9E9D,0xAEDD,0xBF3E,0xBF3D,0xBF1D,0xD73D,0xFFFF,0xFFFF,0xFFFF,0xFFFF,0xFFFF,0xFFFF,0xFFFF,
  0xFFFF,0xFFFF,0xFFFF,0xFFDF,0xFFFF,0xCE7A,0x18C2,0x0841,0x3A8C,0x32F0,0x3C38,0x3CFD,0x44FD,0x44FD,0x44FD,0x44FD,
  0x44FD,0x451D,0x44FD,0x44FD,0x44FD,0x44FD,0x451D,0x44FD,0x44FD,0x44FD,0x44FD,0x44FD,0x44FD,0x44FD,0x44FD,0x44FD,
  0x44FD,0x44FD,0x44FD,0x44FD,0x44FD,0x44FD,0x44FD,0x44FD,0x44FD,0x44FD,0x44FD,0x44FD,0x44FD,0x44FD,0x44FD,0x44FD,
  0x44FD,0x44FE,0x451E,0x3CBD,0x2C3B,0x3CBD,0x451E,0x44FD,0x44FD,0x44FD,0x44FE,0x44FE,0x345C,0x2C3B,0x345C,0x343C,
  0x343C,0x343C,0x343C,0x343C,0x343C,0x343C,0x343C,0x343B,0x343B,0x343B,0x343B,0x343C,0x343C,0x343C,0x343C,0x2C3C,
  0x343C,0x2C1D,0x1B9B,0x2358,0x2231,0x222D,0x1A6C,0x0A8C,0x14F7,0x0E7E,0x065E,0x169F,0x2412,0x0020,0x08A5,0x222E,
  0x9EDE,0x9EDE,0x9EBE,0x9EBE,0x9EBE,0x9EBE,0x9EBE,0x9EBE,0x9EBE,0x9EBE,0x9EDE,0x9EDE,0x9EDE,0x9EDE,0x9EDF,0x9EDF,
  0x9EDF,0x9EDF,0x9EDF,0x9EDE,0xA6BD,0x9EBD,0x9EBE,0x9E9D,0xBEDD,0xF7FF,0xFFFF,0xFFFF,0xFFFF,0xFFFF,0xFFFF,0xFFFF,
  0xFFFF,0xFFFF,0xFFFF,0xFFFF,0xFFFF,0xDEBA,0x1061,0x0042,0x5477,0x555E,0x451D,0x451D,0x4D1D,0x4D1D,0x451E,0x451E,
  0x4D1E,0x451E,0x4D1E,0x4D1E,0x4D1E,0x4D1E,0x4D1E,0x4D1E,0x4D1E,0x4D1E,0x451E,0x451E,0x451E,0x451E,0x451E,0x451E,
  0x451E,0x451E,0x4D1E,0x4D1E,0x4D1E,0x4D1E,0x4D1E,0x451E,0x451E,0x451E,0x451E,0x451E,0x451E,0x451E,0x451E,0x4D1E,
  0x451E,0x451E,0x4D1E,0x4D3E,0x4D3F,0x4D3F,0x451E,0x451D,0x451E,0x451E,0x451E,0x44FE,0x4D3E,0x4D3F,0x4D1F,0x4D1F,
  0x4D1F,0x4D1F,0x4D1F,0x4D1F,0x4D1F,0x4D1F,0x4D1F,0x4D3E,0x4D3E,0x4D3E,0x4D3E,0x4D3E,0x4D3E,0x4D3E,0x4D3F,0x4D3E,
  0x4D5F,0x3CDE,0x137A,0x1B7B,0x2BDC,0x3B97,0x0884,0x0000,0x23F2,0x1E9F,0x0E5F,0x1EBF,0x2C12,0x0000,0x1129,0x33D9,
  0x969D,0x969E,0x969E,0x969E,0x969E,0x969E,0x969D,0x969D,0x969E,0x969E,0x969E,0x969E,0x969E,0x969E,0x969E,0x969E,
  0x969E,0x969E,0x969D,0x969E,0x9E9E,0x969E,0x96BE,0x969E,0xA6BD,0xC75F,0xCF7F,0xCF5E,0xD75E,0xEFBF,0xFFFF,0xFFFF,
  0xFFFF,0xFFFF,0xFFFF,0xE75C,0xAD75,0x8472,0x220A,0x1A0C,0x3C58,0x3CFE,0x3CDD,0x44DD,0x44DC,0x44DC,0x44FD,0x44FD,
  0x44FD,0x44FD,0x44FD,0x44FD,0x44FD,0x44FD,0x44FD,0x44FD,0x44FD,0x44FD,0x44FD,0x44FD,0x44FD,0x44FD,0x44FD,0x44FD,
  0x44FD,0x44FD,0x44FD,0x44FD,0x44FD,0x44FD,0x44FD,0x44FD,0x44FD,0x44FD,0x44FD,0x44FD,0x44FD,0x44FD,0x44FD,0x44DD,
  0x44DD,0x44DD,0x44FD,0x44FD,0x3CDD,0x3CFD,0x44FD,0x44FD,0x44FD,0x44DD,0x44DD,0x44DD,0x44DD,0x44DD,0x3CDD,0x44DD,
  0x44DD,0x44DD,0x3CDD,0x44DD,0x44DD,0x44DD,0x3CDD,0x3CDD,0x3CDD,0x3CDD,0x3CDD,0x3CDD,0x3CDD,0x3CFD,0x44FD,0x44FD,
  0x44FD,0x34BD,0x23FB,0x23DC,0x1B9B,0x2378,0x11AD,0x0948,0x22EE,0x2C13,0x1BF2,0x2432,0x22CE,0x0109,0x11F0,0x2379,
  0x9EBE,0x9EBE,0x9EDE,0x9EDE,0x9EDE,0x9EDE,0x9EDE,0x9EDE,0x9EDE,0x9EDE,0x9EDE,0x9EDE,0x9EDF,0x9EDF,0x9EDF,0x9EDE,
  0x9EDE,0x9EDE,0x9EBE,0x9EDF,0x9EDF,0x9EDE,0xA6BE,0x9EBF,0x9EDF,0x9EBE,0xA6BE,0xA69D,0xAE7C,0xDF7E,0xFFFF,0xFFFF,
  0xFFFF,0xFFFF,0xFFFF,0xCE59,0x0000,0x08A4,0x54B9,0x5D5D,0x4CFC,0x4D1D,0x451E,0x451E,0x451D,0x451D,0x451E,0x451E,
  0x451E,0x451E,0x451E,0x451E,0x451E,0x451E,0x4D1E,0x4D1E,0x4D1E,0x4D1E,0x4D1E,0x4D1E,0x4D1E,0x4D1E,0x4D1E,0x4D1E,
  0x4D1E,0x4D1E,0x451E,0x451E,0x4D1E,0x4D1E,0x4D1E,0x4D1E,0x4D1E,0x451E,0x451E,0x4D1E,0x4D1E,0x4D1E,0x4D1E,0x4D1E,
  0x4D1E,0x4D1E,0x451E,0x451E,0x451E,0x451E,0x453E,0x451E,0x451E,0x451E,0x451D,0x451D,0x451E,0x4D1E,0x451E,0x451E,
  0x451E,0x451E,0x451E,0x451E,0x451E,0x451E,0x451E,0x451E,0x451E,0x451E,0x451E,0x4D1E,0x4D1E,0x451E,0x451E,0x4D1E,
  0x4D1E,0x4D1E,0x553E,0x44DF,0x1B9A,0x1B79,0x2B98,0x3397,0x1148,0x0000,0x0000,0x0000,0x08E8,0x3357,0x237A,0x1B59,
  0x969E,0x969E,0x969E,0x969E,0x969E,0x969E,0x969E,0x969E,0x969E,0x969E,0x96BE,0x96BE,0x96BE,0x969E,0x969E,0x969E,
  0x969E,0x969E,0x969E,0x969E,0x969E,0x969E,0x9E9D,0x96BE,0x96BF,0x96BE,0x96BE,0x969E,0x9E9D,0xC73E,0xDFBF,0xDFBF,
  0xE7BF,0xE79F,0xEFDF,0xBE39,0x0841,0x08C4,0x4C99,0x453E,0x44FD,0x4CFC,0x44FD,0x44FE,0x3CFE,0x3CFE,0x44FD,0x44FD,
  0x44FD,0x44FD,0x44FD,0x44FD,0x44FD,0x44FD,0x44FD,0x44FD,0x44FD,0x44FD,0x44FD,0x44FD,0x44FD,0x44FD,0x44FD,0x44FD,
  0x44FD,0x44FD,0x44FD,0x44FD,0x44FD,0x44FD,0x44FD,0x44FD,0x44FD,0x44FD,0x44FD,0x44FD,0x44FD,0x44FD,0x44FD,0x44FD,
  0x44FD,0x44FD,0x44FD,0x44FD,0x44FD,0x44FD,0x44FD,0x44FD,0x44FD,0x44FD,0x44FD,0x44FD,0x44FD,0x44FD,0x44FD,0x44FD,
  0x44FD,0x44FD,0x44FD,0x44FD,0x44FD,0x44FD,0x44FD,0x44FD,0x44FD,0x44FD,0x44FD,0x44FD,0x44FD,0x44FD,0x44FD,0x44FE,
  0x44FE,0x4CDC,0x4CFC,0x3CBD,0x1BDA,0x23BA,0x1BBB,0x239A,0x11EF,0x00E8,0x00E8,0x00C8,0x09AF,0x2B79,0x239A,0x1B9A,
  0x96BE,0x96BE,0x96BE,0x96BE,0x96BE,0x96BE,0x96BE,0x96BE,0x96BE,0x96BE,0x96BE,0x96BE,0x96BE,0x96BE,0x96BE,0x96BE,
  0x96BE,0x96BE,0x96BE,0x96BE,0x96BE,0x96BE,0x96BF,0x96DF,0x96BF,0x9EBE,0x9EDE,0x96BF,0x9EDE,0xA6DE,0xA6DD,0xA6DD,
  0xA6FE,0xAEFE,0xBF5F,0x9DB7,0x0020,0x08C3,0x4C99,0x4D3F,0x4D1E,0x4D1E,0x451E,0x451E,0x451E,0x451E,0x451E,0x451D,
  0x451D,0x451E,0x451E,0x451E,0x451E,0x451E,0x451E,0x451E,0x451E,0x451E,0x451D,0x451D,0x451D,0x451D,0x451D,0x451E,
  0x451E,0x451E,0x451E,0x451E,0x451E,0x451E,0x451E,0x451E,0x451E,0x451E,0x451E,0x451E,0x451E,0x451E,0x451E,0x44FE,
  0x451E,0x451E,0x451E,0x451E,0x451E,0x451E,0x451E,0x451D,0x451E,0x451E,0x451E,0x451E,0x451E,0x451E,0x451E,0x451E,
  0x451E,0x451E,0x451E,0x451E,0x451E,0x451E,0x451E,0x451E,0x451E,0x451E,0x451E,0x451E,0x451E,0x451E,0x451E,0x4D1D,
  0x451E,0x451E,0x451D,0x44FE,0x44FE,0x44DE,0x2BFC,0x23BC,0x2B9A,0x2B79,0x2B58,0x2358,0x2378,0x1B7A,0x23DB,0x3CBE,
  0x96BE,0x96BE,0x969E,0x969E,0x969E,0x969E,0x969E,0x969E,0x969E,0x969E,0x969E,0x969E,0x969E,0x969E,0x969E,0x969E,
  0x969E,0x96BE,0x96BE,0x96BE,0x96BE,0x9E9E,0x969E,0x96BF,0x96BE,0x9E9D,0x96BE,0x96BE,0x96BE,0x9EBE,0x969F,0x969E,
  0x9EBD,0x963B,0x8598,0x7494,0x08A4,0x1148,0x4CBB,0x4D3E,0x4D1D,0x451F,0x451E,0x4CFD,0x451D,0x451D,0x44FD,0x44FD,
  0x44FD,0x44FD,0x44FD,0x44FD,0x44FD,0x44FD,0x451D,0x451D,0x451D,0x451D,0x44FD,0x44FD,0x44FD,0x44FD,0x451D,0x451D,
  0x451D,0x451D,0x44FD,0x44FD,0x44FD,0x44FD,0x44FD,0x44FD,0x44FD,0x44FD,0x44FD,0x44FD,0x44FD,0x44FD,0x44FD,0x44FD,
  0x44FD,0x44FD,0x44FE,0x44FE,0x44FE,0x44FE,0x451D,0x451D,0x44FD,0x44FD,0x44FD,0x44FD,0x44FE,0x44FE,0x44FE,0x451E,
  0x451D,0x451D,0x451D,0x44FD,0x44FD,0x451D,0x451D,0x44FD,0x44FD,0x44FD,0x44FD,0x44FD,0x44FD,0x44FD,0x44FD,0x4CFD,
  0x44FD,0x451D,0x44FE,0x44FE,0x451E,0x44FE,0x2BDB,0x2B9A,0x2BDB,0x23DA,0x23DB,0x2B9A,0x239A,0x239B,0x23FB,0x3CFE,
  0x96BE,0x96BE,0x96BE,0x96BE,0x96BE,0x96BE,0x96BE,0x96BE,0x96BE,0x96BE,0x96BE,0x96BE,0x96BE,0x96BE,0x96BE,0x96BE,
  0x96BE,0x96BE,0x96BE,0x96BE,0x96BE,0x9EBE,0x96BE,0x96BE,0x96BE,0x9EBE,0x96BE,0x96BE,0x96BE,0x96BE,0x969F,0x969F,
  0xA6FF,0x6C94,0x0062,0x21A9,0x43D5,0x4418,0x44FD,0x4D3E,0x4D1E,0x451E,0x451E,0x4D1D,0x44FD,0x44FD,0x44FD,0x44FE,
  0x44FE,0x44FE,0x44FE,0x451E,0x451E,0x451E,0x451E,0x451E,0x451E,0x451E,0x451E,0x451E,0x451E,0x451E,0x451E,0x451E,
  0x451E,0x451E,0x451E,0x451E,0x451E,0x451E,0x451E,0x44FE,0x44FE,0x44FE,0x451E,0x451E,0x451E,0x451E,0x451E,0x451D,
  0x451E,0x451E,0x451E,0x451D,0x44FE,0x44FE,0x44FE,0x451D,0x451D,0x44FE,0x44FE,0x44FE,0x44FE,0x44FE,0x44FE,0x44FE,
  0x44FD,0x44FD,0x44FD,0x44FE,0x44FE,0x44FD,0x44FD,0x44FE,0x451E,0x451E,0x451E,0x451E,0x451E,0x451E,0x451E,0x44FE,
  0x4CFD,0x451D,0x44FE,0x44FE,0x451D,0x451E,0x44BD,0x44BD,0x44DD,0x3CFD,0x44DD,0x44BD,0x44BD,0x44BE,0x44DD,0x3D1E,
  0x96BE,0x96BE,0x96BE,0x96BE,0x9E9E,0x96BE,0x96BE,0x96BE,0x96BE,0x96BE,0x96BE,0x96BE,0x96BE,0x96BE,0x96BE,0x96BE,
  0x96BE,0x96BE,0x96BE,0x96BE,0x96BE,0x96BE,0x96BE,0x9EBE,0x9EBE,0x9EBE,0x9EBE,0x9EBE,0x9EBE,0x96BE,0x969D,0x967D,
  0x9E7D,0x6412,0x0001,0x11AB,0x3C9C,0x3CBD,0x44DE,0x44FE,0x44FE,0x44FE,0x451E,0x451D,0x451D,0x451E,0x451D,0x44FD,
  0x44FD,0x44FE,0x451E,0x44FE,0x44FE,0x44FE,0x451E,0x451E,0x451E,0x44FE,0x451E,0x451E,0x451E,0x451E,0x451E,0x44FE,
  0x44FE,0x44FE,0x451E,0x451E,0x451E,0x451E,0x451E,0x44FE,0x44FE,0x44FE,0x44FE,0x44FE,0x44FE,0x451E,0x451D,0x451D,
  0x451D,0x451D,0x451D,0x451E,0x451E,0x451E,0x451E,0x44FD,0x44FD,0x44FD,0x44FD,0x44FD,0x44FD,0x44FD,0x44FD,0x44FD,
  0x44FD,0x44FD,0x44FD,0x44FE,0x44FE,0x44FE,0x44FD,0x44FD,0x44FD,0x44FD,0x44FD,0x44FD,0x44FD,0x44FD,0x44FD,0x44FD,
  0x44FD,0x44FD,0x44FD,0x44FD,0x44FD,0x451D,0x451D,0x4D1E,0x4D1E,0x4D1E,0x4D1E,0x4D1E,0x451D,0x4D1D,0x451D,0x44FD,
  0x969D,0x969D,0x969D,0x969D,0x967D,0x969E,0x969E,0x969E,0x969E,0x969E,0x969E,0x969E,0x969E,0x969E,0x969E,0x969E,
  0x969E,0x969E,0x969E,0x969E,0x969E,0x969E,0x969E,0x969E,0x969E,0x969E,0x969E,0x969E,0x969E,0x969D,0x969C,0x53D1,
  0x2167,0x2A0B,0x2A71,0x1AD4,0x1B7A,0x1B5B,0x1B7A,0x1B9B,0x1B9A,0x1BBA,0x44DD,0x44FD,0x44FD,0x44FD,0x44FD,0x44FD,
  0x44FD,0x44FC,0x44FD,0x44FD,0x44FD,0x44FD,0x44FD,0x44FD,0x44FD,0x44FD,0x44FD,0x44FD,0x44FD,0x44FD,0x44FD,0x44FD,
  0x44FD,0x44FD,0x44FD,0x44FD,0x44FD,0x44FD,0x44FD,0x44FD,0x44FD,0x44FD,0x44DD,0x44FD,0x44FD,0x44FD,0x44FD,0x44FD,
  0x44FD,0x44FD,0x44DD,0x44DD,0x44DD,0x44DD,0x44DD,0x44FD,0x44FD,0x44FD,0x44FD,0x44FD,0x44FD,0x44FD,0x44FD,0x44DD,
  0x44DD,0x44DD,0x44DD,0x44FD,0x44DD,0x44DD,0x44DD,0x44DD,0x44DD,0x44DD,0x44DD,0x44DD,0x44DD,0x44DD,0x44DD,0x44DD,
  0x44DD,0x44DD,0x44DD,0x44FD,0x44DD,0x44DD,0x44FD,0x44FD,0x44FD,0x44FD,0x44FD,0x44FD,0x44FD,0x44FD,0x44DD,0x44FD,
  0x9EDE,0x9EDE,0x9EBE,0x9EBE,0x9EBE,0x9EBE,0x96BE,0x9EBE,0x9EBE,0x9EBE,0x96BE,0x96BE,0x96BE,0x9EBE,0x9EBE,0x9EBE,
  0x9EBE,0x9EBE,0x9EBE,0x9EBE,0x9EBE,0x9EBE,0x9EBE,0x9EBE,0x9EBE,0x9EBE,0x9EBE,0x9EBE,0x9EBE,0x96BE,0x9EBD,0x4B0D,
  0x0000,0x198B,0x2B79,0x1B5A,0x133B,0x133B,0x135B,0x135B,0x135B,0x135A,0x44DF,0x553F,0x4D3F,0x4D3F,0x4D1F,0x4D1E,
  0x4D3E,0x451D,0x451D,0x451D,0x451E,0x451E,0x451E,0x451E,0x451E,0x451E,0x451D,0x451D,0x451D,0x451D,0x451D,0x451D,
  0x451D,0x451D,0x451D,0x451D,0x451D,0x451D,0x451D,0x451D,0x451D,0x451D,0x451D,0x451D,0x451D,0x451D,0x451D,0x44FD,
  0x44FD,0x44FD,0x44FD,0x44FD,0x44FD,0x44FD,0x44FD,0x451E,0x451E,0x451E,0x451E,0x451E,0x451E,0x451E,0x451E,0x44FD,
  0x44FD,0x44FD,0x44FD,0x451E,0x451E,0x451D,0x44FD,0x451D,0x451D,0x451D,0x451D,0x44FD,0x44FD,0x44FD,0x44FD,0x451D,
  0x451D,0x451D,0x451D,0x451D,0x451D,0x451D,0x451D,0x451D,0x451D,0x451D,0x451D,0x451D,0x451D,0x451D,0x451D,0x4CFE,
  0x967D,0x969E,0x969E,0x969E,0x969D,0x969D,0x969D,0x969E,0x969E,0x969D,0x969D,0x969D,0x969D,0x969D,0x969E,0x969E,
  0x969E,0x969E,0x969E,0x969E,0x969E,0x969E,0x969E,0x969E,0x969E,0x969E,0x969E,0x969D,0x969D,0x969D,0x9E7D,0x4B0D,
  0x0000,0x11AC,0x1B5B,0x133B,0x135B,0x135B,0x135B,0x135C,0x135B,0x135B,0x23FC,0x2C1C,0x2C1C,0x2C3C,0x2C1C,0x2C1C,
  0x345C,0x44FE,0x44FD,0x44DD,0x3CDD,0x44FD,0x44FD,0x44DD,0x44DD,0x44DD,0x44DD,0x44DD,0x44DD,0x44DD,0x44DD,0x44DD,
  0x44DD,0x44DD,0x3CDD,0x44DD,0x44DD,0x44DD,0x44DD,0x44DD,0x44DD,0x44DD,0x3CDD,0x44DD,0x44DD,0x44DD,0x3CDD,0x3CDD,
  0x3CDD,0x3CDD,0x3CDD,0x3CDD,0x3CDD,0x3CDD,0x3CDD,0x3CDD,0x3CDD,0x3CDD,0x3CDD,0x3CDD,0x3CDD,0x3CDD,0x3CDD,0x3CDD,
  0x3CDD,0x3CDD,0x3CDD,0x44DD,0x44DD,0x44DD,0x3CDD,0x3CDD,0x3CDD,0x3CDD,0x3CDD,0x3CDD,0x3CDD,0x3CDD,0x3CDD,0x3CDD,
  0x3CDD,0x3CDD,0x3CDD,0x44DD,0x44DD,0x44DD,0x44DD,0x44DD,0x44DD,0x44DD,0x44FD,0x44FD,0x44DD,0x44DD,0x44DD,0x44DD,
  0x9E9E,0xA6FF,0x9EFF,0x9EDF,0x9EDF,0x9EDE,0x9EDE,0x9EDE,0x9EDE,0x9EDF,0x9EDF,0x9EDF,0x9EDF,0x9EDF,0x9EDF,0x9EDF,
  0x9EDF,0x9EDF,0x9EDF,0x9EDF,0x9EDF,0x9EFF,0x9EFF,0x9EFF,0x9EFF,0x9EFF,0x9EFF,0x9EFF,0x9EFF,0x9EFF,0xA6DE,0x4B0E,
  0x0000,0x11AD,0x23BB,0x1B7B,0x1B7A,0x1B7B,0x1B7B,0x1B7B,0x1B7B,0x1B7B,0x1B7B,0x1B9A,0x1B9B,0x239B,0x239B,0x237B,
  0x2C1C,0x555F,0x553F,0x4D1E,0x4D3E,0x4D3E,0x4D1E,0x4D1E,0x4D1E,0x4D1E,0x4D1E,0x4D1E,0x4D1E,0x4D1E,0x4D1E,0x4D1E,
  0x4D1E,0x4D1E,0x4D1E,0x4D1E,0x4D1E,0x4D1E,0x4D1E,0x4D1E,0x4D1E,0x4D1E,0x4D1E,0x4D1E,0x4D1E,0x4D1E,0x4D1E,0x4D1E,
  0x4D1E,0x4D1E,0x4D1E,0x4D1E,0x4D1E,0x4D1E,0x4D1E,0x4D1E,0x4D1E,0x4D1E,0x4D1E,0x4D1E,0x4D1E,0x4D1E,0x4D1E,0x4D1E,
  0x4D1E,0x4D1E,0x4D1E,0x4D1E,0x4D1E,0x4D1E,0x4D1E,0x4D1E,0x4D3E,0x4D3E,0x4D3E,0x4D1E,0x4D1E,0x4D1E,0x4D1E,0x4D1E,
  0x4D1E,0x4D1E,0x4D1E,0x4D1E,0x4D1E,0x4D1E,0x4D1E,0x4D3E,0x4D3E,0x4D3E,0x4D3E,0x4D3E,0x553E,0x553E,0x553E,0x4D3D,
  0x4BD3,0x64D7,0x6CF7,0x7579,0x7D9A,0x7DBA,0x7DBA,0x7DBA,0x7DBA,0x7DBA,0x7DBA,0x7DBA,0x7DBA,0x7DBA,0x7DBA,0x7DBA,
  0x7DBA,0x7DBA,0x7DBA,0x7DBA,0x7DBA,0x7DBA,0x7DBA,0x7DBA,0x7DBA,0x7DBA,0x7DBA,0x7DBA,0x7DBA,0x7DBA,0x85D9,0x42AC,
  0x0000,0x118B,0x1B37,0x12F7,0x12F7,0x1AF7,0x12F7,0x12F7,0x12F7,0x12F7,0x12F7,0x1AF7,0x1B18,0x1B18,0x1AF8,0x1B18,
  0x2358,0x2BB9,0x33D9,0x3C5A,0x3C5A,0x3C39,0x3C3A,0x3C3A,0x3C3A,0x3C3A,0x3C1A,0x3C1A,0x3C1A,0x3C1A,0x3C1A,0x3C1A,
  0x3C1A,0x3C1A,0x3C1A,0x3C1A,0x3C1A,0x3C1A,0x3C19,0x3C39,0x3C39,0x3C39,0x3C39,0x3C19,0x3C39,0x3C39,0x3C39,0x3C39,
  0x3C3A,0x3C3A,0x3C3A,0x3C3A,0x3C3A,0x3C1A,0x3C1A,0x3C1A,0x3C1A,0x3C1A,0x3C1A,0x3C1A,0x3C1A,0x3C1A,0x3C1A,0x3C3A,
  0x3C3A,0x3C3A,0x3C3A,0x3C3A,0x3C3A,0x3C3A,0x3C3A,0x3C39,0x3C39,0x3C39,0x3C39,0x3C39,0x3C39,0x3C39,0x3C39,0x3C39,
  0x3C39,0x3C3A,0x3C3A,0x3C3A,0x3C3A,0x3C3A,0x3C3A,0x3C3A,0x3C3A,0x3C3A,0x3C3A,0x3C3A,0x3C3A,0x3C3A,0x3C3A,0x3C5A,
};

const uint16_t img_idle[20480] PROGMEM = {
  0x652E,0x652E,0x654E,0x652E,0x654E,0x654E,0x654E,0x654E,0x654E,0x654E,0x654D,0x654D,0x652D,0x652D,0x652D,0x652E,
  0x652E,0x652E,0x652E,0x652E,0x652E,0x652E,0x652E,0x652E,0x652E,0x652E,0x652E,0x652E,0x654E,0x654E,0x654E,0x654E,
  0x654E,0x654E,0x652E,0x652D,0x652D,0x652D,0x652D,0x652D,0x652D,0x654D,0x654D,0x654D,0x654D,0x654D,0x654D,0x654D,
  0x654D,0x654D,0x654D,0x654D,0x654D,0x654E,0x654E,0x654E,0x654E,0x654E,0x654E,0x654D,0x654D,0x654D,0x654D,0x654D,
  0x654D,0x654D,0x652D,0x652D,0x652D,0x652D,0x652D,0x652D,0x652D,0x652D,0x652D,0x652D,0x652D,0x652E,0x652E,0x652E,
  0x652E,0x652E,0x652E,0x652E,0x652E,0x652E,0x652E,0x652E,0x652E,0x652D,0x652D,0x652D,0x652D,0x652D,0x652D,0x652D,
  0x652D,0x652D,0x652D,0x652D,0x652D,0x652D,0x654D,0x654D,0x652D,0x652D,0x652D,0x652D,0x654D,0x654D,0x654D,0x654D,
  0x654D,0x654D,0x654D,0x654D,0x654D,0x654D,0x652D,0x652D,0x652D,0x652D,0x652D,0x652D,0x652D,0x652D,0x652D,0x652D,
  0x5D4B,0x552B,0x554B,0x554B,0x554B,0x554B,0x554B,0x554B,0x554B,0x554B,0x554B,0x554B,0x552B,0x552B,0x552B,0x552B,
  0x554B,0x554B,0x554B,0x554B,0x554B,0x554B,0x554B,0x554B,0x554B,0x554B,0x554B,0x554B,0x5D4B,0x5D4B,0x5D4B,0x5D4B,
  0x5D4B,0x5D4B,0x552B,0x552B,0x552B,0x552B,0x552B,0x552B,0x552B,0x554B,0x554B,0x554B,0x554B,0x554B,0x554B,0x554B,
  0x554B,0x554B,0x554B,0x554B,0x554B,0x554B,0x554B,0x554B,0x554B,0x554B,0x554B,0x554B,0x554B,0x554B,0x554B,0x554B,
  0x554B,0x554B,0x552B,0x552B,0x552B,0x552B,0x552B,0x552B,0x552B,0x552B,0x552B,0x552B,0x552B,0x552B,0x552B,0x552B,
  0x552B,0x552B,0x552B,0x552B,0x552B,0x552B,0x552B,0x552B,0x552B,0x552B,0x552B,0x552B,0x552B,0x552B,0x552B,0x552B,
  0x552B,0x552B,0x552B,0x552B,0x554B,0x554B,0x554B,0x554B,0x554B,0x554B,0x554B,0x554B,0x554B,0x554B,0x554B,0x554B,
  0x554B,0x554B,0x554B,0x554B,0x554B,0x554B,0x554B,0x554B,0x5D4B,0x5D4B,0x5D4B,0x5D4B,0x5D4B,0x5D4B,0x5D4B,0x5D4B,
  0x554B,0x554B,0x554B,0x554B,0x554B,0x554B,0x554B,0x554B,0x554B,0x554B,0x554A,0x554A,0x554A,0x554A,0x554A,0x554A,
  0x554A,0x554A,0x554A,0x554A,0x554A,0x554A,0x554A,0x554A,0x554A,0x554A,0x554A,0x554A,0x554A,0x554A,0x554A,0x554A,
  0x554A,0x554A,0x554A,0x554A,0x554A,0x554A,0x554A,0x554A,0x554A,0x554A,0x554A,0x554A,0x554A,0x554A,0x554A,0x554A,
  0x554A,0x554A,0x554A,0x554A,0x554A,0x554A,0x554A,0x554A,0x554A,0x554A,0x554A,0x554A,0x554A,0x554A,0x554A,0x554A,
  0x554A,0x554A,0x554A,0x554A,0x554A,0x554A,0x554A,0x554A,0x554A,0x554A,0x554A,0x554A,0x554A,0x554A,0x554A,0x554A,
  0x554A,0x554A,0x554A,0x554A,0x554A,0x554A,0x554A,0x554A,0x554A,0x554A,0x554A,0x554A,0x554A,0x554A,0x554A,0x554A,
  0x554A,0x554A,0x554A,0x554A,0x554A,0x554A,0x554A,0x554A,0x554A,0x554A,0x554A,0x554A,0x554B,0x554B,0x554B,0x554B,
  0x554B,0x554B,0x554A,0x554A,0x554A,0x554A,0x554A,0x554A,0x554B,0x554B,0x554B,0x554B,0x554B,0x554B,0x554B,0x5D4B,
  0x554B,0x554B,0x554B,0x554B,0x554B,0x554B,0x554B,0x554B,0x554B,0x554B,0x554A,0x554A,0x554A,0x554A,0x554A,0x554A,
  0x554A,0x554A,0x554A,0x554A,0x554A,0x554A,0x554A,0x554A,0x554A,0x554A,0x554A,0x554A,0x554A,0x554A,0x554A,0x554A,
  0x554A,0x554A,0x554A,0x554A,0x554A,0x554A,0x554A,0x554A,0x554A,0x554A,0x554A,0x554A,0x554A,0x554A,0x554A,0x554A,
  0x554A,0x554A,0x554A,0x554A,0x554A,0x554A,0x554A,0x554A,0x554A,0x554A,0x554A,0x554A,0x554A,0x554A,0x554A,0x554A,
  0x554A,0x554A,0x554A,0x554A,0x554A,0x554A,0x554A,0x554A,0x554A,0x554A,0x554A,0x554A,0x554A,0x554A,0x554A,0x554A,
  0x554A,0x554A,0x554A,0x554A,0x554A,0x554A,0x554A,0x554A,0x554A,0x554A,0x554A,0x554A,0x554A,0x554A,0x554A,0x554A,
  0x554A,0x554A,0x554A,0x554A,0x554A,0x554A,0x554A,0x554A,0x554A,0x554A,0x554A,0x554A,0x554B,0x554B,0x554B,0x554B,
  0x554B,0x554B,0x554A,0x554A,0x554A,0x554A,0x554A,0x554A,0x554B,0x554B,0x554B,0x554B,0x554B,0x554B,0x554B,0x5D4B,
  0x554B,0x554B,0x554B,0x554B,0x554B,0x554B,0x554B,0x554B,0x554B,0x554B,0x554A,0x554A,0x554A,0x554A,0x554A,0x554A,
  0x554A,0x554A,0x554A,0x554A,0x554A,0x554A,0x554A,0x554A,0x554A,0x554A,0x554A,0x554A,0x554A,0x554A,0x554A,0x554A,
  0x554A,0x554A,0x554A,0x554A,0x554A,0x554A,0x554A,0x554A,0x554A,0x554A,0x554A,0x554A,0x554A,0x554A,0x554A,0x554A,
  0x554A,0x554A,0x554A,0x554A,0x554A,0x554A,0x554A,0x554A,0x554A,0x554A,0x554A,0x554A,0x554A,0x554A,0x554A,0x554A,
  0x554A,0x554A,0x554A,0x554A,0x554A,0x554A,0x554A,0x554A,0x554A,0x554A,0x554A,0x554A,0x554A,0x554A,0x554A,0x554A,
  0x554A,0x554A,0x554A,0x554A,0x554A,0x554A,0x554A,0x554A,0x554A,0x554A,0x554A,0x554A,0x554A,0x554A,0x554A,0x554A,
  0x554A,0x554A,0x554A,0x554A,0x554A,0x554A,0x554A,0x554A,0x554A,0x554A,0x554A,0x554A,0x554B,0x554B,0x554B,0x554B,
  0x554B,0x554B,0x554A,0x554A,0x554A,0x554A,0x554A,0x554A,0x554B,0x554B,0x554B,0x554B,0x554B,0x554B,0x554B,0x5D4B,
  0x554B,0x554B,0x554B,0x554B,0x554A,0x554A,0x554A,0x554A,0x554A,0x554A,0x554A,0x554A,0x554A,0x554A,0x554A,0x554A,
  0x554A,0x554A,0x554A,0x554A,0x554A,0x554A,0x554A,0x554A,0x554A,0x554A,0x554A,0x554A,0x554A,0x554A,0x554A,0x554A,
  0x554A,0x554A,0x554A,0x554A,0x554A,0x554A,0x554A,0x554A,0x554A,0x554A,0x554A,0x554A,0x554A,0x554A,0x554A,0x554A,
  0x554A,0x554A,0x554A,0x554A,0x554A,0x554A,0x554A,0x554A,0x554A,0x554A,0x554A,0x554A,0x554A,0x554A,0x554A,0x554A,
  0x554A,0x554A,0x554A,0x554A,0x554A,0x554A,0x554A,0x554A,0x554A,0x554A,0x554A,0x554A,0x554A,0x554A,0x554A,0x554A,
  0x554A,0x554A,0x554A,0x554A,0x554A,0x554A,0x554A,0x554A,0x554A,0x554A,0x554A,0x554A,0x554A,0x554A,0x554A,0x554A,
  0x554A,0x554A,0x554A,0x554A,0x554A,0x554A,0x554A,0x554A,0x554A,0x554A,0x554A,0x554A,0x554A,0x554A,0x554A,0x554A,
  0x554A,0x554A,0x554A,0x554A,0x554A,0x554A,0x554A,0x554A,0x554B,0x554B,0x554B,0x554B,0x554B,0x554B,0x554B,0x5D4B,
  0x554B,0x554B,0x554B,0x554B,0x554A,0x554A,0x554A,0x554A,0x554A,0x554A,0x554A,0x554A,0x554A,0x554A,0x554A,0x554A,
  0x554A,0x554A,0x554A,0x554A,0x554A,0x554A,0x554A,0x554A,0x554A,0x554A,0x554A,0x554A,0x554A,0x554A,0x554A,0x554A,
  0x554A,0x554A,0x554A,0x554A,0x554A,0x554A,0x554A,0x554A,0x554A,0x554A,0x554A,0x554A,0x554A,0x554A,0x554A,0x554A,
  0x554A,0x554A,0x554A,0x554A,0x554A,0x554A,0x554A,0x554A,0x554A,0x554A,0x554A,0x554A,0x554A,0x554A,0x554A,0x554A,
  0x554A,0x554A,0x554A,0x554A,0x554A,0x554A,0x554A,0x554A,0x554A,0x554A,0x554A,0x554A,0x554A,0x554A,0x554A,0x554A,
  0x554A,0x554A,0x554A,0x554A,0x554A,0x554A,0x554A,0x554A,0x554A,0x554A,0x554A,0x554A,0x554A,0x554A,0x554A,0x554A,
  0x554A,0x554A,0x554A,0x554A,0x554A,0x554A,0x554A,0x554A,0x554A,0x554A,0x554A,0x554A,0x554A,0x554A,0x554A,0x554A,
  0x554A,0x554A,0x554A,0x554A,0x554A,0x554A,0x554A,0x554A,0x554B,0x554B,0x554B,0x554B,0x554B,0x554B,0x554B,0x5D4B,
  0x554A,0x554B,0x554B,0x554B,0x554A,0x554A,0x554A,0x554A,0x554A,0x554A,0x554A,0x554A,0x554A,0x554A,0x554A,0x554A,
  0x554A,0x554A,0x554A,0x554A,0x554A,0x554A,0x554A,0x554A,0x554A,0x554A,0x554A,0x554A,0x554A,0x554A,0x554A,0x554A,
  0x554A,0x554A,0x554A,0x554A,0x554A,0x554A,0x554A,0x554A,0x554A,0x554A,0x554A,0x554A,0x554A,0x554A,0x554A,0x554A,
  0x554A,0x554A,0x554A,0x554A,0x554A,0x554A,0x554A,0x554A,0x554A,0x554A,0x554A,0x554A,0x554A,0x554A,0x554A,0x554A,
  0x554A,0x554A,0x554A,0x554A,0x554A,0x554A,0x554A,0x554A,0x554A,0x554A,0x554A,0x554A,0x554A,0x554A,0x554A,0x554A,
  0x554A,0x554A,0x554A,0x554A,0x554A,0x554A,0x554A,0x554A,0x554A,0x554A,0x554A,0x554A,0x554A,0x554A,0x554A,0x554A,
  0x554A,0x554A,0x554A,0x554A,0x554A,0x554A,0x554A,0x554A,0x554A,0x554A,0x554A,0x554A,0x554A,0x554A,0x554A,0x554A,
  0x554A,0x554A,0x554A,0x554A,0x554A,0x554A,0x554A,0x554A,0x554B,0x554B,0x554B,0x554B,0x554B,0x554B,0x554B,0x5D4B,
  0x554A,0x554B,0x554B,0x554B,0x554A,0x554A,0x554A,0x554A,0x554A,0x554A,0x554A,0x554A,0x554A,0x554A,0x554A,0x554A,
  0x554A,0x554A,0x554A,0x554A,0x554A,0x554A,0x554A,0x554A,0x554A,0x554A,0x554A,0x554A,0x554A,0x554A,0x554A,0x554A,
  0x554A,0x554A,0x554A,0x554A,0x554A,0x554A,0x554A,0x554A,0x554A,0x554A,0x554A,0x554A,0x554A,0x554A,0x554A,0x554A,
  0x554A,0x554A,0x554A,0x554A,0x554A,0x554A,0x554A,0x554A,0x554A,0x554A,0x554A,0x554A,0x554A,0x554A,0x554A,0x554A,
  0x554A,0x554A,0x554A,0x554A,0x554A,0x554A,0x554A,0x554A,0x554A,0x554A,0x554A,0x554A,0x554A,0x554A,0x554A,0x554A,
  0x554A,0x554A,0x554A,0x554A,0x554A,0x554A,0x554A,0x554A,0x554A,0x554A,0x554A,0x554A,0x554A,0x554A,0x554A,0x554A,
  0x554A,0x554A,0x554A,0x554A,0x554A,0x554A,0x554A,0x554A,0x554A,0x554A,0x554A,0x554A,0x554A,0x554A,0x554A,0x554A,
  0x554A,0x554A,0x554A,0x554A,0x554A,0x554A,0x554A,0x554B,0x554B,0x554B,0x554B,0x554B,0x554B,0x554B,0x554A,0x5D4B,
  0x554A,0x554A,0x554A,0x554A,0x554A,0x554A,0x554A,0x554A,0x554A,0x554A,0x554A,0x554A,0x554A,0x554A,0x554A,0x554A,
  0x554A,0x554A,0x554A,0x554A,0x554A,0x554A,0x554A,0x554A,0x554A,0x554A,0x554A,0x554A,0x554A,0x554A,0x554A,0x554A,
  0x554A,0x554A,0x554A,0x554A,0x554A,0x554A,0x554A,0x554A,0x554A,0x554A,0x554A,0x554A,0x554A,0x554A,0x554A,0x554A,
  0x554A,0x554A,0x554A,0x554A,0x554A,0x554A,0x554A,0x554A,0x554A,0x554A,0x554A,0x554A,0x554A,0x554A,0x554A,0x554A,
  0x554A,0x554A,0x554A,0x554A,0x554A,0x554A,0x554A,0x554A,0x554A,0x554A,0x554A,0x554A,0x554A,0x554A,0x554A,0x554A,
  0x554A,0x554A,0x554A,0x554A,0x554A,0x554A,0x554A,0x554A,0x554A,0x554A,0x554A,0x554A,0x554A,0x554A,0x554A,0x554A,
  0x554A,0x554A,0x554A,0x554A,0x554A,0x554A,0x554A,0x554A,0x554A,0x554A,0x554A,0x554A,0x554A,0x554A,0x554A,0x554A,
  0x554A,0x554A,0x554A,0x554A,0x554A,0x554A,0x554A,0x554A,0x554A,0x554A,0x554A,0x554A,0x554A,0x554A,0x554A,0x5D4B,
  0x554A,0x554A,0x554A,0x554A,0x554A,0x554A,0x554A,0x554A,0x554A,0x554A,0x554A,0x554A,0x554A,0x554A,0x554A,0x554A,
  0x554A,0x554A,0x554A,0x554A,0x554A,0x554A,0x554A,0x554A,0x554A,0x554A,0x554A,0x554A,0x554A,0x554A,0x554A,0x554A,
  0x554A,0x554A,0x554A,0x554A,0x554A,0x554A,0x554A,0x554A,0x554A,0x554A,0x554A,0x554A,0x554A,0x554A,0x554A,0x554A,
  0x554A,0x554A,0x554A,0x554A,0x554A,0x554A,0x554A,0x554A,0x554A,0x554A,0x554A,0x554A,0x554A,0x554A,0x554A,0x554A,
  0x554A,0x554A,0x554A,0x554A,0x554A,0x554A,0x554A,0x554A,0x554A,0x554A,0x554A,0x554A,0x554A,0x554A,0x554A,0x554A,
  0x554A,0x554A,0x554A,0x554A,0x554A,0x554A,0x554A,0x554A,0x554A,0x554A,0x554A,0x554A,0x554A,0x554A,0x554A,0x554A,
  0x554A,0x554A,0x554A,0x554A,0x554A,0x554A,0x554A,0x554A,0x554A,0x554A,0x554A,0x554A,0x554A,0x554A,0x554A,0x554A,
  0x554A,0x554A,0x554A,0x554A,0x554A,0x554A,0x554A,0x554A,0x554A,0x554A,0x554A,0x554A,0x554A,0x554A,0x554A,0x5D4B,
  0x554A,0x554A,0x554A,0x554A,0x554A,0x554A,0x554A,0x554A,0x554A,0x554A,0x554A,0x554A,0x554A,0x554A,0x554A,0x554A,
  0x554A,0x554A,0x554A,0x554A,0x554A,0x554A,0x554A,0x554A,0x554A,0x554A,0x554A,0x554A,0x554A,0x554A,0x554A,0x554A,
  0x554A,0x554A,0x554A,0x554A,0x554A,0x554A,0x554A,0x554A,0x554A,0x554A,0x554A,0x554A,0x554A,0x554A,0x554A,0x554A,
  0x554A,0x554A,0x554A,0x554A,0x554A,0x554A,0x554A,0x554A,0x554A,0x554A,0x554A,0x554A,0x554A,0x554A,0x554A,0x554A,
  0x554A,0x554A,0x554A,0x554A,0x554A,0x554A,0x554A,0x554A,0x554A,0x554A,0x554A,0x554A,0x554A,0x554A,0x554A,0x554A,
  0x554A,0x554A,0x554A,0x554A,0x554A,0x554A,0x554A,0x554A,0x554A,0x554A,0x554A,0x554A,0x554A,0x554A,0x554A,0x554A,
  0x554A,0x554A,0x554A,0x554A,0x554A,0x554A,0x554A,0x554A,0x554A,0x554A,0x554A,0x554A,0x554A,0x554A,0x554A,0x554A,
  0x554A,0x554A,0x554A,0x554A,0x554A,0x554A,0x554A,0x554A,0x554A,0x554A,0x554A,0x554A,0x554A,0x554A,0x554A,0x5D4B,
  0x554A,0x554A,0x554A,0x554A,0x554A,0x554A,0x554A,0x554A,0x554A,0x554A,0x554A,0x554A,0x554A,0x554A,0x554A,0x554A,
  0x554A,0x554A,0x554A,0x554A,0x554A,0x554A,0x554A,0x554A,0x554A,0x554A,0x554A,0x554A,0x554A,0x554A,0x554A,0x554A,
  0x554A,0x554A,0x554A,0x554A,0x554A,0x554A,0x554A,0x554A,0x554A,0x554A,0x554A,0x554A,0x554A,0x554A,0x554A,0x554A,
  0x554A,0x554A,0x554A,0x554A,0x554A,0x554A,0x554A,0x554A,0x554A,0x554A,0x554A,0x554A,0x554A,0x554A,0x554A,0x554A,
  0x554A,0x554A,0x554A,0x554A,0x554A,0x554A,0x554A,0x554A,0x554A,0x554A,0x554A,0x554A,0x554A,0x554A,0x554A,0x554A,
  0x554A,0x554A,0x554A,0x554A,0x554A,0x554A,0x554A,0x554A,0x554A,0x554A,0x554A,0x554A,0x554A,0x554A,0x554A,0x554A,
  0x554A,0x554A,0x554A,0x554A,0x554A,0x554A,0x554A,0x554A,0x554A,0x554A,0x554A,0x554A,0x554A,0x554A,0x554A,0x554A,
  0x554A,0x554A,0x554A,0x554A,0x554A,0x554A,0x554A,0x554A,0x554A,0x554A,0x554A,0x554A,0x554A,0x554A,0x554A,0x554A,
  0x554A,0x554A,0x554A,0x554A,0x554A,0x554A,0x554A,0x554A,0x554A,0x554A,0x554A,0x554A,0x554A,0x554A,0x554A,0x554A,
  0x554A,0x554A,0x554A,0x554A,0x554A,0x554A,0x556A,0x556A,0x554A,0x554A,0x554A,0x554A,0x554A,0x554A,0x554A,0x554A,
  0x554A,0x554A,0x554A,0x554A,0x554A,0x554A,0x554A,0x554A,0x554A,0x554A,0x5D4A,0x5D4A,0x554A,0x554A,0x556A,0x554A,
  0x554A,0x554A,0x556A,0x554A,0x5D4A,0x554A,0x556A,0x556A,0x556A,0x556A,0x556A,0x554A,0x554A,0x554A,0x554A,0x554A,
  0x554A,0x556A,0x554A,0x5D4B,0x5D4B,0x5D4B,0x554B,0x556B,0x556B,0x556B,0x556A,0x554B,0x5D4B,0x554A,0x554A,0x554A,
  0x554A,0x554A,0x554A,0x554A,0x554A,0x554A,0x554A,0x554A,0x5D4A,0x5D4A,0x554A,0x554A,0x554A,0x554A,0x554A,0x554A,
  0x554A,0x554A,0x554A,0x554A,0x554A,0x554A,0x554A,0x554A,0x554A,0x554A,0x554A,0x554A,0x554A,0x554A,0x554A,0x554A,
  0x554A,0x554A,0x554A,0x554A,0x554A,0x554A,0x554A,0x554A,0x554A,0x554A,0x554A,0x554A,0x554A,0x554A,0x554A,0x554A,
  0x554A,0x554A,0x554A,0x554A,0x554A,0x554A,0x554A,0x554A,0x554A,0x554A,0x554A,0x554A,0x554A,0x554A,0x554A,0x554A,
  0x554A,0x554A,0x554A,0x554A,0x554A,0x554A,0x556A,0x554A,0x554A,0x554A,0x554A,0x554A,0x554A,0x554A,0x554A,0x554A,
  0x554A,0x554A,0x554A,0x554A,0x554A,0x554A,0x554A,0x554A,0x554A,0x554A,0x5D4A,0x5D4A,0x554A,0x556A,0x556A,0x554A,
  0x554A,0x554A,0x556A,0x554A,0x554A,0x556A,0x556A,0x556A,0x556A,0x556A,0x556A,0x554A,0x554A,0x554A,0x554B,0x554B,
  0x554B,0x554A,0x554A,0x5D4B,0x5D4B,0x5D4B,0x5D2B,0x554B,0x556A,0x556A,0x554B,0x554A,0x552A,0x554A,0x554A,0x554A,
  0x554A,0x554A,0x554A,0x554A,0x554A,0x554A,0x554A,0x554A,0x5D4A,0x554A,0x554A,0x554A,0x554A,0x554A,0x554A,0x554A,
  0x554A,0x554A,0x554A,0x554A,0x554A,0x554A,0x554A,0x554A,0x554A,0x554A,0x554A,0x554A,0x554A,0x554A,0x554A,0x554A,
  0x554A,0x554A,0x554A,0x554A,0x554A,0x554A,0x554A,0x554A,0x554A,0x554A,0x554A,0x554A,0x554A,0x554A,0x554A,0x554B,
  0x554A,0x554A,0x554A,0x554A,0x554A,0x554A,0x554A,0x554A,0x554A,0x554A,0x554A,0x554A,0x554A,0x554A,0x554A,0x554A,
  0x554A,0x554A,0x554A,0x554A,0x554A,0x554A,0x554A,0x554A,0x554A,0x554A,0x554A,0x554A,0x554A,0x554A,0x554A,0x554A,
  0x554A,0x554A,0x554A,0x554A,0x554A,0x554A,0x554A,0x554A,0x554A,0x554A,0x554A,0x5D4A,0x5D4B,0x554B,0x554A,0x554A,
  0x5D4A,0x5D4A,0x556B,0x556B,0x554B,0x554A,0x554A,0x554A,0x554A,0x554A,0x554A,0x554A,0x554A,0x554A,0x554A,0x554A,
  0x554B,0x5D4A,0x5D4A,0x554B,0x554B,0x5D4B,0x5D2A,0x5D4A,0x5D4A,0x5D4A,0x554A,0x554A,0x554A,0x554B,0x5D4A,0x5D4A,
  0x554A,0x554A,0x554A,0x554A,0x554A,0x554A,0x554A,0x554A,0x554A,0x554A,0x554A,0x554A,0x554A,0x554A,0x554A,0x554A,
  0x554A,0x554A,0x554A,0x554A,0x554A,0x554A,0x554A,0x554A,0x554A,0x554A,0x554A,0x554A,0x554A,0x554A,0x554A,0x554A,
  0x554A,0x554A,0x554A,0x554A,0x554A,0x554A,0x554A,0x554A,0x554A,0x554A,0x554A,0x554A,0x554A,0x554A,0x554A,0x554B,
  0x554A,0x554A,0x554A,0x554A,0x554A,0x554A,0x554A,0x554A,0x554A,0x554A,0x554A,0x554A,0x554A,0x554A,0x554A,0x554A,
  0x554A,0x554A,0x554A,0x554A,0x554A,0x554A,0x554A,0x554A,0x554A,0x554A,0x554A,0x554A,0x554A,0x554A,0x554A,0x554A,
  0x554A,0x554A,0x554A,0x554A,0x554A,0x554A,0x554A,0x554A,0x554A,0x554A,0x554A,0x554A,0x5D4B,0x554B,0x554B,0x554A,
  0x5D2A,0x5D2A,0x554B,0x554B,0x554B,0x5D4B,0x5D4A,0x5D4A,0x5D4A,0x5D4A,0x5D4B,0x5D4B,0x5D4B,0x5D4B,0x5D4B,0x5D4B,
  0x5D4B,0x5D4B,0x554B,0x556B,0x556B,0x554B,0x5D4B,0x5D2B,0x5D2B,0x5D4B,0x554B,0x554A,0x554A,0x554B,0x5D4B,0x5D4B,
  0x5D4B,0x5D4B,0x554B,0x554B,0x554A,0x554A,0x554A,0x554A,0x554A,0x554A,0x554A,0x554A,0x554A,0x554A,0x554A,0x554A,
  0x554A,0x554A,0x554A,0x554A,0x554A,0x554A,0x554A,0x554A,0x554A,0x554A,0x554A,0x554A,0x554A,0x554A,0x554A,0x554A,
  0x554A,0x554A,0x554A,0x554A,0x554A,0x554A,0x554A,0x554A,0x554A,0x554A,0x554A,0x554A,0x554A,0x554A,0x554A,0x554B,
  0x554A,0x554A,0x554A,0x554A,0x554A,0x554A,0x554A,0x554A,0x554A,0x554A,0x554A,0x554A,0x554A,0x554A,0x554A,0x554A,
  0x554A,0x554A,0x554A,0x554A,0x554A,0x554A,0x554A,0x554A,0x554A,0x554A,0x554A,0x554A,0x554A,0x554A,0x554A,0x554A,
  0x554A,0x554A,0x554A,0x554A,0x554A,0x554A,0x554A,0x554A,0x554A,0x554A,0x554A,0x554A,0x5D4B,0x554B,0x554B,0x554A,
  0x5D4A,0x5D4A,0x556B,0x554B,0x554B,0x552A,0x552A,0x552A,0x552A,0x552A,0x552A,0x552A,0x552A,0x5D2A,0x5D2A,0x5D2A,
  0x5D2A,0x5D4B,0x554B,0x554A,0x554A,0x554A,0x5D2A,0x5D2B,0x5D2B,0x5D4B,0x5D4B,0x554B,0x554A,0x554A,0x5D4B,0x5D4B,
  0x5D4B,0x5D4B,0x5D4B,0x554B,0x554B,0x554A,0x554A,0x554A,0x554A,0x554A,0x554A,0x554A,0x554A,0x554A,0x554A,0x554A,
  0x554A,0x554A,0x554A,0x554A,0x554A,0x554A,0x554A,0x554A,0x554A,0x554A,0x554A,0x554A,0x554A,0x554A,0x554A,0x554A,
  0x554A,0x554A,0x554A,0x554A,0x554A,0x554A,0x554A,0x554A,0x554A,0x554A,0x554A,0x554A,0x554A,0x554A,0x554A,0x554B,
  0x554A,0x554A,0x554A,0x554A,0x554A,0x554A,0x554A,0x554A,0x554A,0x554A,0x554A,0x554A,0x554A,0x554A,0x554A,0x554A,
  0x554A,0x554A,0x554A,0x554A,0x554A,0x554A,0x554A,0x554A,0x554A,0x554A,0x554A,0x554A,0x554A,0x554A,0x554A,0x554A,
  0x554A,0x554A,0x554A,0x554A,0x554A,0x554A,0x554A,0x554A,0x554A,0x554A,0x556A,0x556A,0x554A,0x554B,0x554B,0x554A,
  0x5D4A,0x554A,0x556A,0x5D4B,0x654C,0x656C,0x656C,0x656C,0x656C,0x656C,0x656C,0x656C,0x656C,0x656C,0x656C,0x656C,
  0x656C,0x656C,0x656C,0x656C,0x6D6C,0x6D6C,0x656C,0x656C,0x654C,0x654C,0x656C,0x5D4B,0x556B,0x554A,0x554A,0x554A,
  0x554B,0x554B,0x554B,0x554B,0x554B,0x554A,0x554A,0x554A,0x554A,0x554A,0x554A,0x554A,0x554A,0x554A,0x554A,0x554A,
  0x554A,0x554A,0x554A,0x554A,0x554A,0x554A,0x554A,0x554A,0x554A,0x554A,0x554A,0x554A,0x554A,0x554A,0x554A,0x554A,
  0x554A,0x554A,0x554A,0x554A,0x554A,0x554A,0x554A,0x554A,0x554A,0x554A,0x554A,0x554A,0x554A,0x554A,0x554A,0x554B,
  0x554A,0x554A,0x554A,0x554A,0x554A,0x554A,0x554A,0x554A,0x554A,0x554A,0x554A,0x554A,0x554A,0x554A,0x554A,0x554A,
  0x554A,0x554A,0x554A,0x554A,0x554A,0x554A,0x554A,0x554A,0x554A,0x554A,0x554A,0x554A,0x554A,0x554A,0x554A,0x554A,
  0x554A,0x554A,0x554A,0x554A,0x554A,0x554A,0x554A,0x554A,0x554A,0x554A,0x556A,0x554A,0x556A,0x556B,0x554B,0x5D4B,
  0x5D6A,0x558A,0x558A,0x5D2A,0x4C08,0x4BC9,0x4BCA,0x4BCA,0x4BCA,0x53CA,0x53CA,0x53EA,0x53CA,0x53CA,0x53CA,0x53CA,
  0x53CA,0x4BEA,0x53CA,0x53C9,0x53C9,0x53CA,0x53CA,0x53CA,0x53CA,0x4BC9,0x43C8,0x5CEC,0x5D4C,0x554B,0x554A,0x554A,
  0x554A,0x554A,0x554B,0x554A,0x554A,0x554A,0x554A,0x554A,0x554A,0x554A,0x554A,0x554A,0x554A,0x554A,0x554A,0x554A,
  0x554A,0x554A,0x554A,0x554A,0x554A,0x554A,0x554A,0x554A,0x554A,0x554A,0x554A,0x554A,0x554A,0x554A,0x554A,0x554A,
  0x554A,0x554A,0x554A,0x554A,0x554A,0x554A,0x554A,0x554A,0x554A,0x554A,0x554A,0x554A,0x554A,0x554A,0x554A,0x554A,
  0x554A,0x554A,0x554A,0x554A,0x554A,0x554A,0x554A,0x554A,0x554A,0x554A,0x554A,0x554A,0x554A,0x554A,0x554A,0x554A,
  0x554A,0x554A,0x554A,0x554A,0x554A,0x554A,0x554A,0x554A,0x554A,0x554A,0x554A,0x554A,0x554A,0x554A,0x554A,0x554A,
  0x554A,0x554A,0x554A,0x554A,0x554A,0x554A,0x554A,0x554A,0x554A,0x554A,0x554A,0x554A,0x5D6B,0x5D4B,0x5D4B,0x5D2B,
  0x5D4A,0x554A,0x5D8B,0x5D0A,0x0941,0x0040,0x0040,0x0040,0x0040,0x0040,0x0040,0x0040,0x0040,0x0040,0x0040,0x0040,
  0x0040,0x0040,0x0040,0x0020,0x0020,0x0040,0x0040,0x0040,0x0040,0x0040,0x0040,0x542B,0x654D,0x552B,0x552A,0x552A,
  0x552A,0x552A,0x5D6B,0x554A,0x554A,0x554A,0x554A,0x554A,0x554A,0x554A,0x554A,0x554A,0x554A,0x554A,0x554A,0x554A,
  0x554A,0x554A,0x554A,0x554A,0x554A,0x554A,0x554A,0x554A,0x554A,0x554A,0x554A,0x554A,0x554A,0x554A,0x554A,0x554A,
  0x554A,0x554A,0x554A,0x554A,0x554A,0x554A,0x554A,0x554A,0x554A,0x554A,0x554A,0x554A,0x554A,0x554A,0x554A,0x554A,
  0x554A,0x554A,0x554A,0x554A,0x554A,0x554A,0x554A,0x554A,0x554A,0x554A,0x554A,0x554A,0x554A,0x554A,0x554A,0x554A,
  0x554A,0x554A,0x554A,0x554A,0x554A,0x554A,0x554A,0x554A,0x554A,0x554A,0x554A,0x554A,0x554A,0x554A,0x554A,0x554A,
  0x554A,0x554A,0x554A,0x554A,0x554A,0x554A,0x554A,0x554A,0x554B,0x5D6B,0x556A,0x554A,0x554A,0x5D2B,0x652C,0x6D0C,
  0x654C,0x654C,0x656D,0x5CEC,0x0961,0x0000,0x0000,0x0000,0x0000,0x0000,0x0000,0x0000,0x0000,0x0000,0x0000,0x0000,
  0x0000,0x0000,0x0000,0x0000,0x0000,0x0000,0x0000,0x0000,0x0000,0x0000,0x0000,0x642B,0x6D2D,0x650C,0x64EB,0x652C,
  0x654C,0x5D4B,0x552A,0x554A,0x554A,0x554A,0x554A,0x554A,0x5D4A,0x5D4A,0x554A,0x554A,0x554A,0x554A,0x554A,0x554A,
  0x554A,0x554A,0x554A,0x554A,0x554A,0x554A,0x554A,0x554A,0x554A,0x554A,0x554A,0x554A,0x554A,0x554A,0x554A,0x554A,
  0x554A,0x554A,0x554A,0x554A,0x554A,0x554A,0x554A,0x554A,0x554A,0x554A,0x554A,0x554A,0x554A,0x554A,0x554A,0x554A,
  0x554A,0x554A,0x554A,0x554A,0x554A,0x554A,0x554A,0x554A,0x554A,0x554A,0x554A,0x554A,0x554A,0x554A,0x554A,0x554A,
  0x554A,0x554A,0x554A,0x554A,0x554A,0x554A,0x554A,0x554A,0x554A,0x554A,0x554A,0x554A,0x554A,0x554A,0x554A,0x554A,
  0x554A,0x554A,0x554A,0x554A,0x554A,0x554A,0x554A,0x554A,0x554B,0x554B,0x554A,0x554A,0x5D2B,0x5CCB,0x648C,0x646C,
  0x648C,0x648C,0x64AD,0x5C8E,0x1267,0x01A7,0x01A8,0x01A8,0x01A8,0x01A7,0x01A7,0x0187,0x0187,0x0187,0x0187,0x0187,
  0x0187,0x0166,0x0166,0x0166,0x0166,0x0167,0x0187,0x0167,0x0146,0x0145,0x0123,0x5C0C,0x646D,0x644C,0x644C,0x648C,
  0x5C8B,0x5CCB,0x654C,0x5D2B,0x554A,0x554A,0x554A,0x5D4A,0x5D4A,0x5D4A,0x554A,0x554A,0x554A,0x554A,0x554A,0x554A,
  0x554A,0x554A,0x554A,0x554A,0x554A,0x554A,0x554A,0x554A,0x554A,0x554A,0x554A,0x554A,0x554A,0x554A,0x554A,0x554A,
  0x554A,0x554A,0x554A,0x554A,0x554A,0x554A,0x554A,0x554A,0x554A,0x554A,0x554A,0x554A,0x554A,0x554A,0x554A,0x554A,
  0x554A,0x554A,0x554A,0x554A,0x554A,0x554A,0x554A,0x554A,0x554A,0x554A,0x554A,0x554A,0x554A,0x554A,0x554A,0x554A,
  0x554A,0x554A,0x554A,0x554A,0x554A,0x554A,0x554A,0x554A,0x554A,0x554A,0x554A,0x554A,0x554A,0x554A,0x554A,0x554A,
  0x554A,0x554A,0x554A,0x554A,0x554A,0x554A,0x554A,0x5D4A,0x554A,0x554A,0x554A,0x552A,0x654C,0x3B27,0x0080,0x00A0,
  0x00A0,0x0081,0x0060,0x0184,0x44F4,0x3D98,0x3598,0x3578,0x3578,0x3578,0x3577,0x3557,0x3557,0x3557,0x3557,0x3557,
  0x3537,0x3536,0x3536,0x3516,0x3516,0x3517,0x3517,0x3537,0x3516,0x3D15,0x44B2,0x0964,0x0081,0x0081,0x0060,0x08A0,
  0x0080,0x2AC5,0x6D6D,0x5D2B,0x5D4A,0x554A,0x556A,0x554A,0x5D4A,0x5D4A,0x554A,0x554A,0x554A,0x554A,0x554A,0x554A,
  0x554A,0x554A,0x554A,0x554A,0x554A,0x554A,0x554A,0x554A,0x554A,0x554A,0x554A,0x554A,0x554A,0x554A,0x554A,0x554A,
  0x554A,0x554A,0x554A,0x554A,0x554A,0x554A,0x554A,0x554A,0x554A,0x554A,0x554A,0x554A,0x554A,0x554A,0x554A,0x554A,
  0x554A,0x554A,0x554A,0x554A,0x554A,0x554A,0x554A,0x554A,0x554A,0x554A,0x554A,0x554A,0x554A,0x554A,0x554A,0x554A,
  0x554A,0x554A,0x554A,0x554A,0x554A,0x554A,0x554A,0x554A,0x554A,0x554A,0x554A,0x554A,0x554A,0x554A,0x554A,0x554A,
  0x554A,0x554A,0x554A,0x554A,0x554A,0x554A,0x554A,0x554A,0x5D6B,0x554A,0x552A,0x5D2A,0x652C,0x4308,0x0020,0x0020,
  0x0000,0x0000,0x0000,0x0126,0x3D97,0x265C,0x165C,0x1E5C,0x163C,0x163C,0x163C,0x163C,0x163C,0x163B,0x163B,0x163B,
  0x163B,0x163B,0x163B,0x163B,0x1E3B,0x1E3C,0x161C,0x163C,0x1E3C,0x261A,0x3D77,0x0167,0x0001,0x0001,0x0000,0x0040,
  0x0020,0x2A85,0x6D4E,0x5D0B,0x5D4B,0x556A,0x556A,0x554A,0x5D4A,0x5D4A,0x554A,0x554A,0x554A,0x554A,0x554A,0x554A,
  0x554A,0x554A,0x554A,0x554A,0x554A,0x554A,0x554A,0x554A,0x554A,0x554A,0x554A,0x554A,0x554A,0x554A,0x554A,0x554A,
  0x554A,0x554A,0x554A,0x554A,0x554A,0x554A,0x554A,0x554A,0x554A,0x554A,0x554A,0x554A,0x554A,0x554A,0x554A,0x554A,
  0x5D4A,0x5D4A,0x5D4A,0x554A,0x556A,0x554A,0x554A,0x554A,0x554A,0x554A,0x554A,0x554A,0x554A,0x554A,0x554A,0x554A,
  0x554A,0x554A,0x554A,0x554A,0x554A,0x554A,0x554A,0x554A,0x554A,0x554A,0x554A,0x554A,0x554A,0x554A,0x554A,0x5D4A,
  0x5D4A,0x554B,0x556B,0x556B,0x554A,0x5D4B,0x5D4B,0x554B,0x554B,0x5D6B,0x6D6D,0x752E,0x8550,0x4309,0x0000,0x0001,
  0x0000,0x0001,0x0001,0x0147,0x2D78,0x165C,0x065D,0x065C,0x065C,0x065C,0x065C,0x065C,0x065C,0x063C,0x063C,0x063C,
  0x063C,0x065C,0x065C,0x0E5C,0x0E3D,0x0E3D,0x063D,0x067D,0x065C,0x1E3B,0x2D98,0x0147,0x0002,0x0001,0x0021,0x0021,
  0x0000,0x32A7,0x8571,0x7D2E,0x6D4D,0x554B,0x556B,0x5D6A,0x556A,0x556A,0x556A,0x5D4A,0x5D4A,0x554B,0x554B,0x554A,
  0x554A,0x554A,0x554A,0x554A,0x554A,0x5D4A,0x554A,0x554A,0x554A,0x554A,0x554A,0x554A,0x554A,0x554A,0x554A,0x554A,
  0x554A,0x554A,0x554A,0x554A,0x554A,0x554A,0x554A,0x554A,0x554A,0x554A,0x554A,0x554A,0x554A,0x554A,0x554A,0x554A,
  0x5D4A,0x5D4A,0x5D4A,0x5D4A,0x556A,0x554A,0x554A,0x554A,0x554A,0x554A,0x554A,0x554A,0x554A,0x554A,0x554A,0x554A,
  0x554A,0x554A,0x554A,0x554A,0x554A,0x554A,0x554A,0x554A,0x554A,0x554A,0x554A,0x554A,0x554A,0x554A,0x554A,0x5D4A,
  0x5D4A,0x5D4B,0x556B,0x4D4A,0x5D4A,0x5D6A,0x554B,0x5D6C,0x556B,0x5D6C,0x2A85,0x10C2,0x10E2,0x32CA,0x4C51,0x3C32,
  0x3C53,0x3C52,0x3432,0x2494,0x25DA,0x0E5C,0x065C,0x065D,0x065D,0x065D,0x065D,0x065D,0x065D,0x065D,0x065C,0x065C,
  0x065C,0x065C,0x067C,0x0E5D,0x0E3D,0x0E3D,0x0E5D,0x065C,0x065C,0x163B,0x25FA,0x2495,0x3453,0x3C32,0x3C52,0x3C53,
  0x4CB3,0x2B4B,0x1102,0x10C2,0x2A65,0x5D4C,0x5D6B,0x5D6A,0x556A,0x558A,0x556A,0x5D4A,0x5D4A,0x554B,0x554B,0x554B,
  0x554A,0x554A,0x554A,0x554A,0x554A,0x5D4A,0x554A,0x554A,0x554A,0x554A,0x554A,0x554A,0x554A,0x554A,0x554A,0x554A,
  0x554A,0x554A,0x554A,0x554A,0x554A,0x554A,0x554A,0x554A,0x554A,0x554A,0x554A,0x554A,0x554A,0x554A,0x554A,0x554A,
  0x5D4A,0x5D4A,0x5D4A,0x5D4A,0x5D6A,0x554A,0x554A,0x554A,0x554A,0x554A,0x554A,0x554A,0x554A,0x554A,0x554A,0x554A,
  0x554A,0x554A,0x554A,0x554A,0x554A,0x554A,0x554A,0x554A,0x554A,0x554A,0x554A,0x554A,0x554A,0x554A,0x554A,0x5D4A,
  0x5D2A,0x5D4B,0x556B,0x556A,0x5D6A,0x5D6A,0x554A,0x554B,0x5D4C,0x654E,0x21E4,0x0000,0x0000,0x2B8E,0x4E5A,0x2E5C,
  0x267C,0x267C,0x265C,0x1E5C,0x163D,0x065C,0x065D,0x065D,0x065D,0x065D,0x065D,0x065D,0x065D,0x065D,0x065C,0x065C,
  0x065C,0x067C,0x067C,0x0E5C,0x0E5C,0x0E5C,0x0E5D,0x065C,0x067C,0x067C,0x0E5B,0x1E7C,0x265C,0x2E5C,0x2E7D,0x265D,
  0x46DD,0x1C10,0x0041,0x0000,0x21C3,0x650C,0x5D6B,0x656C,0x5D4B,0x554A,0x556A,0x5D4A,0x5D4A,0x554B,0x554B,0x554A,
  0x554A,0x554A,0x554A,0x554A,0x554A,0x5D4A,0x554A,0x554A,0x554A,0x554A,0x554A,0x554A,0x554A,0x554A,0x554A,0x554A,
  0x554A,0x554A,0x554A,0x554A,0x554A,0x554A,0x554A,0x554A,0x554A,0x554A,0x554A,0x554A,0x554A,0x554A,0x554A,0x554A,
  0x5D4A,0x5D4A,0x5D4A,0x5D4A,0x5D6A,0x554A,0x554A,0x554A,0x554A,0x554A,0x554A,0x554A,0x554A,0x554A,0x554A,0x554A,
  0x554A,0x554A,0x554A,0x554A,0x554A,0x554A,0x554A,0x554A,0x554A,0x554A,0x554A,0x554A,0x554B,0x554B,0x554A,0x5D4A,
  0x5D2A,0x5D2A,0x5D4A,0x5D6A,0x5D6A,0x5D6A,0x5D4B,0x654C,0x6D6E,0x756F,0x21E5,0x0000,0x0000,0x1B8F,0x2E3A,0x0E5C,
  0x065D,0x065D,0x065C,0x065C,0x0E7D,0x065D,0x065D,0x065D,0x065D,0x065D,0x065D,0x065D,0x065D,0x065D,0x065D,0x065D,
  0x065C,0x067C,0x067C,0x065C,0x065C,0x065C,0x065C,0x067D,0x067D,0x065C,0x067D,0x065D,0x065D,0x065C,0x0E7D,0x065D,
  0x2E9D,0x13D1,0x0022,0x0000,0x29C5,0x7D2F,0x754E,0x6D4D,0x5D2B,0x5D4B,0x554A,0x5D4A,0x5D4A,0x554A,0x554A,0x554A,
  0x554A,0x554A,0x554A,0x554A,0x554A,0x5D4A,0x554A,0x554A,0x554A,0x554A,0x554A,0x554A,0x554A,0x554A,0x554A,0x554A,
  0x554A,0x554A,0x554A,0x554A,0x554A,0x554A,0x554A,0x554A,0x554A,0x554A,0x554A,0x554A,0x554A,0x554A,0x554A,0x554A,
  0x5D4A,0x5D4A,0x5D4A,0x5D4A,0x5D6A,0x554A,0x554A,0x554A,0x554A,0x554A,0x554A,0x554A,0x554A,0x554A,0x554A,0x554A,
  0x554A,0x554A,0x554A,0x554A,0x554A,0x554A,0x554A,0x554A,0x554A,0x554A,0x554A,0x554A,0x554B,0x554B,0x554A,0x5D4A,
  0x5D2A,0x5D2A,0x5D4A,0x5D4A,0x554A,0x5D6B,0x652B,0x4387,0x4B68,0x438A,0x3B6C,0x334E,0x1B2E,0x1CD5,0x265C,0x067E,
  0x069E,0x067D,0x065C,0x067C,0x067C,0x065C,0x065D,0x065D,0x065D,0x065D,0x065D,0x065D,0x065D,0x065D,0x065D,0x065D,
  0x065D,0x065D,0x065D,0x065C,0x067C,0x067C,0x067C,0x065C,0x067D,0x065D,0x065D,0x0E9F,0x067E,0x069D,0x069D,0x067D,
  0x1E5D,0x2517,0x2370,0x332E,0x432C,0x434A,0x4328,0x4367,0x650C,0x5D4C,0x5D4B,0x5D4B,0x554A,0x554A,0x554A,0x554A,
  0x5D4A,0x5D4A,0x554A,0x554A,0x554A,0x554A,0x554A,0x554A,0x554A,0x554A,0x554A,0x554A,0x554A,0x554A,0x554A,0x554A,
  0x554A,0x554A,0x554A,0x554A,0x554A,0x554A,0x554A,0x554A,0x554A,0x554A,0x554A,0x554A,0x554A,0x554A,0x554A,0x554A,
  0x5D4A,0x5D4A,0x5D4A,0x5D4A,0x5D6A,0x554A,0x554A,0x554A,0x554A,0x554A,0x554A,0x554A,0x554A,0x554A,0x554A,0x554A,
  0x554A,0x554A,0x554A,0x554A,0x554A,0x554A,0x554A,0x554A,0x554A,0x554A,0x554A,0x554A,0x554B,0x554B,0x556A,0x554A,
  0x5D4A,0x5D4A,0x5D2A,0x552B,0x552A,0x5D4B,0x5C8B,0x0080,0x0020,0x0021,0x4CD4,0x4E3B,0x363C,0x1E5D,0x0E7D,0x067E,
  0x067E,0x0E7E,0x0E5C,0x0E7D,0x065C,0x065D,0x065D,0x065D,0x065D,0x065D,0x065D,0x065D,0x065D,0x065D,0x065D,0x065D,
  0x065D,0x0E3D,0x0E3D,0x0E5D,0x065D,0x067D,0x067D,0x067D,0x065C,0x0E7D,0x065D,0x065E,0x065E,0x065D,0x067D,0x067E,
  0x0E5D,0x1E5C,0x2E5C,0x463B,0x4CF5,0x00C2,0x0000,0x0900,0x546A,0x652C,0x5D2B,0x5D4B,0x554A,0x554A,0x554A,0x554A,
  0x5D4A,0x5D4A,0x554A,0x554A,0x554A,0x554B,0x554A,0x554A,0x554A,0x554A,0x554A,0x554A,0x554A,0x554A,0x554A,0x554A,
  0x554A,0x554A,0x554A,0x554A,0x554A,0x554A,0x554A,0x554A,0x554A,0x554A,0x554A,0x554A,0x554A,0x554A,0x554A,0x554A,
  0x5D4A,0x5D4A,0x5D4A,0x5D4A,0x5D6A,0x554A,0x554A,0x554A,0x554A,0x554A,0x554A,0x554A,0x554A,0x554A,0x554A,0x554A,
  0x554A,0x554A,0x554A,0x554A,0x554A,0x554A,0x554A,0x554A,0x554A,0x554A,0x554A,0x554A,0x554B,0x554A,0x554A,0x554A,
  0x554A,0x554A,0x552A,0x5D2C,0x652D,0x650D,0x6C8D,0x0020,0x0000,0x0001,0x34D5,0x263B,0x167D,0x0E7D,0x0E9D,0x067D,
  0x067D,0x0E5C,0x0E5C,0x0E5D,0x065C,0x065D,0x065D,0x065D,0x065D,0x065D,0x065D,0x065D,0x065D,0x065D,0x065D,0x065D,
  0x065D,0x0E3D,0x0E3D,0x0E5D,0x065D,0x065D,0x065D,0x067D,0x065C,0x065D,0x065D,0x065D,0x067D,0x065D,0x0E5D,0x067D,
  0x067D,0x067C,0x0E5C,0x2E3C,0x34D5,0x0083,0x0000,0x08E1,0x648C,0x6D2D,0x652D,0x5D2B,0x554A,0x554A,0x554A,0x5D4B,
  0x5D2A,0x554A,0x554A,0x554A,0x554A,0x554B,0x554A,0x554A,0x554A,0x554A,0x554A,0x554A,0x554A,0x554A,0x554A,0x554A,
  0x554A,0x554A,0x554A,0x554A,0x554A,0x554A,0x554A,0x554A,0x554A,0x554A,0x554A,0x554A,0x554A,0x554A,0x554A,0x554A,
  0x5D4A,0x5D4A,0x5D4A,0x5D4A,0x554A,0x554A,0x554A,0x554A,0x554A,0x554A,0x554A,0x554A,0x554A,0x554A,0x554A,0x554A,
  0x554A,0x554A,0x554A,0x554A,0x554A,0x554A,0x554A,0x554A,0x554A,0x554A,0x554A,0x554A,0x554A,0x554A,0x554A,0x554A,
  0x554A,0x554A,0x552B,0x548B,0x4BCA,0x5BEB,0x53AB,0x11A7,0x11C8,0x01E9,0x2536,0x165B,0x067D,0x0EBD,0x067C,0x067C,
  0x0E7C,0x0E5C,0x0E5C,0x0E5D,0x067D,0x065D,0x065D,0x065D,0x065D,0x065D,0x065D,0x065D,0x065D,0x065D,0x065D,0x065D,
  0x065D,0x065D,0x065D,0x065D,0x065D,0x065D,0x065D,0x065D,0x067D,0x065D,0x067D,0x067D,0x067C,0x065D,0x0E5D,0x065D,
  0x065C,0x067C,0x0E5B,0x263B,0x2D16,0x0A4A,0x11E7,0x1A27,0x53CC,0x5C4C,0x542A,0x54CB,0x5D2B,0x5529,0x552A,0x5D2A,
  0x5D2A,0x554A,0x554A,0x554A,0x554A,0x554B,0x554A,0x554A,0x554A,0x554A,0x554A,0x554A,0x554A,0x554A,0x554A,0x554A,
  0x554A,0x554A,0x554A,0x554A,0x554A,0x554A,0x554A,0x554A,0x554A,0x554A,0x554A,0x554A,0x554A,0x554A,0x554A,0x554A,
  0x5D4A,0x5D4A,0x5D4A,0x5D4A,0x5D4A,0x5D4A,0x5D4A,0x5D4A,0x5D4A,0x5D4A,0x5D4A,0x5D4A,0x5D4A,0x5D4A,0x5D4A,0x5D4A,
  0x554A,0x554A,0x554A,0x554A,0x554A,0x554A,0x554A,0x554A,0x554A,0x554A,0x554A,0x554A,0x554A,0x5D4A,0x5D2A,0x554A,
  0x554A,0x554A,0x5D4C,0x3B88,0x0060,0x0040,0x0124,0x4CB3,0x4598,0x2DB8,0x1E1A,0x165C,0x065D,0x0E9D,0x067D,0x067D,
  0x0E5C,0x0E5D,0x0E5D,0x067D,0x067D,0x065D,0x065D,0x065D,0x065D,0x065D,0x065D,0x065D,0x065D,0x065D,0x065D,0x065D,
  0x065D,0x067C,0x067C,0x067D,0x065D,0x065D,0x065D,0x065D,0x065D,0x065D,0x065D,0x065D,0x065C,0x0E5C,0x0E5D,0x0E5D,
  0x0E5D,0x065C,0x065C,0x163B,0x25DA,0x3599,0x4578,0x4CF6,0x1105,0x0040,0x0060,0x43C8,0x656C,0x552A,0x552A,0x5D2A,
  0x5D2B,0x554A,0x554A,0x554A,0x554A,0x554B,0x554A,0x554A,0x554A,0x554A,0x554A,0x554A,0x554A,0x554A,0x554A,0x554A,
  0x554A,0x554A,0x554A,0x554A,0x554A,0x554A,0x554A,0x554A,0x554A,0x554A,0x554A,0x554A,0x554A,0x554A,0x554A,0x554A,
  0x5D4A,0x5D4A,0x5D4A,0x5D4A,0x5D4A,0x5D4A,0x5D4A,0x5D4A,0x5D4A,0x5D4A,0x5D4A,0x5D4A,0x5D4A,0x5D4A,0x5D4A,0x5D4A,
  0x554A,0x554A,0x554A,0x554A,0x554A,0x554A,0x554A,0x554A,0x554A,0x554A,0x554A,0x554A,0x554A,0x5D4A,0x5D2A,0x5D2A,
  0x554A,0x554A,0x5D2C,0x4389,0x0000,0x0000,0x0124,0x3D36,0x261A,0x163B,0x0E3C,0x0E3C,0x0E5D,0x065D,0x067D,0x065D,
  0x0E5D,0x0E3D,0x065D,0x065D,0x067D,0x065D,0x065D,0x065D,0x065D,0x065D,0x065D,0x065D,0x065D,0x065D,0x065D,0x065D,
  0x065D,0x067C,0x067C,0x065D,0x065D,0x065D,0x065D,0x065D,0x065D,0x065D,0x065D,0x0E5D,0x0E5D,0x0E5C,0x0E5C,0x0E5D,
  0x0E5D,0x065D,0x065C,0x063C,0x163C,0x15FB,0x2DDB,0x4538,0x08C4,0x0000,0x0000,0x4389,0x654C,0x5509,0x552A,0x5D2A,
  0x5D2B,0x554A,0x554A,0x554A,0x554A,0x552B,0x554A,0x554A,0x554A,0x554A,0x554A,0x554A,0x554A,0x554A,0x554A,0x554A,
  0x554A,0x554A,0x554A,0x554A,0x554A,0x554A,0x554A,0x554A,0x554A,0x554A,0x554A,0x554A,0x554A,0x554A,0x554A,0x554A,
  0x5D4A,0x5D4A,0x5D4A,0x5D4A,0x5D4A,0x5D4A,0x5D4A,0x5D4A,0x5D4A,0x5D4A,0x5D4A,0x5D4A,0x5D4A,0x5D4A,0x5D4A,0x5D4A,
  0x554A,0x554A,0x554A,0x554A,0x554A,0x554A,0x554A,0x554A,0x554A,0x554A,0x554A,0x554A,0x554A,0x5D4A,0x5D4A,0x5D2A,
  0x554A,0x554A,0x652C,0x4B69,0x0000,0x0000,0x0145,0x2D36,0x163C,0x063D,0x0E3D,0x0E3C,0x0E3C,0x063D,0x065D,0x065D,
  0x065D,0x065D,0x0E5D,0x065D,0x065D,0x065D,0x065D,0x065D,0x065D,0x065D,0x065D,0x065D,0x065D,0x065D,0x065D,0x065D,
  0x065D,0x0E5D,0x0E5D,0x0E5D,0x065D,0x065D,0x065D,0x065D,0x065D,0x065D,0x065D,0x0E5D,0x0E3D,0x065C,0x065C,0x065D,
  0x065D,0x065C,0x065C,0x065C,0x0E5C,0x0E1C,0x1DFB,0x3D58,0x0904,0x0000,0x0000,0x4349,0x652C,0x550A,0x5D2A,0x5D2B,
  0x552B,0x554A,0x554A,0x554A,0x552A,0x552B,0x554A,0x554A,0x554A,0x554A,0x554A,0x554A,0x554A,0x554A,0x554A,0x554A,
  0x554A,0x554A,0x554A,0x554A,0x554A,0x554A,0x554A,0x554A,0x554A,0x554A,0x554A,0x554A,0x554A,0x554A,0x554A,0x554A,
  0x5D4A,0x5D4A,0x5D4A,0x5D4A,0x5D4A,0x5D4A,0x5D4A,0x5D4A,0x5D4A,0x5D4A,0x5D4A,0x5D4A,0x5D4A,0x5D4A,0x5D4A,0x5D4A,
  0x554A,0x554A,0x554A,0x554A,0x554A,0x554A,0x554A,0x554A,0x554A,0x554A,0x554A,0x554A,0x554B,0x554B,0x5D4A,0x554A,
  0x554A,0x5D2A,0x652C,0x4369,0x0000,0x0000,0x0145,0x2D36,0x1E1B,0x0E3D,0x0E3C,0x0E5C,0x065C,0x0E3C,0x063D,0x065D,
  0x067D,0x067C,0x065D,0x065D,0x065D,0x065D,0x065D,0x065D,0x065D,0x065D,0x065D,0x065D,0x065D,0x065D,0x065D,0x065D,
  0x065D,0x065D,0x0E5D,0x065D,0x065D,0x065D,0x067D,0x065D,0x065D,0x065D,0x065D,0x065D,0x065D,0x065D,0x065D,0x065D,
  0x065D,0x0E3C,0x0E3C,0x0E1C,0x0E5C,0x0E3C,0x1DFB,0x3D78,0x0924,0x0000,0x0000,0x4B49,0x6D2D,0x550A,0x5D2B,0x5D2B,
  0x552B,0x554A,0x554A,0x554A,0x5D2A,0x5D2B,0x554A,0x554A,0x554A,0x554A,0x554A,0x554A,0x554A,0x554A,0x554A,0x554A,
  0x554A,0x554A,0x554A,0x554A,0x554A,0x554A,0x554A,0x554A,0x554A,0x554A,0x554A,0x554A,0x554A,0x554A,0x554A,0x554A,
  0x5D4A,0x5D4A,0x5D4A,0x5D4A,0x5D4A,0x5D4A,0x5D4A,0x5D4A,0x5D4A,0x5D4A,0x5D4A,0x5D4A,0x5D4A,0x5D4A,0x5D4A,0x5D4A,
  0x554A,0x554A,0x554A,0x554A,0x554A,0x554A,0x554A,0x554A,0x554A,0x554A,0x554A,0x554A,0x554A,0x554A,0x5D6A,0x554A,
  0x5D4B,0x5D0A,0x650D,0x4349,0x0020,0x0000,0x0146,0x2D36,0x161B,0x0E3C,0x0E5C,0x0E7C,0x067C,0x0E5C,0x065C,0x065C,
  0x067C,0x067C,0x065C,0x065C,0x065D,0x065D,0x067D,0x065C,0x065D,0x065D,0x065D,0x065D,0x065D,0x065D,0x065D,0x065D,
  0x065D,0x065D,0x063D,0x065D,0x067D,0x065D,0x065D,0x065D,0x0E5D,0x065D,0x065D,0x065D,0x065D,0x065D,0x065D,0x0E3D,
  0x0E3D,0x0E3C,0x0E3C,0x0E3D,0x0E3D,0x063C,0x1DFB,0x3D78,0x0924,0x0000,0x0000,0x4B6A,0x6D2D,0x5D0B,0x5D2B,0x5D2B,
  0x552B,0x554B,0x554A,0x5D4A,0x5D2B,0x5D2B,0x554A,0x554A,0x554A,0x554A,0x554A,0x554A,0x554A,0x554A,0x554A,0x554A,
  0x554A,0x554A,0x554A,0x554A,0x554A,0x554A,0x554A,0x554A,0x554A,0x554A,0x554A,0x554A,0x554A,0x554A,0x554A,0x554A,
  0x5D4A,0x5D4A,0x5D4A,0x5D4A,0x5D4A,0x5D4A,0x5D4A,0x5D4A,0x5D4A,0x5D4A,0x5D4A,0x5D4A,0x5D4A,0x5D4A,0x5D4A,0x5D4A,
  0x554A,0x554A,0x554A,0x554A,0x554A,0x554A,0x554A,0x554A,0x554A,0x554A,0x554A,0x554A,0x554A,0x5D6A,0x5D6B,0x5D4B,
  0x654C,0x650D,0x750F,0x4B6A,0x0000,0x0000,0x0125,0x2D57,0x163C,0x063D,0x063D,0x063D,0x065C,0x065B,0x065C,0x065C,
  0x067C,0x069C,0x067C,0x067C,0x067D,0x067C,0x067D,0x067C,0x065D,0x065D,0x067D,0x067D,0x067D,0x065D,0x0E5D,0x0E5D,
  0x065D,0x0E5C,0x065D,0x0E5E,0x0E7D,0x065C,0x065D,0x0E5D,0x0E3E,0x0E5D,0x0E5D,0x065D,0x065D,0x065C,0x0E5D,0x0E3D,
  0x0E3C,0x065C,0x065D,0x063D,0x061C,0x063C,0x161B,0x3598,0x00E5,0x0000,0x0000,0x4B69,0x754E,0x650D,0x5D0B,0x5D2B,
  0x552B,0x554A,0x554A,0x5D4A,0x5D2B,0x5D4B,0x554A,0x554A,0x554A,0x554A,0x554A,0x554A,0x554A,0x554A,0x554A,0x554A,
  0x554A,0x554A,0x554A,0x554A,0x554A,0x554A,0x554A,0x554A,0x554A,0x554A,0x554A,0x554A,0x554A,0x554A,0x554A,0x554A,
  0x5D4A,0x5D4A,0x5D4A,0x5D4A,0x5D4A,0x5D4A,0x5D4A,0x5D4A,0x5D4A,0x5D4A,0x5D4A,0x5D4A,0x5D4A,0x5D4A,0x5D4A,0x5D4A,
  0x554A,0x554A,0x554A,0x554A,0x554A,0x554A,0x554A,0x554A,0x554A,0x554A,0x554A,0x554A,0x5D4A,0x5D4A,0x5D4B,0x656C,
  0x3BA7,0x2A85,0x3267,0x32EA,0x336E,0x2B8F,0x1C12,0x1DB9,0x0E3C,0x065C,0x0E3D,0x0E3D,0x0E3C,0x0E5C,0x0E5C,0x0E3C,
  0x0E3C,0x063C,0x063C,0x065D,0x065D,0x0E5D,0x0E7D,0x065D,0x0E5D,0x063D,0x065D,0x065D,0x065D,0x065D,0x0E5D,0x067D,
  0x067D,0x067C,0x067D,0x067D,0x065C,0x067C,0x069C,0x065D,0x065D,0x065C,0x065C,0x0E5C,0x065C,0x065C,0x065D,0x0E1D,
  0x0E3C,0x065C,0x065C,0x065C,0x065C,0x063B,0x163B,0x25DA,0x2412,0x2B6F,0x336E,0x32C9,0x3286,0x2245,0x3B87,0x5D2C,
  0x552B,0x554A,0x554A,0x5D4A,0x5D4A,0x556A,0x554A,0x554A,0x554A,0x554A,0x554A,0x554A,0x554A,0x554A,0x554A,0x554A,
  0x554A,0x554A,0x554A,0x554A,0x554A,0x554A,0x554A,0x554A,0x554A,0x554A,0x554A,0x554A,0x554A,0x554A,0x554A,0x554A,
  0x5D4A,0x5D4A,0x5D4A,0x5D4A,0x5D4A,0x5D4A,0x5D4A,0x5D4A,0x5D4A,0x5D4A,0x5D4A,0x5D4A,0x5D4A,0x5D4A,0x5D4A,0x5D4A,
  0x554A,0x554A,0x554A,0x554A,0x554A,0x554A,0x554A,0x554A,0x554A,0x554A,0x554A,0x554A,0x5D6B,0x554B,0x552B,0x6D8E,
  0x1203,0x0000,0x0000,0x228A,0x4DF9,0x363A,0x261A,0x163C,0x063C,0x067C,0x0E5D,0x0E3D,0x0E3C,0x0E3C,0x0E5D,0x0E3D,
  0x0E1C,0x0DFC,0x0DFB,0x0E3C,0x0E1C,0x0E1C,0x0E1C,0x061B,0x0E1C,0x0E3D,0x0E1C,0x0E5D,0x067D,0x067D,0x067D,0x067D,
  0x067D,0x065D,0x065D,0x065D,0x0E5C,0x063B,0x065B,0x063B,0x063B,0x063B,0x063B,0x061C,0x061C,0x061C,0x063C,0x0E3D,
  0x0E5D,0x0E5C,0x065C,0x065C,0x0E5C,0x0E5C,0x0E3C,0x161B,0x2E1B,0x3DF9,0x55D8,0x22AA,0x0000,0x0000,0x2A65,0x652C,
  0x5D2B,0x554A,0x556A,0x554A,0x556A,0x556A,0x554A,0x554A,0x554A,0x554A,0x554A,0x554A,0x554A,0x554A,0x554A,0x554A,
  0x554A,0x554A,0x554A,0x554A,0x554A,0x554A,0x554A,0x554A,0x554A,0x554A,0x554A,0x554A,0x554A,0x554A,0x554A,0x554A,
  0x5D4A,0x5D4A,0x5D4A,0x5D4A,0x5D4A,0x5D4A,0x5D4A,0x5D4A,0x5D4A,0x5D4A,0x5D4A,0x5D4A,0x5D4A,0x5D4A,0x5D4A,0x5D4A,
  0x554A,0x554A,0x554A,0x554A,0x554A,0x554A,0x554A,0x554A,0x554A,0x554A,0x554A,0x554A,0x556B,0x558B,0x552B,0x6D6E,
  0x1A04,0x0000,0x0000,0x1AAC,0x35FA,0x163B,0x0E5C,0x0E5D,0x065D,0x067C,0x0E5D,0x0E3D,0x0E3C,0x0E5D,0x065D,0x063C,
  0x1E3C,0x2E5D,0x2E5C,0x265C,0x265C,0x265B,0x267B,0x267B,0x2E5C,0x2E7D,0x267D,0x0E5C,0x067D,0x067D,0x067D,0x067D,
  0x067D,0x065E,0x0E5E,0x163E,0x263D,0x2E7C,0x2E7C,0x2E7D,0x267C,0x267C,0x267C,0x2E7D,0x2E7D,0x267D,0x163C,0x0E1C,
  0x0E5C,0x0E5C,0x063B,0x0E5C,0x0E5C,0x0E5C,0x063C,0x0E5D,0x0E1C,0x15FA,0x3DFA,0x22AC,0x0000,0x0000,0x3266,0x6D4D,
  0x5D4B,0x5D4B,0x556A,0x556A,0x556A,0x554A,0x554A,0x554A,0x554A,0x554A,0x554A,0x554A,0x554A,0x554A,0x554A,0x554A,
  0x554A,0x554A,0x554A,0x554A,0x554A,0x554A,0x554A,0x554A,0x554A,0x554A,0x554A,0x554A,0x554A,0x554A,0x554A,0x554A,
  0x5D4A,0x5D4A,0x5D4A,0x5D4A,0x5D4A,0x5D4A,0x5D4A,0x5D4A,0x5D4A,0x5D4A,0x5D4A,0x5D4A,0x5D4A,0x5D4A,0x5D4A,0x5D4A,
  0x554A,0x554A,0x554A,0x554A,0x554A,0x554A,0x554A,0x554A,0x554A,0x554A,0x554A,0x554A,0x556A,0x556A,0x5D4A,0x756E,
  0x1A04,0x0000,0x0020,0x22ED,0x361C,0x0E5D,0x065D,0x0E5D,0x067D,0x067C,0x065D,0x0E5D,0x0E5C,0x0E5C,0x0E5C,0x161C,
  0x2D99,0x13D2,0x1BB1,0x1B90,0x1B90,0x1BB0,0x1BB0,0x23D1,0x1BB1,0x13B1,0x1495,0x1E3B,0x0E7C,0x067D,0x067D,0x0E7D,
  0x0E7D,0x0E7D,0x165D,0x1E3D,0x2517,0x13F2,0x1BF1,0x23F1,0x23F1,0x23F1,0x23F1,0x23D1,0x23D1,0x1433,0x1DB9,0x163C,
  0x0E5C,0x065C,0x063C,0x0E5C,0x0E3C,0x0E3C,0x0E5D,0x065D,0x065D,0x0E1B,0x361A,0x1ACD,0x0001,0x0000,0x2A66,0x6D6D,
  0x5D4C,0x5D6B,0x556A,0x556A,0x554A,0x5D4A,0x554A,0x554A,0x554A,0x554A,0x554A,0x554A,0x554A,0x554A,0x554A,0x554A,
  0x554A,0x554A,0x554A,0x554A,0x554A,0x554A,0x554A,0x554A,0x554A,0x554A,0x554A,0x554A,0x554A,0x554A,0x554A,0x554A,
  0x5D4A,0x5D4A,0x5D4A,0x5D4A,0x5D4A,0x5D4A,0x5D4A,0x5D4A,0x5D4A,0x5D4A,0x5D4A,0x5D4A,0x5D4A,0x5D4A,0x5D4A,0x5D4A,
  0x554A,0x554A,0x554A,0x554A,0x554A,0x554A,0x554A,0x554A,0x554A,0x554A,0x554A,0x554A,0x556A,0x5D4A,0x652A,0x756D,
  0x1A24,0x0020,0x0020,0x22ED,0x2E1C,0x0E3D,0x065E,0x0E7D,0x065C,0x067D,0x065D,0x0E5D,0x0E5C,0x0E7C,0x0E5B,0x263B,
  0x34D6,0x0084,0x0022,0x0022,0x0042,0x0041,0x0062,0x0042,0x0042,0x0043,0x024B,0x2DFA,0x165C,0x0E7D,0x067D,0x0E7D,
  0x0E7D,0x0E7D,0x0E3C,0x2E1B,0x0B70,0x0063,0x0062,0x0042,0x0042,0x0041,0x0042,0x0022,0x0021,0x00E5,0x1CB5,0x1E7D,
  0x065D,0x067D,0x0E3D,0x0E3D,0x0E3D,0x063C,0x063C,0x065D,0x0E5D,0x161C,0x361B,0x1AED,0x0021,0x0000,0x2A86,0x6D6D,
  0x5D4C,0x5D6B,0x556B,0x556B,0x5D4B,0x5D2B,0x554A,0x554A,0x554A,0x554A,0x554A,0x554A,0x554A,0x554A,0x554A,0x554A,
  0x554A,0x554A,0x554A,0x554A,0x554A,0x554A,0x554A,0x554A,0x554A,0x554A,0x554A,0x554A,0x554A,0x554A,0x554A,0x554A,
  0x5D4A,0x5D4A,0x5D4A,0x5D4A,0x5D4A,0x5D4A,0x5D4A,0x5D4A,0x5D4A,0x5D4A,0x5D4A,0x5D4A,0x5D4A,0x5D4A,0x5D4A,0x5D4A,
  0x554A,0x554A,0x554A,0x554A,0x554A,0x554A,0x554A,0x554A,0x554A,0x554A,0x554A,0x5D4A,0x5D4A,0x654A,0x652A,0x756D,
  0x2224,0x0000,0x0000,0x1AEC,0x363C,0x0E5D,0x0E7E,0x069C,0x067C,0x067D,0x0E7D,0x0E7D,0x0E7D,0x069C,0x067C,0x1E5B,
  0x3CF5,0x0083,0x0020,0x0020,0x0000,0x0000,0x0000,0x0000,0x0020,0x0001,0x0A4A,0x361A,0x163B,0x0E5C,0x065C,0x0E5D,
  0x0E5D,0x065C,0x0E3C,0x2E1B,0x1B4F,0x0042,0x0021,0x0000,0x0000,0x0000,0x0000,0x0021,0x0021,0x00A4,0x2CB5,0x267D,
  0x0E7D,0x067D,0x0E5D,0x0E5D,0x0E5D,0x0E7D,0x0E7C,0x0E7D,0x0E5D,0x1E3C,0x3E3B,0x1B0D,0x0021,0x0000,0x2A86,0x6D6D,
  0x5D4B,0x5D6B,0x556B,0x554B,0x5D4B,0x5D2B,0x554A,0x554A,0x554A,0x554A,0x554A,0x554A,0x554A,0x554A,0x554A,0x554A,
  0x554A,0x554A,0x554A,0x554A,0x554A,0x554A,0x554A,0x554A,0x554A,0x554A,0x554A,0x554A,0x554A,0x554A,0x554A,0x554A,
  0x5D4A,0x5D4A,0x5D4A,0x5D4A,0x5D4A,0x5D4A,0x5D4A,0x5D4A,0x5D4A,0x5D4A,0x5D4A,0x5D4A,0x5D4A,0x5D4A,0x5D4A,0x5D4A,
  0x554A,0x554A,0x554A,0x554A,0x554A,0x554A,0x554A,0x554A,0x554A,0x554A,0x554A,0x554A,0x5D4A,0x5D4A,0x5D2A,0x6D6E,
  0x2224,0x0000,0x0000,0x1AEC,0x363C,0x0E5D,0x067D,0x069C,0x067C,0x067D,0x0E7D,0x0E7D,0x0E7D,0x069D,0x069C,0x269C,
  0x44F5,0x0083,0x0020,0x0820,0x4A28,0x4A68,0x4A48,0x0861,0x0000,0x0000,0x0A4A,0x35FA,0x161C,0x0E5D,0x0E5C,0x0E5D,
  0x0E5D,0x0E5C,0x163B,0x2E1A,0x1B2E,0x0021,0x0000,0x10A2,0x31A6,0x39C6,0x31A7,0x0021,0x0000,0x00A4,0x3494,0x267D,
  0x0E7D,0x067D,0x0E5D,0x0E5D,0x067D,0x067C,0x067C,0x067C,0x0E7D,0x163C,0x365B,0x1B0D,0x0021,0x0000,0x3286,0x6D6D,
  0x5D4B,0x5D6B,0x5D6A,0x5D4B,0x5D4B,0x5D4B,0x554A,0x554A,0x554A,0x554A,0x554A,0x554A,0x554A,0x554A,0x554A,0x554A,
  0x554A,0x554A,0x554A,0x554A,0x554A,0x554A,0x554A,0x554A,0x554A,0x554A,0x554A,0x554A,0x554A,0x554A,0x554A,0x554A,
  0x5D4A,0x5D4A,0x5D4A,0x5D4A,0x5D4A,0x5D4A,0x5D4A,0x5D4A,0x5D4A,0x5D4A,0x5D4A,0x5D4A,0x5D4A,0x5D4A,0x5D4A,0x5D4A,
  0x554A,0x554A,0x554A,0x554A,0x554A,0x554A,0x554A,0x554A,0x554A,0x554A,0x554A,0x554A,0x554B,0x556B,0x5D4B,0x6D6E,
  0x2224,0x0000,0x0000,0x1AEC,0x2E3C,0x0E5D,0x067D,0x069D,0x067D,0x067D,0x0E7D,0x0E7D,0x0E7D,0x067D,0x067C,0x1E7C,
  0x44F6,0x0063,0x0000,0x2124,0xD6DA,0xF79D,0xF7BE,0x634D,0x0000,0x0000,0x0A4A,0x35FA,0x161C,0x0E3D,0x0E5D,0x0E5C,
  0x0E5C,0x0E3C,0x161B,0x35FA,0x232D,0x0041,0x0000,0x6B4D,0xEF5D,0xE73C,0xE73C,0x31A7,0x0000,0x00A4,0x3495,0x267D,
  0x0E7D,0x0E7D,0x0E7D,0x067D,0x067D,0x069C,0x069C,0x069C,0x067D,0x165C,0x365B,0x1B0D,0x0021,0x0000,0x3266,0x6D6D,
  0x5D4B,0x5D6A,0x5D4A,0x5D4A,0x5D4A,0x554A,0x554A,0x554A,0x554A,0x554A,0x554A,0x554A,0x554A,0x554A,0x554A,0x554A,
  0x554A,0x554A,0x554A,0x554A,0x554A,0x554A,0x554A,0x554A,0x554A,0x554A,0x554A,0x554A,0x554A,0x554A,0x554A,0x554A,
  0x5D4A,0x5D4A,0x5D4A,0x5D4A,0x5D4A,0x5D4A,0x5D4A,0x5D4A,0x5D4A,0x5D4A,0x5D4A,0x5D4A,0x5D4A,0x5D4A,0x5D4A,0x5D4A,
  0x554A,0x554A,0x554A,0x554A,0x554A,0x554A,0x554A,0x554A,0x554A,0x554A,0x554A,0x554A,0x556B,0x556B,0x554B,0x6D6E,
  0x2224,0x0000,0x0000,0x1AEC,0x2E3B,0x0E5D,0x067D,0x067D,0x067D,0x0E7D,0x067D,0x0E7D,0x0E7D,0x0E7D,0x065D,0x267C,
  0x44F6,0x0063,0x0000,0x2145,0xDF1C,0xFFFF,0xFFFF,0x73AF,0x0000,0x0020,0x124A,0x35FA,0x161C,0x0E3D,0x0E3D,0x0E5C,
  0x0E5C,0x0E3C,0x161B,0x35FA,0x1B2D,0x0041,0x0000,0x73AE,0xFFFF,0xFFFF,0xFFDF,0x31A7,0x0000,0x00C4,0x2CB5,0x267D,
  0x0E7D,0x067D,0x0E7C,0x067D,0x067D,0x067C,0x069C,0x069D,0x067D,0x0E5C,0x2E5B,0x1B0D,0x0021,0x0000,0x3286,0x6D6D,
  0x5D4B,0x5D4B,0x5D4A,0x5D4A,0x554A,0x554A,0x554A,0x554A,0x554A,0x554A,0x554A,0x554A,0x554A,0x554A,0x554A,0x554A,
  0x554A,0x554A,0x554A,0x554A,0x554A,0x554A,0x554A,0x554A,0x554A,0x554A,0x554A,0x554A,0x554A,0x554A,0x554A,0x554A,
  0x5D4A,0x5D4A,0x5D4A,0x5D4A,0x5D4A,0x5D4A,0x5D4A,0x5D4A,0x5D4A,0x5D4A,0x5D4A,0x5D4A,0x5D4A,0x5D4A,0x5D4A,0x5D4A,
  0x554A,0x554A,0x554A,0x554A,0x554A,0x554A,0x554A,0x554A,0x554A,0x554A,0x554A,0x554A,0x556A,0x556B,0x5D2B,0x6D6E,
  0x2224,0x0000,0x0000,0x1AEC,0x2E5B,0x0E7C,0x069D,0x0E7E,0x0E7E,0x067E,0x069D,0x069D,0x067D,0x0E7D,0x0E7D,0x269D,
  0x44F6,0x0063,0x0000,0x1904,0xE73C,0xFFFF,0xFFFF,0x6B2D,0x0000,0x0000,0x124A,0x35FA,0x0E1C,0x0E3D,0x0E3C,0x0E5C,
  0x0E3C,0x0E3C,0x161B,0x2E1A,0x1B2E,0x0041,0x0000,0x73AE,0xFFFF,0xFFFF,0xFFFF,0x39C7,0x0000,0x00C3,0x2CB4,0x267D,
  0x0E7D,0x069D,0x067D,0x067D,0x067E,0x0E7D,0x067D,0x069D,0x067D,0x165C,0x365B,0x1AED,0x0021,0x0000,0x3286,0x6D6D,
  0x5D4C,0x5D4B,0x5D4A,0x5D4A,0x554A,0x554A,0x554A,0x554A,0x554A,0x554A,0x554A,0x554A,0x554A,0x554A,0x554A,0x554A,
  0x554A,0x554A,0x554A,0x554A,0x554A,0x554A,0x554A,0x554A,0x554A,0x554A,0x554A,0x554A,0x554A,0x554A,0x554A,0x5D6A,
  0x5D4A,0x5D4A,0x5D4A,0x5D4A,0x5D4A,0x5D4A,0x5D4A,0x5D4A,0x5D4A,0x5D4A,0x5D4A,0x5D4A,0x5D4A,0x5D4A,0x5D4A,0x554A,
  0x554A,0x554A,0x554A,0x554A,0x554A,0x554A,0x554A,0x554A,0x554A,0x554A,0x554A,0x554A,0x5D4A,0x5D4A,0x5D2A,0x6D6D,
  0x2224,0x0000,0x0000,0x22EC,0x2E3B,0x0E7C,0x069D,0x0E7E,0x0E7E,0x067D,0x067D,0x069D,0x067D,0x067D,0x067D,0x269C,
  0x44F6,0x0063,0x0020,0x0020,0x2945,0x3186,0x3186,0x1082,0x0000,0x0000,0x1A6B,0x35FA,0x0E3C,0x0E3D,0x0E5C,0x0E3C,
  0x0E3C,0x0E3C,0x0E1C,0x2E1A,0x1B4E,0x0021,0x0000,0x10A2,0x31A6,0x3186,0x3186,0x0861,0x0000,0x00A3,0x2CB4,0x267D,
  0x069D,0x069D,0x067D,0x0E7E,0x065E,0x0E5D,0x0E7D,0x067D,0x0E7E,0x165D,0x3E3B,0x1AED,0x0021,0x0000,0x2A86,0x656D,
  0x5D4C,0x5D4B,0x5D4A,0x5D4B,0x554B,0x554A,0x554A,0x554A,0x554A,0x554A,0x554A,0x554A,0x554A,0x554A,0x554A,0x554A,
  0x554A,0x554A,0x554A,0x554A,0x554A,0x554A,0x554A,0x554A,0x554A,0x554A,0x554A,0x554A,0x554A,0x554A,0x554A,0x5D6A,
  0x5D4A,0x5D4A,0x5D4A,0x5D4A,0x5D4A,0x5D4A,0x554A,0x554A,0x554A,0x554A,0x554A,0x554A,0x554A,0x554A,0x554A,0x554A,
  0x554A,0x554A,0x554A,0x554A,0x554A,0x554A,0x554A,0x554A,0x554A,0x554A,0x554A,0x554A,0x5D4A,0x5D4A,0x5D2A,0x6D6D,
  0x2224,0x0000,0x0000,0x1ACC,0x363B,0x0E5C,0x0E7D,0x067D,0x067D,0x067D,0x0E7D,0x0E7D,0x067D,0x067D,0x067C,0x1E7C,
  0x44F6,0x0083,0x0041,0x0020,0x0000,0x0000,0x0000,0x0000,0x0020,0x0000,0x128B,0x2E19,0x0E3B,0x065C,0x0E7D,0x0E5D,
  0x0E3C,0x063D,0x163C,0x2DDA,0x1B2E,0x0042,0x0021,0x0000,0x0000,0x0000,0x0000,0x0000,0x0000,0x00A3,0x3493,0x267C,
  0x0E9D,0x069E,0x065D,0x065D,0x067D,0x0E5D,0x0E5D,0x0E5D,0x067E,0x0E5D,0x363B,0x1AED,0x0021,0x0000,0x3286,0x6D6D,
  0x5D4B,0x5D6A,0x554A,0x554B,0x554B,0x554A,0x554A,0x554A,0x554A,0x554A,0x554A,0x554A,0x554A,0x554A,0x554A,0x554A,
  0x554A,0x554A,0x554A,0x554A,0x554A,0x554A,0x554A,0x554A,0x5D4A,0x5D4A,0x5D4A,0x5D4A,0x5D4A,0x5D4A,0x5D4A,0x554A,
  0x5D4A,0x5D4A,0x5D4A,0x5D4A,0x5D4A,0x554A,0x554A,0x554A,0x554A,0x554A,0x554A,0x554A,0x554A,0x554A,0x554A,0x554A,
  0x554A,0x554A,0x554A,0x554A,0x554A,0x554A,0x554A,0x554A,0x554A,0x554A,0x554A,0x554B,0x5D4A,0x5D4A,0x552B,0x6D6E,
  0x2224,0x0000,0x0000,0x1ACC,0x361B,0x165C,0x0E7D,0x067D,0x067D,0x067C,0x0E7D,0x0E7D,0x067D,0x067D,0x065C,0x1E7C,
  0x34F6,0x0042,0x0000,0x0000,0x0000,0x0001,0x0001,0x0000,0x0001,0x0001,0x026B,0x2E1A,0x0E3B,0x063C,0x0E5D,0x0E5D,
  0x065C,0x065C,0x0E3B,0x2DF9,0x0B2E,0x0021,0x0000,0x0000,0x0000,0x0000,0x0000,0x0000,0x0000,0x0022,0x2C53,0x265C,
  0x0E7D,0x067E,0x0E5D,0x065D,0x065D,0x065D,0x0E5D,0x067D,0x067D,0x0E5D,0x363B,0x1AED,0x0021,0x0000,0x3286,0x6D4D,
  0x5D4B,0x556A,0x556A,0x554B,0x556B,0x556A,0x554A,0x554A,0x554A,0x554A,0x554A,0x554A,0x554A,0x554A,0x554A,0x554A,
  0x554A,0x554A,0x554A,0x554A,0x554A,0x554A,0x554A,0x554A,0x5D4A,0x5D4A,0x5D4A,0x5D4A,0x5D4A,0x5D4A,0x5D4A,0x554A,
  0x5D4A,0x5D4A,0x5D4A,0x5D4A,0x5D4A,0x5D4A,0x554A,0x554A,0x554A,0x554A,0x554A,0x554A,0x554A,0x554A,0x554A,0x554A,
  0x554A,0x554A,0x554A,0x554A,0x554A,0x554A,0x554A,0x554A,0x554A,0x554A,0x554A,0x554B,0x5D4A,0x5D4A,0x552B,0x6D6E,
  0x2224,0x0000,0x0000,0x1ACC,0x363B,0x0E5C,0x067D,0x067D,0x067D,0x067C,0x067C,0x067D,0x067D,0x067D,0x065D,0x165D,
  0x2D79,0x2370,0x2B4E,0x2B2D,0x2B0E,0x2B0E,0x22EE,0x230E,0x232E,0x1B0E,0x1C33,0x261B,0x0E3C,0x0E5D,0x0E5D,0x0E5D,
  0x065C,0x065C,0x0E1A,0x1E1A,0x1C94,0x1B0E,0x1AEC,0x22EC,0x230C,0x230D,0x230D,0x232D,0x232D,0x1B4F,0x2537,0x163C,
  0x065C,0x065D,0x065D,0x0E5D,0x065D,0x065D,0x067C,0x067C,0x067D,0x0E5C,0x363B,0x1AED,0x0021,0x0000,0x3286,0x6D6D,
  0x5D4B,0x556A,0x556A,0x554B,0x554B,0x556A,0x554A,0x554A,0x554A,0x554A,0x554A,0x554A,0x554A,0x554A,0x554A,0x554A,
  0x554A,0x554A,0x554A,0x554A,0x554A,0x554A,0x554A,0x554A,0x5D4A,0x5D4A,0x5D4A,0x5D4A,0x5D4A,0x5D4A,0x5D4A,0x554A,
  0x5D4A,0x5D4A,0x5D4A,0x5D4A,0x5D4A,0x5D4A,0x5D4A,0x554A,0x554A,0x554A,0x554A,0x554A,0x554A,0x554A,0x554A,0x554A,
  0x554A,0x554A,0x554A,0x554A,0x554A,0x554A,0x554A,0x554A,0x554A,0x554A,0x554A,0x554B,0x5D4A,0x5D4A,0x552B,0x6D6E,
  0x2224,0x0000,0x0000,0x1ACC,0x2E3B,0x0E5C,0x067D,0x067D,0x0E5D,0x0E5D,0x065D,0x065D,0x065D,0x0E5D,0x0E5D,0x0E3D,
  0x161C,0x263C,0x2E3B,0x2E3B,0x363B,0x2E3A,0x261A,0x2E5A,0x265A,0x2E5B,0x1E3B,0x0E5C,0x065C,0x065D,0x0E5D,0x0E5D,
  0x0E5D,0x0E7D,0x0E5D,0x0E3C,0x1E1B,0x2E1B,0x2DFA,0x261A,0x263A,0x2E3A,0x2E1A,0x2E1A,0x2DFA,0x2E3B,0x1E1B,0x061C,
  0x065C,0x065C,0x065C,0x067D,0x065C,0x065C,0x065C,0x067C,0x067C,0x165C,0x363B,0x1AED,0x0021,0x0000,0x3286,0x6D4D,
  0x5D4B,0x5D6A,0x5D6A,0x5D4B,0x554B,0x554A,0x554A,0x554A,0x554A,0x554A,0x554A,0x554A,0x554A,0x554A,0x554A,0x554A,
  0x554A,0x554A,0x554A,0x554A,0x554A,0x554A,0x554A,0x554A,0x5D4A,0x5D4A,0x5D4A,0x5D4A,0x5D4A,0x5D4A,0x5D4A,0x554A,
  0x5D4A,0x5D4A,0x5D4A,0x5D4A,0x5D4A,0x5D4A,0x5D4A,0x5D4A,0x554A,0x554A,0x554A,0x554A,0x554A,0x554A,0x554A,0x554A,
  0x554A,0x554A,0x554A,0x554A,0x554A,0x554A,0x554A,0x554A,0x554A,0x554A,0x554A,0x554B,0x5D4A,0x5D4A,0x5D2B,0x6D6E,
  0x2224,0x0000,0x0000,0x1ACC,0x2E3A,0x0E5C,0x067C,0x067D,0x0E5D,0x0E3D,0x065D,0x065D,0x065D,0x0E3C,0x063C,0x063D,
  0x0E5D,0x063C,0x063C,0x0E3C,0x0E5C,0x0E5C,0x0E5B,0x0E5B,0x0E7C,0x0E7C,0x0E7C,0x067C,0x067D,0x0E5D,0x0E5D,0x0E7D,
  0x067D,0x065D,0x0E7D,0x0E7D,0x0E5D,0x0E3C,0x0E3C,0x063C,0x063C,0x063C,0x0E3C,0x0E3C,0x161C,0x0E1C,0x0E1C,0x063C,
  0x0E5C,0x065C,0x065C,0x065C,0x0E3C,0x0E3C,0x0E3C,0x065C,0x065C,0x163C,0x363B,0x12ED,0x0021,0x0000,0x3286,0x6D4D,
  0x5D4B,0x5D6A,0x5D6A,0x5D4B,0x5D4B,0x554A,0x554A,0x554A,0x554A,0x554A,0x554A,0x554A,0x554A,0x554A,0x554A,0x554A,
  0x554A,0x554A,0x554A,0x554A,0x554A,0x554A,0x554A,0x554A,0x5D4A,0x5D4A,0x5D4A,0x5D4A,0x5D4A,0x5D4A,0x5D4A,0x554A,
  0x5D4A,0x5D4A,0x5D4A,0x5D4A,0x5D4A,0x5D4A,0x5D4A,0x5D4A,0x5D4A,0x5D4A,0x554A,0x554A,0x554A,0x554A,0x554A,0x554A,
  0x554A,0x554A,0x554A,0x554A,0x554A,0x554A,0x554A,0x554A,0x554A,0x554A,0x554A,0x554B,0x5D4A,0x5D4B,0x5D2B,0x6D6E,
  0x2224,0x0000,0x0000,0x1ACC,0x2E3A,0x0E5C,0x067C,0x065D,0x065D,0x065D,0x065D,0x065D,0x065C,0x065C,0x063C,0x063C,
  0x063D,0x065D,0x0E5D,0x063D,0x0E5D,0x0E3D,0x0E5D,0x065D,0x067D,0x067D,0x0E7D,0x067D,0x0E7D,0x0E5D,0x067D,0x0E7D,
  0x067D,0x067D,0x067D,0x065D,0x067E,0x0E7E,0x0E7D,0x065D,0x065D,0x065D,0x0E5D,0x0E5D,0x0E5D,0x0E5D,0x0E7D,0x0E3C,
  0x0E3B,0x0E3B,0x0E3C,0x0E3C,0x0E1C,0x0E1C,0x0E3D,0x0E3D,0x0E3D,0x163D,0x363B,0x1AEC,0x0020,0x0000,0x3286,0x6D4D,
  0x5D4B,0x5D6B,0x5D4A,0x5D4B,0x5D4B,0x554A,0x554A,0x554A,0x554A,0x554A,0x554A,0x554A,0x554A,0x554A,0x554A,0x554A,
  0x554A,0x554A,0x554A,0x554A,0x554A,0x554A,0x554A,0x554A,0x5D4A,0x5D4A,0x5D4A,0x5D4A,0x5D4A,0x5D4A,0x5D4A,0x554A,
  0x5D4A,0x5D4A,0x5D4A,0x5D4A,0x5D4A,0x5D4A,0x5D4A,0x5D4A,0x5D4A,0x5D4A,0x554A,0x554A,0x554A,0x554A,0x554A,0x554A,
  0x554A,0x554A,0x554A,0x554A,0x554A,0x554A,0x5D6A,0x5D6A,0x554A,0x554A,0x554A,0x554B,0x5D4B,0x5D4B,0x5D4B,0x6D6E,
  0x1A04,0x0000,0x0000,0x1AAC,0x2E1A,0x0E3B,0x067C,0x067D,0x065C,0x065C,0x065C,0x063C,0x063C,0x065C,0x063B,0x0E3C,
  0x0E1C,0x0E3D,0x063D,0x065C,0x065C,0x0E3D,0x0E5D,0x065D,0x065D,0x067D,0x067D,0x0E7D,0x0E7D,0x0E7D,0x067D,0x067D,
  0x069D,0x067D,0x067D,0x067D,0x067D,0x067D,0x067D,0x067C,0x0E7C,0x0E7C,0x065C,0x065C,0x063C,0x065D,0x0E5D,0x063C,
  0x0E3B,0x0E5C,0x0E3C,0x0E3C,0x0E1C,0x0E3C,0x063C,0x065C,0x0E3D,0x161C,0x361A,0x12CC,0x0020,0x0000,0x3286,0x6D6D,
  0x5D4B,0x5D6B,0x5D6A,0x5D4B,0x5D4B,0x5D4A,0x554A,0x554A,0x554A,0x554A,0x554A,0x554A,0x554A,0x554A,0x554A,0x554A,
  0x554A,0x554A,0x554A,0x554A,0x554A,0x554A,0x554A,0x554A,0x5D4A,0x5D4A,0x5D4A,0x5D4A,0x5D4A,0x5D4A,0x5D4A,0x554A,
  0x5D4A,0x5D4A,0x5D4A,0x5D4A,0x5D4A,0x5D4A,0x5D4A,0x5D4A,0x5D4A,0x5D4A,0x5D4A,0x554A,0x554A,0x554A,0x554A,0x554A,
  0x554A,0x554A,0x554A,0x554A,0x554A,0x554A,0x5D6A,0x554A,0x554A,0x554A,0x554A,0x554B,0x5D4B,0x5D4A,0x5D4B,0x6D6E,
  0x1A04,0x0000,0x0000,0x1AAC,0x2DFA,0x0E3B,0x0E5C,0x065C,0x0E5C,0x0E3C,0x0E5C,0x0E5D,0x061C,0x0E1B,0x1E3B,0x1E3B,
  0x1E3C,0x0E1C,0x0E3D,0x0E5C,0x065C,0x0E5C,0x0E5D,0x0E5D,0x065D,0x067D,0x067D,0x0E7D,0x0E7C,0x067C,0x067D,0x069D,
  0x069D,0x067D,0x067D,0x067D,0x067D,0x067D,0x067C,0x067C,0x065C,0x065C,0x0E5C,0x0E3C,0x0E3C,0x0E3C,0x163C,0x1E3C,
  0x1E5B,0x163B,0x0E3C,0x0E1C,0x0E3C,0x063B,0x065B,0x065C,0x0E3D,0x161C,0x35FA,0x12AB,0x0020,0x0000,0x3286,0x6D6D,
  0x5D4B,0x5D6B,0x5D6A,0x5D4B,0x5D4B,0x5D4A,0x554A,0x554A,0x554A,0x554A,0x554A,0x554A,0x554A,0x554A,0x554A,0x554A,
  0x554A,0x554A,0x554A,0x554A,0x554A,0x554A,0x554A,0x554A,0x5D4A,0x5D4A,0x5D4A,0x5D4A,0x5D4A,0x5D4A,0x5D4A,0x554A,
  0x5D4A,0x5D4A,0x5D4A,0x5D4A,0x5D4A,0x5D4A,0x5D4A,0x5D4A,0x5D4A,0x5D4A,0x5D4A,0x5D4A,0x5D4A,0x5D4A,0x554A,0x554A,
  0x554A,0x554A,0x554A,0x554A,0x554A,0x554A,0x554A,0x554A,0x554A,0x554A,0x554A,0x554B,0x5D4B,0x554B,0x5D4B,0x6D6E,
  0x19E4,0x0000,0x0000,0x1AAB,0x35FA,0x163B,0x0E5C,0x0E5C,0x0E5D,0x0E5D,0x0E3D,0x0E5D,0x0E1C,0x25BA,0x2557,0x2557,
  0x1D98,0x161B,0x0E3C,0x0E3C,0x0E3C,0x0E7C,0x067C,0x065D,0x0E5D,0x067D,0x067D,0x067D,0x067C,0x069D,0x069D,0x067D,
  0x069D,0x067E,0x067E,0x067D,0x067D,0x067D,0x067D,0x0E5D,0x0E5D,0x0E5C,0x0E5C,0x0E3C,0x0E1C,0x1DFB,0x1D99,0x2537,
  0x2557,0x1DB9,0x161C,0x0E1C,0x0E3C,0x065B,0x065B,0x063C,0x063C,0x161B,0x35D9,0x12AB,0x0020,0x0000,0x3286,0x6D4D,
  0x5D4B,0x5D6B,0x5D4A,0x5D4B,0x5D4B,0x5D4A,0x554A,0x554A,0x554A,0x554A,0x554A,0x554A,0x554A,0x554A,0x554A,0x554A,
  0x554A,0x554A,0x554A,0x554A,0x554A,0x554A,0x554A,0x554A,0x5D4A,0x5D4A,0x5D4A,0x5D4A,0x5D4A,0x5D4A,0x5D4A,0x554A,
  0x5D4A,0x5D4A,0x5D4A,0x5D4A,0x5D4A,0x5D4A,0x5D4A,0x5D4A,0x5D4A,0x5D4A,0x5D4A,0x5D4A,0x5D4A,0x5D4A,0x554A,0x554A,
  0x554A,0x554A,0x554A,0x554A,0x554A,0x554A,0x554A,0x554A,0x554A,0x554A,0x554A,0x554B,0x554B,0x554A,0x552B,0x6D4D,
  0x19E3,0x0000,0x0000,0x1A8B,0x35D9,0x161B,0x0E3C,0x0E3C,0x0E3C,0x065C,0x063C,0x0E1C,0x261B,0x23F2,0x00E6,0x0105,
  0x024A,0x2DD9,0x0E3B,0x063B,0x0E7C,0x067C,0x067C,0x067C,0x067D,0x067D,0x067D,0x067D,0x069D,0x069D,0x067D,0x067D,
  0x069D,0x067E,0x067E,0x0E5D,0x0E7D,0x067D,0x0E7C,0x0E7D,0x0E7D,0x067D,0x065C,0x065C,0x0E3B,0x25D9,0x0ACD,0x00E5,
  0x00E5,0x1390,0x261B,0x0E1C,0x0E3C,0x0E3C,0x0E3C,0x0E1C,0x061D,0x15FB,0x35D9,0x12AB,0x0000,0x0000,0x2A66,0x652D,
  0x5D4B,0x554A,0x554A,0x5D4B,0x5D4B,0x5D6A,0x554A,0x554A,0x554A,0x554A,0x554A,0x554A,0x554A,0x554A,0x554A,0x554A,
  0x554A,0x554A,0x554A,0x554A,0x554A,0x554A,0x554A,0x554A,0x5D4A,0x5D4A,0x5D4A,0x5D4A,0x5D4A,0x5D4A,0x5D4A,0x554A,
  0x5D4A,0x5D4A,0x5D4A,0x5D4A,0x5D4A,0x5D4A,0x5D4A,0x5D4A,0x5D4A,0x5D4A,0x5D4A,0x5D4A,0x5D4A,0x5D4A,0x554A,0x554A,
  0x554A,0x554A,0x554A,0x554A,0x554A,0x554A,0x554A,0x554A,0x554A,0x554A,0x554A,0x554A,0x5D4B,0x554A,0x552A,0x6D4D,
  0x19E3,0x0000,0x0000,0x1A8B,0x35FA,0x161B,0x163C,0x0E3C,0x0E3C,0x065C,0x0E3C,0x0DFB,0x2DFA,0x3370,0x0001,0x0000,
  0x01A7,0x45D9,0x161B,0x0E3C,0x0E5C,0x067C,0x067D,0x067D,0x0E7D,0x067D,0x069D,0x067D,0x069D,0x069D,0x067D,0x067D,
  0x069D,0x067E,0x067D,0x0E5D,0x0E7D,0x067C,0x067D,0x0E5D,0x065D,0x065D,0x065D,0x0E3C,0x0E3B,0x35D9,0x0A2A,0x0001,
  0x0000,0x1AEC,0x2E1A,0x0E1B,0x0E3D,0x0E1C,0x0E1C,0x0DFC,0x0DFC,0x15DB,0x35B9,0x1A8B,0x0020,0x0000,0x3266,0x650C,
  0x5D2B,0x554A,0x554A,0x5D4B,0x5D4B,0x5D6A,0x554A,0x554A,0x554A,0x554A,0x554A,0x554A,0x554A,0x554A,0x554A,0x554A,
  0x554A,0x554A,0x554A,0x554A,0x554A,0x554A,0x554A,0x554A,0x5D4A,0x5D4A,0x5D4A,0x5D4A,0x5D4A,0x5D4A,0x5D4A,0x554A,
  0x5D4A,0x5D4A,0x5D4A,0x5D4A,0x5D4A,0x5D4A,0x5D4A,0x5D4A,0x5D4A,0x5D4A,0x5D4A,0x5D4A,0x5D4A,0x5D4A,0x554A,0x554A,
  0x554A,0x554A,0x554A,0x554A,0x554A,0x554A,0x554A,0x554A,0x554A,0x554A,0x554A,0x554A,0x5D4B,0x554A,0x552A,0x6D4D,
  0x11A2,0x0000,0x0000,0x1A6A,0x3DD9,0x1DFA,0x161B,0x161C,0x0E3C,0x063C,0x0E1C,0x161C,0x2DFB,0x2390,0x0000,0x0000,
  0x0187,0x4DB9,0x35FB,0x2E3C,0x1E1C,0x165D,0x0E7D,0x0E7D,0x0E5D,0x0E7D,0x0E7D,0x0E7D,0x067E,0x067E,0x0E7E,0x067D,
  0x069D,0x067D,0x067D,0x0E5D,0x067C,0x069D,0x067D,0x065E,0x0E5E,0x0E5E,0x161D,0x263C,0x2E1B,0x461A,0x0A6A,0x0000,
  0x0000,0x12EC,0x2619,0x0E1B,0x0E3C,0x0E3C,0x0E1B,0x15FA,0x25FA,0x2DDA,0x45D9,0x126A,0x0000,0x0000,0x2A25,0x652C,
  0x5D2B,0x554A,0x554A,0x5D4B,0x5D6B,0x5D6A,0x554A,0x554A,0x554A,0x554A,0x554A,0x554A,0x554A,0x554A,0x554A,0x554A,
  0x554A,0x554A,0x554A,0x554A,0x554A,0x554A,0x554A,0x554A,0x5D4A,0x5D4A,0x5D4A,0x5D4A,0x5D4A,0x5D4A,0x5D4A,0x554A,
  0x554A,0x554A,0x554A,0x554A,0x5D4A,0x5D4A,0x5D4A,0x5D4A,0x554A,0x554A,0x554A,0x554A,0x554A,0x554A,0x554A,0x554A,
  0x554A,0x554A,0x554A,0x554A,0x554A,0x554A,0x554A,0x554A,0x554A,0x554A,0x554A,0x554A,0x556A,0x556A,0x552A,0x5D0B,
  0x43E8,0x4327,0x4B09,0x3B2B,0x12CC,0x0AAC,0x0B8F,0x1DB9,0x0E1C,0x063C,0x0E3C,0x0E1B,0x15FB,0x2538,0x23F2,0x2BD1,
  0x2BB0,0x1AED,0x130D,0x0B70,0x2DBA,0x165D,0x0E7D,0x0E7D,0x0E5D,0x0E7D,0x0E7D,0x0E7D,0x0E7D,0x0E7D,0x0E7D,0x0E7D,
  0x067D,0x067E,0x067E,0x0E7D,0x0E7D,0x067C,0x067D,0x067D,0x067E,0x165E,0x25FB,0x0BD2,0x132E,0x130D,0x23AF,0x2BF1,
  0x1BD1,0x1CD5,0x161B,0x061C,0x061C,0x0E1C,0x161A,0x25D8,0x138F,0x12ED,0x126B,0x332B,0x4369,0x4347,0x5449,0x5D0B,
  0x5D0B,0x5D2A,0x554A,0x554A,0x554A,0x5D4A,0x554A,0x554A,0x554A,0x554A,0x554A,0x554A,0x554A,0x554A,0x554A,0x554A,
  0x554A,0x554A,0x554A,0x554A,0x554A,0x554A,0x554A,0x554A,0x554A,0x5D4A,0x5D4A,0x5D4A,0x5D4A,0x5D4A,0x5D4A,0x5D4A,
  0x554A,0x554A,0x554A,0x554A,0x554A,0x554A,0x554A,0x554A,0x554A,0x554A,0x554A,0x554A,0x554A,0x554A,0x554A,0x554A,
  0x554A,0x554A,0x554A,0x554A,0x554A,0x554A,0x554A,0x554A,0x554A,0x554A,0x554A,0x554A,0x554A,0x552A,0x552A,0x550B,
  0x5D2C,0x652B,0x6D4E,0x438B,0x0020,0x0000,0x01A7,0x2D58,0x15FC,0x061C,0x0E3C,0x0E3C,0x0E3C,0x163C,0x1E5C,0x365C,
  0x4D37,0x0083,0x0021,0x0106,0x3538,0x1E5C,0x0E5C,0x0E5C,0x0E5C,0x0E5C,0x0E5C,0x0E5C,0x0E5C,0x0E5C,0x0E5C,0x0E5C,
  0x0E5C,0x063D,0x065D,0x065C,0x0E5C,0x0E5C,0x0E3C,0x065D,0x063D,0x1E3C,0x2D79,0x0147,0x0042,0x0062,0x3473,0x3EBD,
  0x1E5C,0x163B,0x0E5C,0x061C,0x0E1C,0x0E3C,0x161B,0x2D77,0x0126,0x0001,0x0000,0x436A,0x6D8E,0x5D6B,0x5D4A,0x5D0A,
  0x5D0B,0x5D2A,0x554A,0x554A,0x554A,0x552A,0x554A,0x554A,0x554A,0x554A,0x554A,0x554A,0x554A,0x554A,0x554A,0x554A,
  0x554A,0x554A,0x554A,0x554A,0x554A,0x554A,0x554A,0x554A,0x554A,0x554A,0x5D4A,0x5D4A,0x5D4A,0x5D4A,0x5D4A,0x5D4A,
  0x554A,0x554A,0x554A,0x554A,0x554A,0x554A,0x554A,0x554A,0x554A,0x554A,0x554A,0x554A,0x554A,0x554A,0x554A,0x554A,
  0x554A,0x554A,0x554A,0x554A,0x554A,0x554A,0x554A,0x554A,0x554A,0x554A,0x554A,0x554A,0x5D4A,0x5D2A,0x554A,0x554B,
  0x552B,0x552B,0x654D,0x43AA,0x0020,0x0000,0x0987,0x3558,0x1DFB,0x0E3C,0x0E3D,0x0E3D,0x0E5D,0x0E5C,0x0E3B,0x265C,
  0x44F7,0x0023,0x0000,0x00E5,0x4599,0x369D,0x2E9D,0x2E9D,0x2E9D,0x2E9D,0x2E9D,0x267C,0x267D,0x267D,0x267C,0x267C,
  0x267C,0x267D,0x267D,0x269C,0x26BC,0x26BC,0x2E9D,0x2E9D,0x267D,0x3E9D,0x45B9,0x0126,0x0000,0x0042,0x2433,0x2E5C,
  0x0E3B,0x065B,0x0E5C,0x0E5C,0x0E1C,0x0E3C,0x1E1B,0x3D98,0x0906,0x0001,0x0000,0x4B49,0x652D,0x550A,0x552A,0x552A,
  0x5D2B,0x552A,0x554A,0x554A,0x554A,0x554B,0x554A,0x554A,0x554A,0x554A,0x554A,0x554A,0x554A,0x554A,0x554A,0x554A,
  0x554A,0x554A,0x554A,0x554A,0x554A,0x554A,0x554A,0x554A,0x554A,0x554A,0x5D4A,0x5D4A,0x5D4A,0x5D4A,0x5D4A,0x5D4A,
  0x554A,0x554A,0x554A,0x554A,0x554A,0x554A,0x554A,0x554A,0x554A,0x554A,0x554A,0x554A,0x554A,0x554A,0x554A,0x554A,
  0x554A,0x554A,0x554A,0x554A,0x554A,0x554A,0x554A,0x554A,0x554A,0x554A,0x554A,0x554A,0x5D4A,0x5D4A,0x5D4A,0x554B,
  0x552B,0x552A,0x5D4D,0x43AA,0x0020,0x0000,0x0966,0x3557,0x1DFB,0x0E3C,0x0E3C,0x0E5C,0x0E5C,0x067C,0x067C,0x0E7C,
  0x2DBA,0x1330,0x1ACD,0x1B2E,0x23F1,0x23F2,0x23F2,0x1BF2,0x1BF2,0x1BF2,0x1BF2,0x1BD1,0x1BD1,0x1BD1,0x1BD1,0x1BD1,
  0x1BD1,0x23F1,0x2411,0x1C12,0x1C32,0x1C33,0x2433,0x2433,0x2453,0x2C32,0x23F1,0x1AEC,0x1ACB,0x0AED,0x1D37,0x1E7D,
  0x0E7D,0x0E9C,0x0E7D,0x0E7D,0x0E5D,0x0E5C,0x1E3B,0x3D78,0x0905,0x0000,0x0000,0x4B49,0x6D2D,0x554A,0x554A,0x552A,
  0x552B,0x554A,0x554A,0x554A,0x554A,0x554B,0x554A,0x554A,0x554A,0x554A,0x554A,0x554A,0x554A,0x554A,0x554A,0x554A,
  0x554A,0x554A,0x554A,0x554A,0x554A,0x554A,0x554A,0x554A,0x554A,0x554A,0x5D4A,0x5D4A,0x5D4A,0x5D4A,0x5D4A,0x5D4A,
  0x554A,0x554A,0x554A,0x554A,0x554A,0x554A,0x554A,0x554A,0x554A,0x554A,0x554A,0x554A,0x554A,0x554A,0x554A,0x554A,
  0x554A,0x554A,0x554A,0x554A,0x554A,0x554A,0x554A,0x554A,0x554A,0x554A,0x554A,0x554A,0x552A,0x552A,0x552A,0x552A,
  0x552A,0x552A,0x652C,0x4389,0x0020,0x0000,0x0986,0x3D56,0x1DFA,0x0E1B,0x065B,0x065C,0x067C,0x0E7D,0x067C,0x067D,
  0x167D,0x267D,0x3E7B,0x45D8,0x01E8,0x0042,0x0042,0x0042,0x0042,0x0042,0x0042,0x0042,0x0042,0x0042,0x0042,0x0042,
  0x0042,0x0042,0x0042,0x0042,0x0043,0x0063,0x0063,0x0062,0x0082,0x0082,0x0083,0x4D36,0x465A,0x2E7C,0x165C,0x0E5D,
  0x067D,0x067D,0x067D,0x0E9E,0x0E7D,0x0E7C,0x263B,0x3D57,0x08E4,0x0000,0x0000,0x4B49,0x6D4C,0x552A,0x556A,0x554A,
  0x554B,0x554A,0x554A,0x554A,0x554A,0x554B,0x554A,0x554A,0x554A,0x554A,0x554A,0x554A,0x554A,0x554A,0x554A,0x554A,
  0x554A,0x554A,0x554A,0x554A,0x554A,0x554A,0x554A,0x554A,0x554A,0x554A,0x5D4A,0x5D4A,0x5D4A,0x5D4A,0x5D4A,0x5D4A,
  0x554A,0x554A,0x554A,0x554A,0x554A,0x554A,0x554A,0x554A,0x554A,0x554A,0x554A,0x554A,0x554A,0x554A,0x554A,0x554A,
  0x554A,0x554A,0x554A,0x554A,0x554A,0x554A,0x554A,0x554A,0x554A,0x554A,0x554A,0x554A,0x554A,0x554A,0x554A,0x552A,
  0x5D2A,0x5D0A,0x652C,0x4388,0x0020,0x0000,0x09A6,0x4D77,0x363B,0x1E5C,0x0E7C,0x067D,0x067E,0x067D,0x0E9D,0x0E7D,
  0x0E7D,0x0E7D,0x1E7B,0x35B8,0x09A7,0x0000,0x0000,0x0000,0x0000,0x0000,0x0000,0x0000,0x0000,0x0000,0x0000,0x0000,
  0x0000,0x0000,0x0000,0x0000,0x0000,0x0000,0x0000,0x0000,0x0000,0x0021,0x0022,0x4517,0x265C,0x167D,0x0E7D,0x067D,
  0x067D,0x069E,0x069E,0x069E,0x0E7C,0x1E9C,0x3E5B,0x5DB8,0x08E3,0x0000,0x0000,0x4B69,0x6D4C,0x552A,0x556A,0x554A,
  0x554A,0x554A,0x554A,0x554A,0x554A,0x554A,0x554A,0x554A,0x554A,0x554A,0x554A,0x554A,0x554A,0x554A,0x554A,0x554A,
  0x554A,0x556A,0x554A,0x554A,0x554A,0x554A,0x554A,0x554A,0x554A,0x554A,0x5D4A,0x5D4A,0x5D4A,0x5D4A,0x5D4A,0x5D4A,
  0x554A,0x554A,0x554A,0x554A,0x554A,0x554A,0x554A,0x554A,0x554A,0x554A,0x554A,0x554A,0x554A,0x554A,0x554A,0x554A,
  0x554A,0x554A,0x554A,0x554A,0x554A,0x554A,0x554A,0x554A,0x554A,0x554A,0x554A,0x554A,0x554A,0x554A,0x554A,0x554A,
  0x5D4A,0x5D2A,0x652B,0x43E8,0x0961,0x1162,0x1206,0x4452,0x3CD5,0x2D16,0x1E1A,0x0E7D,0x067E,0x067E,0x069E,0x0E7D,
  0x065D,0x0E7D,0x169D,0x25FA,0x028C,0x0146,0x0145,0x0125,0x0125,0x0125,0x0125,0x0125,0x0125,0x0125,0x0125,0x0125,
  0x0125,0x0105,0x0105,0x0105,0x0125,0x0125,0x0146,0x0125,0x0146,0x0146,0x0188,0x2D99,0x167D,0x067D,0x069D,0x0E9E,
  0x0E7E,0x0E7E,0x0E9F,0x169E,0x1E1B,0x2D57,0x4535,0x54D3,0x11A4,0x0901,0x00E0,0x4BC8,0x654C,0x552A,0x556A,0x554A,
  0x554A,0x554A,0x554A,0x554A,0x554A,0x554A,0x554A,0x554A,0x554A,0x554A,0x554A,0x554A,0x554A,0x554A,0x554A,0x554A,
  0x554A,0x554A,0x554A,0x554A,0x554A,0x554A,0x554A,0x554A,0x554A,0x554A,0x5D4A,0x5D4A,0x5D4A,0x5D4A,0x5D4A,0x5D4A,
  0x554A,0x554A,0x554A,0x554A,0x554A,0x554A,0x554A,0x554A,0x554A,0x554A,0x554A,0x554A,0x554A,0x554A,0x554A,0x554A,
  0x554A,0x554A,0x554A,0x554A,0x554A,0x554A,0x554A,0x554A,0x554A,0x554A,0x554A,0x554A,0x554A,0x554A,0x554A,0x554A,
  0x554A,0x554A,0x5D4B,0x5D0C,0x5CEC,0x650E,0x542D,0x08E3,0x08C4,0x00E5,0x24F6,0x267D,0x065D,0x069E,0x069D,0x0E9D,
  0x0E7D,0x0E7D,0x0E7D,0x165D,0x25FB,0x2D78,0x3577,0x3557,0x3557,0x2D37,0x2D37,0x3557,0x3557,0x3537,0x3537,0x3537,
  0x3537,0x3537,0x3537,0x3536,0x3557,0x3557,0x2D57,0x3578,0x2D78,0x2DB9,0x25FA,0x1E7C,0x0E7D,0x069E,0x06BE,0x0E9D,
  0x0E7D,0x0E3D,0x065E,0x1E7E,0x2D78,0x0188,0x00C3,0x0964,0x542D,0x6CEE,0x5CCB,0x5D0B,0x5D2B,0x5D6A,0x5D4A,0x5D4A,
  0x554A,0x554A,0x554A,0x554A,0x5D4A,0x5D4A,0x554A,0x554A,0x554A,0x554A,0x554A,0x554A,0x554A,0x554A,0x554A,0x554A,
  0x554A,0x554A,0x554A,0x554A,0x554A,0x554A,0x554A,0x554A,0x554A,0x554A,0x5D4A,0x5D4A,0x5D4A,0x5D4A,0x5D4A,0x5D4A,
  0x554A,0x554A,0x554A,0x554A,0x554A,0x554A,0x554A,0x554A,0x554A,0x554A,0x554A,0x554A,0x554A,0x554A,0x554A,0x554A,
  0x554A,0x554A,0x554A,0x554A,0x554A,0x554A,0x554A,0x554A,0x554A,0x554A,0x554A,0x554A,0x554A,0x554A,0x556A,0x554A,
  0x554A,0x554A,0x5D4B,0x5D4C,0x5D6C,0x658E,0x5C8D,0x0020,0x0000,0x0000,0x34B4,0x365C,0x1E3D,0x0E7D,0x067D,0x067D,
  0x0E9D,0x067C,0x067C,0x0E5C,0x167D,0x1E5C,0x1E5C,0x1E5C,0x1E5C,0x1E3C,0x1E3C,0x1E3C,0x1E3C,0x1E1C,0x1E1C,0x1E1C,
  0x1E3C,0x163C,0x163B,0x163B,0x1E3C,0x1E3C,0x261C,0x263C,0x1E3C,0x165C,0x169D,0x0E7C,0x0E7D,0x0E7D,0x0E9D,0x167D,
  0x0E3C,0x165D,0x167C,0x267C,0x3536,0x00A2,0x0000,0x00C1,0x5C6C,0x758F,0x656D,0x5D6C,0x5D4B,0x5D4A,0x5D4A,0x5D4A,
  0x5D4A,0x554A,0x554A,0x554A,0x5D4A,0x5D4A,0x554A,0x554A,0x554A,0x554A,0x554A,0x554A,0x554A,0x554A,0x554A,0x554A,
  0x554A,0x554A,0x554A,0x554A,0x554A,0x554A,0x554A,0x554A,0x554A,0x554A,0x5D4A,0x5D4A,0x5D4A,0x5D4A,0x5D4A,0x5D4A,
  0x554A,0x554A,0x554A,0x554A,0x554A,0x554A,0x554A,0x554A,0x554A,0x554A,0x554A,0x554A,0x554A,0x554A,0x554A,0x554A,
  0x554A,0x554A,0x554A,0x554A,0x554A,0x554A,0x554A,0x554A,0x554A,0x554A,0x554A,0x554A,0x554A,0x556A,0x556A,0x554A,
  0x554A,0x554B,0x554A,0x5D4B,0x5D4B,0x5D6C,0x5CCC,0x0901,0x08E1,0x00E2,0x4CB2,0x5619,0x45FA,0x263B,0x167D,0x0E7D,
  0x0E7D,0x0E7D,0x065D,0x0E7D,0x065C,0x065D,0x065D,0x065D,0x065D,0x063C,0x063C,0x065C,0x0E5C,0x0E3C,0x0E3C,0x0E3C,
  0x0E3C,0x065C,0x065C,0x065D,0x065D,0x0E3D,0x163D,0x0E3D,0x0E3C,0x065C,0x067D,0x0E7D,0x0E5D,0x0E7E,0x0E9D,0x0E7D,
  0x165C,0x267C,0x2E3A,0x4E5A,0x4D14,0x0963,0x08E1,0x1181,0x5C8B,0x654C,0x554B,0x5D6B,0x5D6B,0x5D4A,0x5D6A,0x5D4A,
  0x554A,0x554A,0x554A,0x554A,0x5D4A,0x554A,0x554A,0x554A,0x554A,0x554A,0x554A,0x554A,0x554A,0x554A,0x554A,0x554A,
  0x554A,0x554A,0x554A,0x554A,0x554A,0x554A,0x554A,0x554A,0x554A,0x554A,0x5D4A,0x5D4A,0x5D4A,0x5D4A,0x5D4A,0x5D4A,
  0x554A,0x554A,0x554A,0x554A,0x554A,0x554A,0x554A,0x554A,0x554A,0x554A,0x554A,0x554A,0x554A,0x554A,0x554A,0x554A,
  0x554A,0x554A,0x554A,0x554A,0x554A,0x554A,0x554A,0x554A,0x554A,0x554A,0x554A,0x554A,0x554A,0x554A,0x554A,0x554A,
  0x5D4B,0x554B,0x5D4B,0x5D4A,0x5D6A,0x5D6A,0x5D2B,0x5C6A,0x5C4B,0x544C,0x22A8,0x19E7,0x11E8,0x1C73,0x265C,0x165C,
  0x0E5C,0x0E3C,0x0E5D,0x0E5D,0x0E7D,0x065C,0x065D,0x065D,0x065C,0x065C,0x065C,0x065C,0x065C,0x0E3C,0x0E3C,0x0E3C,
  0x0E3C,0x063C,0x063C,0x063D,0x063D,0x0E3D,0x0E3C,0x0E3C,0x0E5C,0x0E7C,0x0E7D,0x0E5D,0x165D,0x0E5D,0x0E9D,0x0E7D,
  0x269D,0x14F5,0x0A6A,0x1228,0x2AE9,0x5C4C,0x5C6A,0x546A,0x5D2B,0x5D4B,0x5D6A,0x5D6A,0x556A,0x556A,0x554A,0x5D4A,
  0x554A,0x5D4A,0x554A,0x554A,0x554A,0x554A,0x554A,0x554A,0x554A,0x554A,0x554A,0x554A,0x554A,0x554A,0x554A,0x554A,
  0x554A,0x554A,0x554A,0x554A,0x554A,0x554A,0x554A,0x554A,0x554A,0x554A,0x5D4A,0x5D4A,0x5D4A,0x5D4A,0x5D4A,0x5D4A,
  0x554A,0x554A,0x554A,0x554A,0x554A,0x554A,0x554A,0x554A,0x554A,0x554A,0x554A,0x554A,0x554A,0x554A,0x554A,0x554A,
  0x554A,0x554A,0x554A,0x554A,0x554A,0x554A,0x554A,0x554A,0x554A,0x554A,0x554A,0x554A,0x5D4A,0x5D4A,0x5D4A,0x5D4A,
  0x5D4B,0x554B,0x554B,0x5D4A,0x5D49,0x5D6A,0x5D6B,0x656C,0x654D,0x756F,0x2205,0x0000,0x0000,0x1B8F,0x2DFA,0x15FC,
  0x163C,0x0E3B,0x0E1B,0x0E3B,0x065C,0x065C,0x065C,0x065C,0x065C,0x065C,0x065C,0x065C,0x065C,0x063C,0x063C,0x0E3C,
  0x0E3C,0x063C,0x065D,0x065D,0x065D,0x065C,0x0E5C,0x0E5C,0x065C,0x065C,0x065D,0x0E3C,0x0E1B,0x0E3C,0x0E1C,0x0E1C,
  0x365C,0x13F1,0x0061,0x0000,0x21E5,0x750E,0x6D4D,0x654D,0x5D6B,0x556A,0x5D4A,0x554A,0x554A,0x554A,0x556A,0x556A,
  0x554A,0x5D4A,0x5D4A,0x554A,0x554A,0x556A,0x556A,0x554A,0x554A,0x554A,0x554A,0x554A,0x554A,0x554A,0x554A,0x554A,
  0x554A,0x554A,0x554A,0x554A,0x554A,0x554A,0x554A,0x554A,0x554A,0x554A,0x5D4A,0x5D4A,0x5D4A,0x5D4A,0x5D4A,0x5D4A,
  0x554A,0x554A,0x554A,0x554A,0x554A,0x554A,0x554A,0x554A,0x554A,0x554A,0x554A,0x554A,0x554A,0x554A,0x554A,0x554A,
  0x554A,0x554A,0x554A,0x554A,0x554A,0x554A,0x554A,0x554A,0x554A,0x554A,0x554A,0x554A,0x5D4A,0x5D4A,0x5D4A,0x5D4A,
  0x5D4A,0x554B,0x554A,0x5D6A,0x5D6A,0x5D6A,0x556A,0x554B,0x5D2B,0x6D4D,0x19C3,0x0000,0x0000,0x334D,0x5E3A,0x461B,
  0x3E3B,0x3E1A,0x3E3A,0x2E5B,0x163C,0x0E3C,0x065D,0x065D,0x065D,0x0E5D,0x065D,0x063D,0x065D,0x063D,0x063D,0x063D,
  0x063D,0x063C,0x065C,0x063D,0x065D,0x065C,0x065C,0x065C,0x065C,0x065C,0x163C,0x2E5C,0x363B,0x3E1B,0x3E1B,0x461B,
  0x5E7B,0x2BCF,0x0000,0x0000,0x21E4,0x6D0C,0x5D4C,0x5D6C,0x5D8B,0x556A,0x554A,0x5D6A,0x5D6A,0x556A,0x556A,0x5D6A,
  0x554A,0x5D4A,0x554A,0x554A,0x554A,0x556A,0x556A,0x554A,0x554A,0x554A,0x554A,0x554A,0x554A,0x554A,0x554A,0x554A,
  0x554A,0x554A,0x554A,0x554A,0x554A,0x554A,0x554A,0x554A,0x554A,0x554A,0x5D4A,0x5D4A,0x5D4A,0x5D4A,0x5D4A,0x5D4A,
  0x554A,0x554A,0x554A,0x554A,0x554A,0x554A,0x554A,0x554A,0x554A,0x554A,0x554A,0x554A,0x554A,0x554A,0x554A,0x554A,
  0x554A,0x554A,0x554A,0x554A,0x554A,0x554A,0x554A,0x554A,0x554A,0x554A,0x554A,0x554A,0x554A,0x554A,0x554A,0x554A,
  0x554A,0x554A,0x554A,0x554A,0x554A,0x554A,0x554A,0x5D4B,0x5D2B,0x652C,0x43A8,0x3AC7,0x42A9,0x3ACB,0x2A4A,0x22AB,
  0x228B,0x22AC,0x1AAC,0x136F,0x25B9,0x163C,0x0E3C,0x0E3C,0x0E5D,0x065D,0x0E5D,0x065D,0x065D,0x065D,0x065D,0x065D,
  0x065D,0x065C,0x065C,0x063D,0x065D,0x065D,0x065C,0x065C,0x063C,0x0E3C,0x25B9,0x1B90,0x1AAC,0x1A8B,0x228B,0x228B,
  0x2269,0x32E9,0x4309,0x42C8,0x53C9,0x5D2B,0x554B,0x5D8B,0x556A,0x556A,0x554A,0x554A,0x554A,0x5D6A,0x5D6A,0x5D6A,
  0x554A,0x554A,0x554A,0x554A,0x554A,0x554A,0x554A,0x554A,0x554A,0x554A,0x554A,0x554A,0x554A,0x554A,0x554A,0x554A,
  0x554A,0x554A,0x554A,0x554A,0x554A,0x554A,0x554A,0x554A,0x554A,0x554A,0x554A,0x554A,0x554A,0x554A,0x554A,0x554A,
  0x554A,0x554A,0x554A,0x554A,0x554A,0x554A,0x554A,0x554A,0x554A,0x554A,0x554A,0x554A,0x554A,0x554A,0x554A,0x554A,
  0x554A,0x554A,0x554A,0x554A,0x554A,0x554A,0x554A,0x554A,0x554A,0x554A,0x554A,0x554A,0x554A,0x554A,0x554A,0x554A,
  0x554A,0x554A,0x554A,0x554A,0x554A,0x554A,0x554A,0x554B,0x5D4A,0x5D2A,0x654C,0x654D,0x754F,0x430A,0x0000,0x0000,
  0x0000,0x0000,0x0000,0x00E5,0x3537,0x161B,0x063C,0x0E3C,0x063C,0x065C,0x065C,0x065C,0x065C,0x065C,0x065C,0x065C,
  0x065C,0x0E5C,0x0E3C,0x0E3C,0x065C,0x065C,0x063B,0x063B,0x061B,0x1E1B,0x2D37,0x0106,0x0000,0x0000,0x0000,0x0000,
  0x0000,0x2A66,0x7D6F,0x756D,0x654B,0x552B,0x554B,0x5D4B,0x556A,0x556A,0x554A,0x554A,0x554A,0x554A,0x5D6A,0x5D6A,
  0x554A,0x554A,0x554A,0x554A,0x554A,0x554A,0x554A,0x554A,0x554A,0x554A,0x554A,0x554A,0x554A,0x554A,0x554A,0x554A,
  0x554A,0x554A,0x554A,0x554A,0x554A,0x554A,0x554A,0x554A,0x554A,0x554A,0x554A,0x554A,0x554A,0x554A,0x554A,0x554A,
  0x554A,0x554A,0x554A,0x554A,0x554A,0x554A,0x554A,0x554A,0x554A,0x554A,0x554A,0x554A,0x554A,0x554A,0x554A,0x554A,
  0x554A,0x554A,0x554A,0x554A,0x554A,0x554A,0x554A,0x554A,0x554A,0x554A,0x554A,0x554A,0x554A,0x554A,0x554A,0x554A,
  0x554A,0x554A,0x554A,0x554A,0x554A,0x554A,0x554A,0x554B,0x554A,0x554A,0x552A,0x550B,0x652D,0x4328,0x0000,0x0000,
  0x0000,0x0000,0x0000,0x0104,0x4515,0x361A,0x261B,0x261B,0x261B,0x263B,0x263B,0x265B,0x265C,0x265B,0x265B,0x265B,
  0x265C,0x263C,0x2E3C,0x263C,0x263B,0x263A,0x261A,0x261A,0x25FA,0x35FA,0x4D57,0x0906,0x0001,0x0000,0x0000,0x0000,
  0x0000,0x2A66,0x650C,0x5D0A,0x4D2A,0x4D2A,0x5D4B,0x552A,0x556A,0x556A,0x554A,0x554A,0x554A,0x554A,0x554A,0x554A,
  0x554A,0x554A,0x554A,0x554A,0x554A,0x554A,0x554A,0x554A,0x554A,0x554A,0x554A,0x554A,0x554A,0x554A,0x554A,0x554A,
  0x554A,0x554A,0x554A,0x554A,0x554A,0x554A,0x554A,0x554A,0x554A,0x554A,0x554A,0x554A,0x554A,0x554A,0x554A,0x554A,
  0x554A,0x554A,0x554A,0x554A,0x554A,0x554A,0x554A,0x554A,0x554A,0x554A,0x554A,0x554A,0x554A,0x554A,0x554A,0x554A,
  0x554A,0x554A,0x554A,0x554A,0x554A,0x554A,0x554A,0x554A,0x554A,0x554A,0x554A,0x554A,0x554A,0x554A,0x554A,0x554A,
  0x554A,0x554A,0x554A,0x554A,0x554A,0x554A,0x554A,0x554A,0x554A,0x554A,0x5D4B,0x552B,0x5D6C,0x4BC9,0x1962,0x2184,
  0x1923,0x0000,0x0000,0x00A3,0x3BF1,0x3CB4,0x3494,0x34B4,0x34B4,0x34B5,0x34D5,0x34D5,0x34D5,0x34D5,0x34D5,0x34D5,
  0x34D5,0x34F5,0x34D5,0x34D5,0x34D5,0x34D4,0x34B4,0x34B4,0x2C93,0x3C93,0x4411,0x08A3,0x0000,0x0000,0x2124,0x29E6,
  0x19C4,0x4348,0x650C,0x5D2B,0x554A,0x554A,0x554B,0x552A,0x554A,0x554A,0x554A,0x554A,0x554A,0x554A,0x554A,0x554A,
  0x554A,0x554A,0x554A,0x554A,0x554A,0x554A,0x554A,0x554A,0x554A,0x554A,0x554A,0x554A,0x554A,0x554A,0x554A,0x554A,
  0x554A,0x554A,0x554A,0x554A,0x554A,0x554A,0x554A,0x554A,0x554A,0x554A,0x554A,0x554A,0x554A,0x554A,0x554A,0x554A,
  0x554A,0x554A,0x554A,0x554A,0x554A,0x554A,0x554A,0x554A,0x554A,0x554A,0x554A,0x554A,0x554A,0x554A,0x554A,0x554A,
  0x554A,0x554A,0x554A,0x554A,0x554A,0x554A,0x554A,0x554A,0x554A,0x554A,0x554A,0x554A,0x554A,0x554A,0x554A,0x554A,
  0x554A,0x554A,0x554A,0x554A,0x554A,0x554A,0x554A,0x554A,0x554A,0x554B,0x5D2B,0x5D2B,0x550A,0x5CEB,0x5CCB,0x74CD,
  0x5BCC,0x0020,0x0000,0x0021,0x0083,0x00A3,0x00C3,0x00C3,0x00C4,0x00E4,0x00E4,0x00C4,0x00C4,0x00C4,0x00C4,0x00C4,
  0x00C4,0x00E3,0x00C3,0x00C4,0x00C4,0x00E3,0x00E3,0x00C2,0x00C2,0x00C3,0x00A2,0x0020,0x0020,0x0000,0x532A,0x752F,
  0x5CCD,0x5CCB,0x5CEA,0x5D2A,0x556A,0x554A,0x554A,0x552A,0x5D2A,0x5D4A,0x554A,0x554A,0x554A,0x554A,0x554A,0x554A,
  0x554A,0x554A,0x554A,0x554A,0x554A,0x5D6A,0x554A,0x554A,0x554A,0x554A,0x554A,0x554A,0x554A,0x554A,0x554A,0x554A,
  0x554A,0x554A,0x554A,0x554A,0x554A,0x554A,0x554A,0x554A,0x554A,0x554A,0x554A,0x554A,0x554A,0x554A,0x554A,0x554A,
  0x554A,0x554A,0x554A,0x554A,0x554A,0x554A,0x554A,0x554A,0x554A,0x554A,0x554A,0x554A,0x554A,0x554A,0x554A,0x554A,
  0x554A,0x554A,0x554A,0x554A,0x554A,0x554A,0x554A,0x554A,0x554A,0x554A,0x554A,0x554A,0x554A,0x554A,0x554A,0x554A,
  0x554A,0x554A,0x554A,0x554A,0x554A,0x554A,0x554A,0x554A,0x554A,0x552A,0x5D4B,0x5D2A,0x5D2A,0x5D2A,0x652C,0x754E,
  0x5C0C,0x0040,0x0020,0x0001,0x0000,0x0000,0x0000,0x0000,0x0000,0x0000,0x0000,0x0000,0x0000,0x0000,0x0000,0x0000,
  0x0000,0x0000,0x0000,0x0000,0x0000,0x0000,0x0000,0x0000,0x0000,0x0000,0x0000,0x0000,0x0020,0x0000,0x5369,0x6D2D,
  0x5D0B,0x5D0B,0x5D0A,0x554A,0x556A,0x5549,0x5549,0x554A,0x5D2B,0x5D2B,0x554A,0x554A,0x554A,0x554A,0x554A,0x554A,
  0x554A,0x554A,0x554A,0x554A,0x5D6A,0x5D6A,0x554A,0x554A,0x554A,0x554A,0x554A,0x554A,0x554A,0x554A,0x554A,0x554A,
  0x554A,0x554A,0x554A,0x554A,0x554A,0x554A,0x554A,0x554A,0x554A,0x554A,0x554A,0x554A,0x554A,0x554A,0x554A,0x554A,
  0x554A,0x554A,0x554A,0x554A,0x554A,0x554A,0x554A,0x554A,0x554A,0x554A,0x554A,0x554A,0x554A,0x554A,0x554A,0x554A,
  0x554A,0x554A,0x554A,0x554A,0x554A,0x554A,0x554A,0x554A,0x554A,0x554A,0x554A,0x554A,0x554A,0x554A,0x554A,0x554A,
  0x554A,0x554A,0x554A,0x554A,0x554A,0x554A,0x554A,0x554A,0x552A,0x554B,0x552B,0x5D2A,0x5D2A,0x650B,0x64EC,0x752F,
  0x640D,0x0060,0x0020,0x0041,0x1105,0x0926,0x0926,0x0926,0x0926,0x0926,0x0926,0x0926,0x0946,0x0926,0x0926,0x0926,
  0x0926,0x0945,0x0925,0x0906,0x0906,0x0906,0x0926,0x0925,0x0925,0x0905,0x10E4,0x0021,0x0000,0x0000,0x4B49,0x750E,
  0x5CAB,0x64EB,0x5D0A,0x554A,0x4D4A,0x5569,0x556A,0x556A,0x554A,0x552A,0x554A,0x554A,0x554A,0x554A,0x554A,0x554A,
  0x554A,0x554A,0x554A,0x554A,0x554A,0x554A,0x554A,0x554A,0x554A,0x554A,0x554A,0x554A,0x554A,0x554A,0x554A,0x554A,
  0x554A,0x554A,0x554A,0x554A,0x554A,0x554A,0x554A,0x554A,0x554A,0x554A,0x554A,0x554A,0x554A,0x554A,0x554A,0x554A,
  0x554A,0x554A,0x554A,0x554A,0x554A,0x554A,0x554A,0x554A,0x554A,0x554A,0x554A,0x554A,0x554A,0x554A,0x554A,0x554A,
  0x554A,0x554A,0x554A,0x554A,0x554A,0x554A,0x554A,0x554A,0x554A,0x554A,0x554A,0x554A,0x554A,0x554A,0x554A,0x554A,
  0x554A,0x554A,0x554A,0x554A,0x554A,0x554A,0x554A,0x554A,0x554B,0x5D2B,0x552A,0x550A,0x652B,0x4388,0x1122,0x1943,
  0x1903,0x0040,0x0020,0x0104,0x4CB4,0x4578,0x3D78,0x3D78,0x3D78,0x3D58,0x3558,0x3578,0x3578,0x3558,0x3558,0x3D58,
  0x3D58,0x3577,0x3557,0x3D37,0x3D38,0x3D38,0x3D37,0x3D37,0x3D57,0x4536,0x4C93,0x08E4,0x0020,0x0020,0x10E2,0x1943,
  0x1102,0x3B06,0x652C,0x552B,0x4D2A,0x554A,0x556A,0x554A,0x556A,0x554B,0x554A,0x554A,0x554A,0x554A,0x554A,0x554A,
  0x554A,0x554A,0x554A,0x554A,0x554A,0x554A,0x554A,0x554A,0x554A,0x554A,0x554A,0x554A,0x554A,0x554A,0x554A,0x554A,
  0x554A,0x554A,0x554A,0x554A,0x554A,0x554A,0x554A,0x554A,0x554A,0x554A,0x554A,0x554A,0x554A,0x554A,0x554A,0x554A,
  0x554A,0x554A,0x554A,0x554A,0x554A,0x554A,0x554A,0x554A,0x554A,0x554A,0x554A,0x554A,0x554A,0x554A,0x554A,0x554A,
  0x554A,0x554A,0x554A,0x554A,0x554A,0x554A,0x554A,0x554A,0x554A,0x554A,0x554A,0x554A,0x554A,0x554A,0x554A,0x554A,
  0x554A,0x554A,0x554A,0x554A,0x554A,0x554A,0x554A,0x554A,0x552A,0x5D2A,0x5D0A,0x5CEA,0x652C,0x3AC7,0x0000,0x0000,
  0x0000,0x0040,0x0020,0x0125,0x4577,0x2E5C,0x265C,0x265C,0x265C,0x1E5C,0x1E5C,0x1E5C,0x1E5C,0x1E5C,0x1E5C,0x1E5C,
  0x1E5C,0x1E5C,0x1E5C,0x1E3C,0x1E3C,0x263C,0x261C,0x1E3C,0x265C,0x2E3B,0x4598,0x0967,0x0021,0x0041,0x0000,0x0000,
  0x0000,0x3245,0x752E,0x5D0C,0x552B,0x5D4B,0x552A,0x552A,0x554A,0x552A,0x554A,0x554A,0x554A,0x554A,0x554A,0x554A,
  0x554A,0x554A,0x554A,0x554A,0x554A,0x554A,0x554A,0x554A,0x554A,0x554A,0x554A,0x554A,0x554A,0x554A,0x554A,0x554A,
  0x554A,0x554A,0x554A,0x554A,0x554A,0x554A,0x554A,0x554A,0x554A,0x554A,0x554A,0x554A,0x554A,0x554A,0x554A,0x554A,
  0x554A,0x554A,0x554A,0x554A,0x554A,0x554A,0x554A,0x554A,0x554A,0x554A,0x554A,0x554A,0x554A,0x554A,0x554A,0x554A,
  0x554A,0x554A,0x554A,0x554A,0x554A,0x554A,0x554A,0x554A,0x554A,0x554A,0x554A,0x554A,0x554A,0x554A,0x554A,0x554A,
  0x554A,0x554A,0x554A,0x554A,0x554A,0x554A,0x554A,0x554A,0x5D2A,0x5D2A,0x650B,0x6D0C,0x752E,0x4B29,0x0000,0x0021,
  0x0021,0x0000,0x0001,0x0126,0x3558,0x1E5C,0x0E7C,0x0E5C,0x0E5C,0x0E5C,0x0E5C,0x0E5C,0x0E5C,0x0E5C,0x0E3C,0x0E3C,
  0x0E3C,0x0E5C,0x0E5C,0x0E5C,0x0E5C,0x0E5C,0x0E5C,0x0E5C,0x0E3C,0x1E5C,0x35B9,0x0167,0x0000,0x0000,0x0040,0x0060,
  0x0000,0x3266,0x7D2F,0x6D0D,0x652C,0x5D2B,0x552A,0x552A,0x5D0A,0x5D2A,0x554A,0x554A,0x554A,0x554A,0x554A,0x554A,
  0x554A,0x554A,0x554A,0x554A,0x554A,0x554A,0x554A,0x554A,0x554A,0x554A,0x554A,0x554A,0x554A,0x554A,0x554A,0x554A,
  0x554A,0x554A,0x554A,0x554A,0x554A,0x554A,0x554A,0x554A,0x554A,0x554A,0x554A,0x554A,0x554A,0x554A,0x554A,0x554A,
  0x554A,0x554A,0x554A,0x554A,0x554A,0x554A,0x554A,0x554A,0x554A,0x554A,0x554A,0x554A,0x554A,0x554A,0x554A,0x554A,
  0x554A,0x554A,0x554A,0x554A,0x554A,0x554A,0x554A,0x554A,0x554A,0x554A,0x554A,0x554A,0x554A,0x554A,0x554A,0x554A,
  0x554A,0x554A,0x554A,0x554A,0x554A,0x554A,0x554A,0x554A,0x5D2B,0x652C,0x3327,0x19E3,0x2225,0x1903,0x0000,0x0000,
  0x0926,0x3BF1,0x2C11,0x1C95,0x25FB,0x167D,0x067D,0x067D,0x067D,0x067D,0x067D,0x067D,0x067D,0x067D,0x067D,0x065D,
  0x065D,0x0E5D,0x0E5D,0x0E5D,0x067D,0x067C,0x067C,0x067D,0x067D,0x0E7D,0x261B,0x1C95,0x2BD1,0x3BD0,0x11A6,0x0020,
  0x0020,0x10E2,0x21E4,0x1983,0x3AE6,0x650B,0x5D4A,0x5D6A,0x5D4A,0x552A,0x554A,0x554A,0x554A,0x554A,0x554A,0x554A,
  0x554A,0x554A,0x554A,0x554A,0x554A,0x554A,0x554A,0x554A,0x554A,0x554A,0x554A,0x554A,0x554A,0x554A,0x554A,0x554A,
  0x554A,0x554A,0x554A,0x554A,0x554A,0x554A,0x554A,0x554A,0x554A,0x554A,0x554A,0x554A,0x554A,0x554A,0x554A,0x554A,
  0x554A,0x554A,0x554A,0x554A,0x554A,0x554A,0x554A,0x554A,0x554A,0x554A,0x554A,0x554A,0x554A,0x554A,0x554A,0x554A,
  0x554A,0x554A,0x554A,0x554A,0x554A,0x554A,0x554A,0x554A,0x554A,0x554A,0x554A,0x554A,0x554A,0x554A,0x554A,0x554A,
  0x554A,0x554A,0x554A,0x554A,0x554A,0x554A,0x554A,0x554B,0x5D0B,0x652E,0x2205,0x0000,0x0000,0x0000,0x0021,0x0001,
  0x01A8,0x563A,0x2E7B,0x1E7C,0x165D,0x0E9D,0x0E9D,0x0E9D,0x069D,0x067D,0x069D,0x069D,0x069D,0x067D,0x067D,0x067D,
  0x067D,0x0E5D,0x0E5D,0x0E5D,0x067D,0x067D,0x067C,0x067D,0x069D,0x067D,0x0E7D,0x26BD,0x2E9C,0x567B,0x12AC,0x0021,
  0x0021,0x0000,0x0000,0x0000,0x21C4,0x6CEC,0x5D0A,0x5529,0x554A,0x554A,0x554A,0x554A,0x554A,0x554A,0x554A,0x554A,
  0x554A,0x554A,0x554A,0x554A,0x554A,0x554A,0x554A,0x554A,0x554A,0x554A,0x554A,0x554A,0x554A,0x554A,0x554A,0x554A,
  0x554A,0x554A,0x554A,0x554A,0x554A,0x554A,0x554A,0x554A,0x554A,0x554A,0x554A,0x554A,0x554A,0x554A,0x554A,0x554A,
  0x554A,0x554A,0x554A,0x554A,0x554A,0x554A,0x554A,0x554A,0x554A,0x554A,0x554A,0x554A,0x554A,0x554A,0x554A,0x554A,
  0x554A,0x554A,0x554A,0x554A,0x554A,0x554A,0x554A,0x554A,0x554A,0x554A,0x554A,0x554A,0x554A,0x556A,0x5D49,0x554A,
  0x554A,0x554B,0x5D2B,0x5D2A,0x5D2A,0x552A,0x5D4A,0x5D2B,0x550B,0x652E,0x2205,0x0000,0x0800,0x0000,0x0000,0x0000,
  0x0188,0x3DB9,0x161B,0x0E3C,0x0E5C,0x067D,0x067D,0x067D,0x067D,0x069D,0x069D,0x067D,0x067D,0x067D,0x067D,0x067D,
  0x067D,0x0E5D,0x0E5E,0x0E5E,0x0E7D,0x067D,0x067C,0x067C,0x067D,0x067D,0x0E5D,0x0E5D,0x167C,0x365B,0x0A8C,0x0001,
  0x0000,0x0000,0x0020,0x0000,0x29E4,0x6CEB,0x5D0A,0x5D0A,0x552A,0x554A,0x554A,0x554A,0x554A,0x554A,0x554A,0x554A,
  0x554A,0x554A,0x554A,0x554A,0x554A,0x554A,0x554A,0x554A,0x554A,0x554A,0x554A,0x554A,0x554A,0x554A,0x554A,0x554A,
  0x554A,0x554A,0x554A,0x5D6A,0x5D6A,0x5D6A,0x5D6A,0x5D6A,0x554A,0x554A,0x554A,0x554A,0x554A,0x554A,0x554A,0x554A,
  0x554A,0x554A,0x554A,0x554A,0x554A,0x554A,0x554A,0x554A,0x554A,0x554A,0x554A,0x554A,0x554A,0x554A,0x554A,0x554A,
  0x554A,0x554A,0x554A,0x554A,0x554A,0x554A,0x554A,0x554A,0x554A,0x554A,0x554A,0x554A,0x554A,0x554A,0x5D4A,0x554A,
  0x554A,0x554B,0x554B,0x552A,0x554A,0x554A,0x554A,0x5D4B,0x54EB,0x650D,0x21E4,0x0000,0x0000,0x1166,0x228B,0x12AC,
  0x0B90,0x2DFA,0x165C,0x0E5C,0x065C,0x065D,0x067D,0x067D,0x067D,0x067D,0x067D,0x067D,0x067D,0x067D,0x067D,0x067D,
  0x067D,0x067D,0x067D,0x067D,0x067D,0x067D,0x067C,0x067D,0x0E7D,0x0E7E,0x0E5E,0x0E9D,0x0E7C,0x1E5B,0x1453,0x12AC,
  0x2AAB,0x0965,0x0020,0x0000,0x2A04,0x64EB,0x5D0A,0x5D2A,0x554A,0x556B,0x554A,0x554A,0x554A,0x554A,0x554A,0x554A,
  0x554A,0x554A,0x554A,0x554A,0x554A,0x554A,0x554A,0x554A,0x554A,0x554A,0x554A,0x554A,0x554A,0x554A,0x554A,0x554A,
  0x554A,0x554A,0x554A,0x554A,0x554A,0x554A,0x554A,0x554A,0x554A,0x554A,0x554A,0x554A,0x554A,0x554A,0x554A,0x554A,
  0x554A,0x554A,0x554A,0x554A,0x554A,0x554A,0x554A,0x554A,0x554A,0x554A,0x554A,0x554A,0x554A,0x554A,0x554A,0x554A,
  0x554A,0x554A,0x554A,0x554A,0x554A,0x554A,0x554A,0x554A,0x554A,0x554A,0x554A,0x554A,0x5D4B,0x5D2B,0x554A,0x554A,
  0x556A,0x556A,0x554B,0x554A,0x554A,0x4D4A,0x556A,0x552A,0x5D0B,0x64ED,0x2A05,0x0000,0x0000,0x2B4D,0x4DF8,0x35D9,
  0x261A,0x1E1B,0x0E3C,0x0E3C,0x063C,0x0E5D,0x065D,0x065D,0x067D,0x067D,0x067D,0x067D,0x067D,0x067D,0x067D,0x067D,
  0x067D,0x067C,0x069C,0x067D,0x067D,0x067D,0x067D,0x0E7D,0x0E5D,0x0E5E,0x0E5E,0x063C,0x065B,0x161B,0x263B,0x2E3A,
  0x565A,0x2B6E,0x0041,0x0000,0x2204,0x5CCB,0x550A,0x5509,0x554A,0x554A,0x554A,0x554A,0x554A,0x554A,0x554A,0x554A,
  0x554A,0x554A,0x554A,0x554A,0x554A,0x554A,0x554A,0x554A,0x554A,0x554A,0x554A,0x554A,0x554A,0x554A,0x554A,0x554A,
  0x554A,0x554A,0x554A,0x554A,0x554A,0x554A,0x554A,0x554A,0x554A,0x554A,0x554A,0x554A,0x554A,0x554A,0x554A,0x554A,
  0x554A,0x554A,0x554A,0x554A,0x554A,0x554A,0x554A,0x554A,0x554A,0x554A,0x554A,0x554A,0x554A,0x554A,0x554A,0x554A,
  0x554A,0x554A,0x554A,0x554A,0x554A,0x554A,0x554A,0x554A,0x554A,0x554A,0x554A,0x554A,0x5D2B,0x5D2B,0x554A,0x556A,
  0x556A,0x556A,0x554A,0x554A,0x556A,0x556B,0x556B,0x654C,0x654D,0x756E,0x2224,0x0000,0x0000,0x230D,0x3599,0x15DB,
  0x0DFB,0x1E5C,0x1E3D,0x163D,0x0E3D,0x0E5C,0x0E5C,0x0E5C,0x065D,0x065D,0x067D,0x067D,0x067D,0x067D,0x067D,0x067D,
  0x067D,0x067C,0x067C,0x0E7C,0x0E7D,0x0E7D,0x0E7D,0x065D,0x0E5E,0x0E5E,0x165D,0x1E7D,0x267C,0x267C,0x1E5C,0x161A,
  0x3E3B,0x1B4F,0x0001,0x0000,0x29C5,0x74EE,0x6D2C,0x654B,0x552A,0x552A,0x554A,0x554A,0x554A,0x554A,0x554A,0x554A,
  0x554A,0x554A,0x554A,0x554A,0x554A,0x554A,0x554A,0x554A,0x554A,0x554A,0x554A,0x554A,0x554A,0x554A,0x554A,0x554A,
  0x554A,0x554A,0x554A,0x554A,0x554A,0x554A,0x554A,0x554A,0x554A,0x554A,0x554A,0x554A,0x554A,0x554A,0x554A,0x554A,
  0x554A,0x554A,0x554A,0x554A,0x554A,0x554A,0x554A,0x554A,0x554A,0x554A,0x554A,0x554A,0x554A,0x554A,0x554A,0x554A,
  0x554A,0x554A,0x554A,0x554A,0x554A,0x554A,0x554A,0x554A,0x554A,0x554A,0x554A,0x554A,0x5D2B,0x5D2B,0x554A,0x556A,
  0x556A,0x554A,0x5D4A,0x5D4A,0x554A,0x5D6B,0x5D2B,0x542A,0x5C2B,0x5C6D,0x22A8,0x0165,0x0146,0x13B1,0x25BB,0x15DC,
  0x1DBA,0x1CF6,0x24D6,0x1CF7,0x1DDB,0x0E3C,0x0E3C,0x0E3C,0x0E5C,0x065D,0x065D,0x067D,0x067D,0x067D,0x067D,0x067D,
  0x067D,0x067C,0x067C,0x0E5D,0x0E5D,0x0E5D,0x0E5D,0x0E5D,0x065D,0x0E5D,0x1E1C,0x1D38,0x1CD5,0x24F6,0x25DA,0x161B,
  0x263B,0x1433,0x0188,0x0126,0x2228,0x53CB,0x53E9,0x5429,0x5CEB,0x552B,0x554A,0x554A,0x554A,0x554A,0x554A,0x554A,
  0x554A,0x554A,0x554A,0x554A,0x554A,0x554A,0x554A,0x554A,0x554A,0x554A,0x554A,0x554A,0x554A,0x554A,0x554A,0x554A,
  0x554A,0x554A,0x554A,0x554A,0x554A,0x554A,0x554A,0x554A,0x554A,0x554A,0x554A,0x554A,0x554A,0x554A,0x554A,0x554A,
  0x554A,0x554A,0x554A,0x554A,0x554A,0x554A,0x554A,0x554A,0x554A,0x554A,0x554A,0x554A,0x554A,0x554A,0x554A,0x554A,
  0x554A,0x554A,0x554A,0x554A,0x554A,0x554A,0x554A,0x554A,0x554A,0x554A,0x554A,0x554A,0x5D4A,0x5D4A,0x554A,0x554A,
  0x554A,0x5D4A,0x5D4A,0x5D4A,0x5D4A,0x5D4C,0x64CC,0x08E1,0x0080,0x00A2,0x3C32,0x3D78,0x2558,0x1DBA,0x0DDB,0x1DFC,
  0x24B5,0x0125,0x00A4,0x0147,0x2D17,0x163C,0x0E3C,0x0E3C,0x0E3C,0x0E5C,0x065D,0x0E7D,0x067D,0x067D,0x067D,0x067D,
  0x067D,0x067D,0x067D,0x0E5D,0x0E5D,0x0E5D,0x0E5D,0x0E7D,0x0E7D,0x165C,0x2DBA,0x01CA,0x00A4,0x0107,0x2455,0x263C,
  0x161B,0x15FA,0x25B8,0x4597,0x4451,0x08E2,0x0060,0x0961,0x5C8A,0x5D2B,0x552A,0x554A,0x554A,0x554A,0x554A,0x556A,
  0x554A,0x554A,0x554A,0x554A,0x554A,0x554A,0x554A,0x554A,0x554A,0x554A,0x554A,0x554A,0x554A,0x554A,0x554A,0x554A,
  0x554A,0x554A,0x554A,0x554A,0x554A,0x554A,0x554A,0x554A,0x554A,0x554A,0x554A,0x554A,0x554A,0x554A,0x554A,0x554A,
  0x554A,0x554A,0x554A,0x554A,0x554A,0x554A,0x554A,0x554A,0x554A,0x554A,0x554A,0x554A,0x554A,0x554A,0x554A,0x554A,
  0x554A,0x554A,0x554A,0x554A,0x554A,0x554A,0x554A,0x554A,0x554A,0x554A,0x554A,0x554A,0x554A,0x554A,0x554A,0x554A,
  0x5D4A,0x5D2A,0x5D4A,0x5D4A,0x556A,0x656C,0x64AD,0x0040,0x0000,0x0000,0x34B4,0x363B,0x1E1B,0x163C,0x0DFC,0x1E1C,
  0x3494,0x0042,0x0000,0x00A4,0x34D6,0x1E1C,0x0E3C,0x0E3C,0x0E3C,0x0E5C,0x065C,0x065D,0x067D,0x067D,0x067D,0x067D,
  0x067D,0x067D,0x065D,0x0E5D,0x0E5D,0x0E5D,0x0E5D,0x067D,0x067C,0x1E5B,0x3599,0x0967,0x0000,0x00A4,0x2474,0x265B,
  0x063C,0x065C,0x165C,0x361A,0x44D4,0x0082,0x0000,0x0921,0x546A,0x5D4B,0x554A,0x554A,0x554A,0x554A,0x554A,0x556A,
  0x556A,0x554A,0x554A,0x554A,0x554A,0x554A,0x554A,0x554A,0x554A,0x554A,0x554A,0x554A,0x554A,0x554A,0x554A,0x554A,
  0x554A,0x554A,0x554A,0x554A,0x554A,0x554A,0x554A,0x554A,0x554A,0x554A,0x554A,0x554A,0x554A,0x554A,0x5D6A,0x554A,
  0x554A,0x554A,0x554A,0x554A,0x554A,0x554A,0x554A,0x554A,0x554A,0x554A,0x554A,0x554A,0x554A,0x554A,0x554A,0x554A,
  0x554A,0x554A,0x554A,0x554A,0x554A,0x554A,0x554A,0x554A,0x554A,0x554A,0x554A,0x554A,0x554A,0x554A,0x554A,0x5D4B,
  0x5D2B,0x5D2B,0x554A,0x554A,0x556A,0x5D6C,0x64AD,0x0060,0x0000,0x0021,0x2CB5,0x263C,0x0E3C,0x065D,0x061C,0x1E3B,
  0x3C94,0x0042,0x0001,0x00C4,0x34F6,0x1E1C,0x0E3C,0x0E3C,0x0E3C,0x0E5C,0x0E5C,0x065C,0x067D,0x067D,0x067D,0x067D,
  0x067D,0x067D,0x0E5D,0x0E5D,0x0E5D,0x065D,0x0E5D,0x067D,0x067C,0x1E5B,0x3D98,0x0967,0x0000,0x00C4,0x2CB4,0x265C,
  0x067C,0x067D,0x0E5D,0x2E3B,0x3CF5,0x0083,0x0000,0x1102,0x5C6B,0x5D4B,0x552A,0x5D4A,0x552A,0x554A,0x554A,0x556A,
  0x556A,0x554A,0x554A,0x554A,0x554A,0x554A,0x554A,0x554A,0x554A,0x554A,0x554A,0x554A,0x554A,0x554A,0x554A,0x554A,
  0x554A,0x554A,0x554A,0x554A,0x554A,0x554A,0x554A,0x554A,0x554A,0x554A,0x554A,0x554A,0x554A,0x554A,0x554A,0x554A,
  0x554A,0x554A,0x554A,0x554A,0x554A,0x554A,0x554A,0x554A,0x554A,0x554A,0x554A,0x554A,0x554A,0x554A,0x554A,0x554A,
  0x554A,0x554A,0x554A,0x554A,0x554A,0x554A,0x554A,0x554A,0x554A,0x554A,0x554A,0x554A,0x554B,0x554B,0x5D4B,0x5D2B,
  0x5D2B,0x554B,0x556B,0x556A,0x556A,0x658C,0x64CD,0x0060,0x0020,0x0021,0x34B5,0x265C,0x0E5C,0x0E5D,0x0E5C,0x1E3B,
  0x3CB4,0x0042,0x0001,0x00C4,0x3516,0x1E3C,0x0E3C,0x0E3C,0x0E5C,0x0E5C,0x0E5C,0x065C,0x065C,0x065D,0x067D,0x067D,
  0x067D,0x067C,0x0E5C,0x0E5C,0x067D,0x067C,0x065C,0x067D,0x0E5C,0x165B,0x3D98,0x0987,0x0000,0x00E4,0x2CB5,0x267D,
  0x0E7D,0x0E7E,0x0E5E,0x2E5C,0x3CF5,0x00A3,0x0000,0x1102,0x648C,0x5D2B,0x550A,0x5D4B,0x554A,0x554A,0x554A,0x556A,
  0x554A,0x554A,0x554A,0x554A,0x554B,0x554B,0x554B,0x554A,0x554A,0x554A,0x554A,0x554A,0x554A,0x554A,0x554A,0x554A,
  0x554A,0x554A,0x554A,0x554A,0x554A,0x554A,0x554A,0x554A,0x554A,0x554A,0x554A,0x554A,0x554A,0x554A,0x554A,0x554A,
  0x554A,0x554A,0x554A,0x554A,0x554A,0x554A,0x554A,0x554A,0x554A,0x554A,0x554A,0x554A,0x554A,0x554A,0x554A,0x554A,
  0x554A,0x554A,0x554A,0x554A,0x554A,0x554A,0x554A,0x554A,0x554A,0x554A,0x554A,0x554A,0x554B,0x554B,0x5D4B,0x5D4A,
  0x554A,0x554B,0x5D6B,0x554B,0x552B,0x652C,0x6CAD,0x0080,0x0020,0x0021,0x3494,0x2E5C,0x165C,0x0E5D,0x0E5D,0x265C,
  0x44D4,0x0042,0x0001,0x00E5,0x3536,0x163C,0x0E3C,0x0E3C,0x0E5C,0x0E5C,0x0E5C,0x065C,0x065C,0x065C,0x067D,0x067D,
  0x067D,0x067C,0x067C,0x0E5C,0x067C,0x067C,0x065D,0x0E7D,0x0E5D,0x1E5C,0x3D99,0x0967,0x0000,0x00E4,0x2CD5,0x269D,
  0x0E9E,0x0E9E,0x0E7E,0x2E5C,0x3515,0x00A2,0x0000,0x1102,0x5C8C,0x652C,0x5CEA,0x5D2B,0x5D2B,0x5D4A,0x554A,0x554A,
  0x554A,0x554A,0x554A,0x554B,0x554B,0x554B,0x554B,0x554A,0x554A,0x554A,0x554A,0x554A,0x554A,0x554A,0x554A,0x554A,
  0x554A,0x554A,0x554A,0x554A,0x554A,0x554A,0x554A,0x554A,0x554A,0x554A,0x554A,0x554A,0x554A,0x554A,0x554A,0x554A,
  0x554A,0x554A,0x554A,0x554A,0x554A,0x554A,0x554A,0x554A,0x554A,0x554A,0x554A,0x554A,0x554A,0x554A,0x554A,0x554A,
  0x554A,0x554A,0x554A,0x554A,0x554A,0x554A,0x554A,0x554A,0x554A,0x554A,0x554A,0x554A,0x554B,0x554B,0x5D4A,0x5D4A,
  0x554A,0x554A,0x5D4B,0x656D,0x6D8E,0x7D6F,0x8530,0x0060,0x0000,0x0021,0x3494,0x2E7C,0x0E5D,0x0E5E,0x0E5E,0x267C,
  0x3CD4,0x0062,0x0021,0x00E5,0x3D37,0x163C,0x0E3C,0x0E5C,0x0E5C,0x0E5C,0x065C,0x065C,0x065C,0x065C,0x065D,0x067D,
  0x067D,0x067D,0x067D,0x0E5D,0x067D,0x067D,0x0E5D,0x0E5D,0x0E5D,0x165C,0x3599,0x0967,0x0000,0x00C4,0x2CB4,0x267D,
  0x069D,0x069E,0x0E9E,0x267D,0x3515,0x00C3,0x0000,0x1102,0x74EE,0x7DAF,0x6DAD,0x654B,0x5D2B,0x5D2A,0x552A,0x554A,
  0x554A,0x554A,0x554A,0x554B,0x554B,0x554B,0x554B,0x554A,0x554A,0x554A,0x554A,0x554A,0x554A,0x554A,0x554A,0x554A,
  0x554A,0x554A,0x554A,0x554A,0x554A,0x554A,0x554A,0x554A,0x554A,0x554A,0x554A,0x554A,0x554A,0x554A,0x554A,0x554A,
  0x554A,0x554A,0x554A,0x554A,0x554A,0x554A,0x554A,0x554A,0x554A,0x554A,0x554A,0x554A,0x554A,0x554A,0x554A,0x554A,
  0x554A,0x554A,0x554A,0x554A,0x554A,0x554A,0x554A,0x554A,0x554A,0x554A,0x554A,0x554A,0x554B,0x554B,0x5D4A,0x5549,
  0x5569,0x554A,0x5D4C,0x546A,0x3266,0x3266,0x3A46,0x0040,0x0020,0x0021,0x2CB4,0x267C,0x065D,0x065F,0x0E7E,0x1E7C,
  0x3CF4,0x0082,0x0021,0x00E5,0x3D37,0x163C,0x065C,0x0E5C,0x0E5C,0x0E5C,0x065C,0x065C,0x065C,0x065C,0x065D,0x065D,
  0x065D,0x067D,0x0E5D,0x0E3D,0x0E5D,0x0E5D,0x0E3D,0x0E5D,0x065D,0x165C,0x35B9,0x0968,0x0000,0x00C3,0x2CB3,0x265C,
  0x0E7D,0x069D,0x067D,0x267D,0x3516,0x00C3,0x0000,0x0881,0x3206,0x3A86,0x2A85,0x5489,0x656C,0x5D4B,0x5D4B,0x554A,
  0x554A,0x554A,0x554B,0x554B,0x552B,0x554B,0x554B,0x554A,0x554A,0x554A,0x554A,0x554A,0x554A,0x554A,0x554A,0x554A,
  0x554A,0x554A,0x554A,0x554A,0x554A,0x554A,0x554A,0x554A,0x554A,0x554A,0x554A,0x554A,0x554A,0x554A,0x554A,0x554A,
  0x554A,0x554A,0x554A,0x554A,0x554A,0x554A,0x554A,0x554A,0x554A,0x554A,0x554A,0x554A,0x554A,0x554A,0x554A,0x554A,
  0x554A,0x554A,0x554A,0x554A,0x554A,0x554A,0x554A,0x554A,0x554A,0x554A,0x554A,0x554A,0x554A,0x554A,0x5D4A,0x554A,
  0x556A,0x554A,0x6D4C,0x4BA9,0x0000,0x0000,0x0000,0x0060,0x0041,0x0041,0x2C73,0x2E7D,0x067E,0x067F,0x065D,0x1E7C,
  0x3CF4,0x0082,0x0001,0x00E5,0x3D57,0x1E5C,0x0E5D,0x0E5C,0x0E5D,0x065D,0x067D,0x067D,0x067D,0x067D,0x065D,0x065D,
  0x065D,0x067D,0x065D,0x0E5D,0x0E5D,0x0E5D,0x0E5D,0x0E5D,0x0E5D,0x165C,0x3598,0x0947,0x0000,0x00A4,0x2C74,0x265C,
  0x0E5D,0x067D,0x069E,0x267D,0x3516,0x00E3,0x0040,0x0040,0x0000,0x0000,0x0000,0x4BA8,0x6D8C,0x5D4B,0x5D6A,0x5D6A,
  0x5D4A,0x554A,0x554B,0x554B,0x5D2B,0x5D2B,0x554B,0x554A,0x554A,0x554A,0x554A,0x554A,0x554A,0x554A,0x554A,0x554A,
  0x554A,0x554A,0x554A,0x554A,0x554A,0x554A,0x554A,0x554A,0x554A,0x554A,0x554A,0x554A,0x554A,0x554A,0x554A,0x554A,
  0x554A,0x554A,0x554A,0x554A,0x554A,0x554A,0x554A,0x554A,0x554A,0x554A,0x554A,0x554A,0x554A,0x554A,0x554A,0x554A,
  0x554A,0x554A,0x554A,0x554A,0x554A,0x554A,0x554A,0x554A,0x554A,0x554A,0x554A,0x554A,0x554A,0x554A,0x5D2B,0x554B,
  0x554A,0x5D2A,0x6D6D,0x4BCA,0x0020,0x0020,0x0020,0x0000,0x0000,0x0001,0x2474,0x2E9D,0x0E5D,0x167E,0x1E7D,0x3E9C,
  0x4D15,0x0062,0x0001,0x0105,0x3D58,0x1E5C,0x0E5D,0x0E5D,0x0E7D,0x065D,0x067D,0x067D,0x067D,0x065D,0x065D,0x0E5D,
  0x065D,0x067D,0x067D,0x065D,0x0E5D,0x0E5D,0x065D,0x0E5D,0x0E3D,0x163C,0x3578,0x0946,0x0000,0x00C4,0x3CB4,0x3E5B,
  0x265D,0x1E7E,0x0E7D,0x26BD,0x2D36,0x0082,0x0000,0x0000,0x0040,0x0861,0x0000,0x53A9,0x6D6C,0x554A,0x556A,0x5D6A,
  0x5D4A,0x5D4A,0x554B,0x554A,0x554B,0x5D2B,0x554B,0x554A,0x554A,0x554A,0x554A,0x554A,0x554A,0x554A,0x554A,0x554A,
  0x554A,0x554A,0x554A,0x554A,0x554A,0x554A,0x554A,0x554A,0x554A,0x554A,0x554A,0x554A,0x554A,0x554A,0x554A,0x554A,
  0x554A,0x554A,0x554A,0x554A,0x554A,0x554A,0x554A,0x554A,0x554A,0x554A,0x554A,0x554A,0x554A,0x554A,0x554A,0x554A,
  0x554A,0x554A,0x554A,0x554A,0x554A,0x554A,0x554A,0x554A,0x554A,0x554A,0x554A,0x554A,0x554A,0x554A,0x5D2B,0x5D4B,
  0x5D4A,0x5D4B,0x656D,0x4BEA,0x0020,0x0000,0x08A2,0x2A2A,0x226B,0x1A6C,0x1D17,0x267C,0x1E7C,0x25D9,0x1CF5,0x3515,
  0x3BAF,0x0042,0x0001,0x0106,0x3D58,0x1E5D,0x0E7D,0x0E5D,0x0E7D,0x065D,0x067D,0x067D,0x067D,0x065D,0x065D,0x0E5D,
  0x065D,0x067D,0x067D,0x065D,0x0E5D,0x0E5D,0x065D,0x0E5D,0x0E3C,0x1E3C,0x3578,0x0946,0x0000,0x00A2,0x2B8E,0x34D4,
  0x1CB5,0x1D59,0x1E5D,0x1E7D,0x25B9,0x12EC,0x2269,0x2229,0x0083,0x0021,0x0000,0x4BA9,0x6D6D,0x554B,0x5D4A,0x5D4A,
  0x5D4A,0x5D4A,0x554B,0x554A,0x554A,0x554B,0x554B,0x554A,0x554A,0x554A,0x554A,0x554A,0x554A,0x554A,0x554A,0x554A,
  0x554A,0x554A,0x554A,0x554A,0x554A,0x554A,0x554A,0x554A,0x554A,0x554A,0x554A,0x554A,0x554A,0x554A,0x554A,0x554A,
  0x554A,0x554A,0x554A,0x554A,0x554A,0x554A,0x554A,0x554A,0x554A,0x554A,0x554A,0x554A,0x554A,0x554A,0x554A,0x554A,
  0x554A,0x554A,0x554A,0x554A,0x554A,0x554A,0x554A,0x554A,0x554A,0x554A,0x554A,0x554A,0x554A,0x554A,0x554B,0x554A,
  0x556A,0x554A,0x658D,0x43EA,0x0040,0x0000,0x11C6,0x5DB7,0x4E3A,0x367C,0x1E7C,0x1E7C,0x369C,0x2432,0x00E4,0x00E4,
  0x0083,0x0001,0x0001,0x0106,0x3D98,0x1E5D,0x0E7D,0x0E5D,0x0E7D,0x065D,0x067D,0x067D,0x067D,0x065D,0x065D,0x0E5D,
  0x065D,0x067D,0x067D,0x065D,0x0E5D,0x0E5D,0x065D,0x0E5D,0x0E3C,0x163C,0x3578,0x0946,0x0000,0x0020,0x0082,0x00E4,
  0x00C4,0x0B0E,0x2E5C,0x1E5C,0x1E5C,0x2E7C,0x465B,0x65FA,0x1105,0x0001,0x0000,0x4B89,0x6D6D,0x554B,0x5D4B,0x5D4A,
  0x5D4A,0x554B,0x556B,0x554A,0x554A,0x554A,0x554A,0x554A,0x554A,0x554A,0x554A,0x554A,0x554A,0x554A,0x554A,0x554A,
  0x554A,0x554A,0x554A,0x554A,0x554A,0x554A,0x554A,0x554A,0x554A,0x554A,0x554A,0x554A,0x554A,0x554A,0x554A,0x554A,
  0x554A,0x554A,0x554A,0x554A,0x554A,0x554A,0x554A,0x554A,0x554A,0x554A,0x554A,0x554A,0x554A,0x554A,0x554A,0x554A,
  0x554A,0x554A,0x554A,0x554A,0x554A,0x554A,0x554A,0x554A,0x554A,0x554A,0x554A,0x554A,0x554A,0x554A,0x554B,0x556A,
  0x556A,0x5D4B,0x658D,0x43CA,0x0040,0x0000,0x09A6,0x3D97,0x263B,0x165C,0x0E9D,0x167C,0x3E7B,0x33CF,0x0020,0x0000,
  0x0000,0x0801,0x0001,0x0126,0x3D99,0x1E5D,0x0E7D,0x0E5D,0x0E7D,0x065D,0x067D,0x067D,0x067D,0x065D,0x065D,0x0E5D,
  0x065D,0x067D,0x067D,0x065D,0x0E5D,0x0E5D,0x065D,0x0E5D,0x0E3C,0x163C,0x3578,0x0926,0x0000,0x0000,0x0000,0x0000,
  0x0000,0x128B,0x3E5B,0x165C,0x0E7D,0x0E7D,0x1E5C,0x45FA,0x0925,0x0000,0x0000,0x5389,0x6D6C,0x5D4B,0x5D4B,0x5D4A,
  0x556A,0x556B,0x556B,0x554A,0x5D4A,0x5D4A,0x554A,0x554A,0x554A,0x554A,0x554A,0x554A,0x554A,0x554A,0x554A,0x554A,
  0x554A,0x554A,0x554A,0x554A,0x554A,0x554A,0x554A,0x554A,0x554A,0x554A,0x554A,0x554A,0x554A,0x554A,0x554A,0x554A,
  0x554A,0x554A,0x554A,0x554A,0x554A,0x554A,0x554A,0x554A,0x554A,0x554A,0x554A,0x554A,0x554A,0x554A,0x554A,0x554A,
  0x554A,0x554A,0x554A,0x554A,0x554A,0x554A,0x554A,0x554A,0x554A,0x554A,0x554A,0x554A,0x5D4B,0x5D4B,0x554B,0x5D4B,
  0x5D4B,0x652B,0x6D4E,0x4BAA,0x0020,0x0000,0x09A7,0x3D99,0x265C,0x0E5D,0x0E7D,0x165C,0x3E5B,0x33AF,0x0020,0x0040,
  0x0000,0x0801,0x0801,0x0126,0x3D78,0x1E5D,0x0E7D,0x0E5D,0x0E7D,0x065D,0x067D,0x067D,0x067D,0x065D,0x065D,0x0E5D,
  0x065D,0x067D,0x067D,0x065D,0x0E5D,0x0E5D,0x065D,0x0E5D,0x0E3C,0x163C,0x3578,0x0926,0x0000,0x0000,0x0020,0x0000,
  0x0001,0x128C,0x363B,0x0E5C,0x0E9D,0x069D,0x167D,0x3E3A,0x0945,0x0020,0x0000,0x5389,0x6D6C,0x5D4B,0x5D4B,0x5D6A,
  0x556A,0x556B,0x554B,0x554A,0x554A,0x554A,0x554A,0x554A,0x554A,0x554A,0x554A,0x554A,0x554A,0x554A,0x554A,0x554A,
  0x554A,0x554A,0x554A,0x554A,0x554A,0x554A,0x554A,0x554A,0x554A,0x554A,0x554A,0x554A,0x554A,0x554A,0x554A,0x554A,
  0x554A,0x554A,0x554A,0x554A,0x554A,0x554A,0x554A,0x554A,0x554A,0x554A,0x554A,0x554A,0x554A,0x554A,0x554A,0x554A,
  0x554A,0x554A,0x554A,0x554A,0x554A,0x554A,0x554A,0x554A,0x554A,0x554A,0x554A,0x554A,0x554A,0x554A,0x554B,0x5D6B,
  0x5D4A,0x5D4B,0x654D,0x4389,0x0020,0x0000,0x09A7,0x3DD9,0x1E3C,0x0E5D,0x0E5D,0x163C,0x363B,0x2B8F,0x0020,0x0020,
  0x0000,0x0000,0x0000,0x0125,0x3597,0x165C,0x0E5D,0x0E5D,0x0E7D,0x065D,0x067D,0x067D,0x067D,0x065D,0x065D,0x0E5D,
  0x065D,0x067D,0x067D,0x0E5D,0x0E5D,0x0E5D,0x065D,0x0E5D,0x0E3C,0x163C,0x3578,0x0926,0x0000,0x0000,0x0000,0x0000,
  0x0000,0x1AAC,0x2E3B,0x0E5C,0x0E9E,0x0E7E,0x1E5D,0x3E1A,0x0965,0x0020,0x0000,0x4B89,0x6D8D,0x5D4B,0x5D4A,0x5D4A,
  0x554A,0x556B,0x556B,0x554A,0x5D4A,0x5D4A,0x554A,0x554A,0x554A,0x554A,0x554A,0x554A,0x554A,0x554A,0x554A,0x554A,
  0x554A,0x554A,0x554A,0x554A,0x554A,0x554A,0x554A,0x554A,0x554A,0x554A,0x554A,0x554A,0x554A,0x554A,0x554A,0x554A,
  0x554A,0x554A,0x554A,0x554A,0x554A,0x554A,0x554A,0x554A,0x554A,0x554A,0x554A,0x554A,0x554A,0x554A,0x554A,0x554A,
  0x554A,0x554A,0x554A,0x554A,0x554A,0x554A,0x554A,0x554A,0x554A,0x554A,0x554A,0x554A,0x554A,0x556A,0x556A,0x554A,
  0x554A,0x552A,0x5D2C,0x4BA9,0x0040,0x0000,0x11C8,0x35B8,0x1E3B,0x0E5D,0x0E5D,0x163C,0x363B,0x2B8F,0x0001,0x0020,
  0x0000,0x0000,0x0000,0x0125,0x3597,0x165C,0x0E5D,0x0E5D,0x0E7D,0x065D,0x067D,0x067D,0x067D,0x065D,0x065D,0x0E5D,
  0x065D,0x067D,0x067D,0x065D,0x0E5D,0x0E5D,0x065D,0x0E5D,0x0E3C,0x163C,0x3578,0x0926,0x0000,0x0000,0x0000,0x0000,
  0x0000,0x12AC,0x2E3A,0x0E5C,0x0E5D,0x0E5D,0x1E3D,0x3DFB,0x0946,0x0020,0x0020,0x4B89,0x6D6D,0x5D4B,0x5D4B,0x5D4B,
  0x5D4A,0x554B,0x556B,0x554B,0x5D4A,0x5D4B,0x554A,0x554A,0x554A,0x554A,0x554A,0x554A,0x554A,0x554A,0x554A,0x554A,
  0x554A,0x554A,0x554A,0x554A,0x554A,0x554A,0x554A,0x554A,0x554A,0x554A,0x554A,0x554A,0x554A,0x554A,0x554A,0x554A,
  0x554A,0x554A,0x554A,0x554A,0x554A,0x554A,0x554A,0x554A,0x554A,0x554A,0x554A,0x554A,0x554A,0x554A,0x554A,0x554A,
  0x554A,0x554A,0x554A,0x554A,0x554A,0x554A,0x554A,0x554A,0x554A,0x554A,0x554A,0x554A,0x554A,0x556A,0x554A,0x554A,
  0x5D4B,0x652C,0x754E,0x538A,0x0000,0x0000,0x0167,0x3598,0x1E1B,0x0E3C,0x0E5D,0x0E5C,0x2E3B,0x2B8F,0x0001,0x0020,
  0x0000,0x0000,0x0000,0x0125,0x3D78,0x165C,0x0E5D,0x0E5D,0x0E7D,0x065D,0x067D,0x067D,0x067D,0x065D,0x065D,0x0E5D,
  0x065D,0x067D,0x067D,0x065D,0x0E5D,0x0E5D,0x065D,0x0E5D,0x0E3C,0x163C,0x3578,0x0946,0x0000,0x0000,0x0000,0x0001,
  0x0001,0x1ACC,0x2E5A,0x0E5B,0x065D,0x0E5D,0x1E3C,0x3DFA,0x00E5,0x0000,0x0000,0x4B6A,0x6DAF,0x5D8C,0x5D6C,0x5D4B,
  0x5D4A,0x5D2B,0x5D4B,0x554B,0x5D4B,0x5D4B,0x554A,0x554A,0x554A,0x554A,0x554A,0x554A,0x554A,0x554A,0x554A,0x554A,
  0x554A,0x554A,0x554A,0x554A,0x554A,0x554A,0x554A,0x554A,0x554A,0x554A,0x554A,0x554A,0x554A,0x554A,0x554A,0x554A,
  0x554A,0x554A,0x554A,0x554A,0x554A,0x554A,0x554A,0x554A,0x554A,0x554A,0x554A,0x554A,0x554A,0x554A,0x554A,0x554A,
  0x554A,0x554A,0x554A,0x554A,0x554A,0x554A,0x554A,0x554A,0x554A,0x554A,0x554A,0x554A,0x5D6B,0x554B,0x552A,0x5D2C,
  0x2B05,0x21C4,0x29E5,0x32EA,0x2B2E,0x232F,0x1C33,0x25DA,0x161C,0x0E3D,0x0E5C,0x0E3B,0x2E3B,0x2B8F,0x0021,0x0000,
  0x0000,0x0000,0x0000,0x0105,0x3D58,0x1E5C,0x0E5D,0x0E5D,0x0E7D,0x065D,0x067D,0x067D,0x067D,0x065D,0x065D,0x0E5D,
  0x065D,0x067D,0x067D,0x065D,0x0E5D,0x0E5D,0x065D,0x0E5D,0x0E3C,0x1E3C,0x3578,0x0926,0x0000,0x0000,0x0000,0x0021,
  0x0000,0x1ACC,0x2E3A,0x063B,0x065C,0x0E5C,0x165C,0x263B,0x23F2,0x2B4E,0x332D,0x2AC9,0x2A25,0x2204,0x3BA7,0x5D4C,
  0x554B,0x554B,0x5D2B,0x5D4A,0x554A,0x554A,0x554A,0x554A,0x554A,0x554A,0x554A,0x554A,0x554A,0x554A,0x554A,0x554A,
  0x554A,0x554A,0x554A,0x554A,0x554A,0x554A,0x554A,0x554A,0x554A,0x554A,0x554A,0x554A,0x554A,0x554A,0x554A,0x554A,
  0x554A,0x554A,0x554A,0x554A,0x554A,0x554A,0x554A,0x554A,0x554A,0x554A,0x554A,0x554A,0x554A,0x554A,0x554A,0x554A,
  0x554A,0x554A,0x554A,0x554A,0x554A,0x554A,0x554A,0x554A,0x554A,0x554A,0x554A,0x554B,0x5D4B,0x5D4B,0x552B,0x6D4E,
  0x11A2,0x0000,0x0000,0x22CB,0x463A,0x263B,0x263C,0x161C,0x0E3C,0x0E3C,0x0E3B,0x163B,0x361A,0x2B6E,0x0000,0x0000,
  0x0000,0x0000,0x0000,0x0105,0x3D58,0x1E5D,0x0E5D,0x0E5D,0x0E7D,0x065D,0x067D,0x067D,0x067D,0x065D,0x065D,0x0E5D,
  0x065D,0x067D,0x067D,0x065D,0x0E5D,0x0E5D,0x065D,0x0E5D,0x0E3C,0x1E3C,0x3578,0x0946,0x0000,0x0000,0x0000,0x0020,
  0x0000,0x22EC,0x3619,0x163A,0x0E5C,0x0E5C,0x0E5C,0x0E3C,0x267C,0x367C,0x4E5B,0x12AB,0x0000,0x0000,0x2A45,0x652C,
  0x554B,0x554B,0x5D2B,0x5D2A,0x554A,0x554A,0x554A,0x554A,0x554A,0x554A,0x554A,0x554A,0x554A,0x554A,0x554A,0x554A,
  0x554A,0x554A,0x554A,0x554A,0x554A,0x554A,0x554A,0x554A,0x554A,0x554A,0x554A,0x554A,0x554A,0x554A,0x554A,0x554A,
  0x554A,0x554A,0x554A,0x554A,0x554A,0x554A,0x554A,0x554A,0x554A,0x554A,0x554A,0x554A,0x554A,0x554A,0x554A,0x554A,
  0x554A,0x554A,0x554A,0x554A,0x554A,0x554A,0x554A,0x554A,0x554A,0x554A,0x554A,0x554A,0x554A,0x554A,0x550A,0x6D4D,
  0x1A03,0x0000,0x0000,0x1AAC,0x25B9,0x0DDA,0x0E1B,0x0E3C,0x163C,0x163C,0x1E3B,0x2E1A,0x4E1A,0x3B8F,0x0001,0x0000,
  0x0000,0x0000,0x0000,0x0125,0x3578,0x165C,0x0E5D,0x0E5D,0x0E7D,0x065D,0x067D,0x067D,0x067D,0x0E7D,0x0E7D,0x0E7D,
  0x0E7D,0x0E7D,0x067D,0x065D,0x0E5D,0x0E5D,0x065D,0x0E5D,0x0E3C,0x1E3C,0x3578,0x0946,0x0000,0x0000,0x0000,0x0000,
  0x0000,0x2B0C,0x4E19,0x261B,0x263D,0x163C,0x0E3C,0x0E3C,0x0E1B,0x1DFB,0x3DBA,0x1ACD,0x0021,0x0000,0x2A66,0x650D,
  0x5D2B,0x5D2B,0x5D2B,0x5D2A,0x554A,0x554A,0x554A,0x554A,0x554A,0x554A,0x554A,0x554A,0x554A,0x554A,0x554A,0x554A,
  0x554A,0x554A,0x554A,0x554A,0x554A,0x554A,0x554A,0x554A,0x554A,0x554A,0x554A,0x554A,0x554A,0x554A,0x554A,0x554A,
  0x554A,0x554A,0x554A,0x554A,0x554A,0x554A,0x554A,0x554A,0x554A,0x554A,0x554A,0x554A,0x554A,0x554A,0x554A,0x554A,
  0x554A,0x554A,0x554A,0x554A,0x554A,0x554A,0x554A,0x554A,0x554A,0x554A,0x554A,0x554A,0x556A,0x554A,0x552A,0x6D4D,
  0x19E3,0x0000,0x0000,0x1ACC,0x2DFA,0x061B,0x063C,0x061C,0x161B,0x25FB,0x1C74,0x1B90,0x2B90,0x2209,0x0000,0x0000,
  0x0000,0x0000,0x0000,0x0125,0x3578,0x165C,0x067D,0x067D,0x067D,0x0E5D,0x0E5D,0x067D,0x067D,0x067D,0x0E5D,0x0E5D,
  0x067D,0x0E7C,0x0E7C,0x0E5D,0x065C,0x065C,0x065D,0x0E5D,0x0E3D,0x163C,0x3578,0x0946,0x0000,0x0000,0x0000,0x0000,
  0x0000,0x1186,0x238E,0x1B90,0x2495,0x25DA,0x161B,0x0E3C,0x0E3C,0x15FB,0x3DDB,0x1AAD,0x0021,0x0000,0x2A66,0x650D,
  0x5D2B,0x5D2B,0x5D2B,0x5D2A,0x554A,0x554A,0x554A,0x554A,0x554A,0x554A,0x554A,0x554A,0x554A,0x554A,0x554A,0x554A,
  0x554A,0x554A,0x554A,0x554A,0x554A,0x554A,0x554A,0x554A,0x554A,0x554A,0x554A,0x554A,0x554A,0x554A,0x554A,0x554A,
  0x554A,0x554A,0x554A,0x554A,0x554A,0x554A,0x554A,0x554A,0x554A,0x554A,0x554A,0x554A,0x554A,0x554A,0x554A,0x554A,
  0x554A,0x554A,0x554A,0x554A,0x554A,0x554A,0x554A,0x554A,0x554A,0x554A,0x554A,0x554A,0x554B,0x554B,0x552B,0x6D4D,
  0x1A04,0x0000,0x0000,0x1ACC,0x2DF9,0x0E1C,0x0E3D,0x063C,0x161B,0x3DDA,0x0A4B,0x0021,0x0021,0x0000,0x0000,0x0000,
  0x0000,0x0000,0x0000,0x0126,0x3557,0x1E5B,0x067D,0x067D,0x067D,0x0E5D,0x0E5E,0x067D,0x067D,0x067D,0x067D,0x067D,
  0x067C,0x0E5C,0x0E5C,0x0E5D,0x067D,0x067D,0x0E7D,0x0E5D,0x0E3D,0x165C,0x3D78,0x0926,0x0000,0x0000,0x0000,0x0000,
  0x0000,0x0001,0x0041,0x0021,0x124B,0x35B9,0x161B,0x0E5C,0x063C,0x161C,0x3DFA,0x1ACC,0x0000,0x0000,0x2A46,0x650D,
  0x5D2A,0x552A,0x5D2B,0x5D2A,0x5D4A,0x5D4A,0x554A,0x554A,0x554A,0x554A,0x554A,0x554A,0x554A,0x554A,0x554A,0x554A,
  0x554A,0x554A,0x554A,0x554A,0x554A,0x554A,0x554A,0x554A,0x554A,0x554A,0x554A,0x554A,0x554A,0x554A,0x554A,0x554A,
  0x554A,0x554A,0x554A,0x554A,0x554A,0x554A,0x554A,0x554A,0x554A,0x554A,0x554A,0x554A,0x554A,0x554A,0x554A,0x554A,
  0x554A,0x554A,0x554A,0x554A,0x554A,0x554A,0x554A,0x554A,0x554A,0x554A,0x554A,0x554A,0x5D4A,0x5D2A,0x5D2A,0x6D4D,
  0x19E3,0x0000,0x0000,0x1ACB,0x2DF9,0x163B,0x0E3C,0x0E3C,0x1E1B,0x35FA,0x124A,0x0001,0x0021,0x0000,0x0000,0x0000,
  0x0000,0x0000,0x0000,0x0106,0x3D58,0x1E5B,0x065D,0x067E,0x067D,0x0E5D,0x0E5D,0x067C,0x067C,0x067D,0x067D,0x067C,
  0x067C,0x0E5C,0x0E5D,0x0E5D,0x065D,0x0E5D,0x0E5D,0x0E5D,0x0E5D,0x165C,0x3D78,0x0926,0x0000,0x0000,0x0000,0x0000,
  0x0000,0x0000,0x0040,0x0000,0x1A2A,0x35B8,0x1E3B,0x0E5B,0x0E3B,0x163C,0x361B,0x1ACC,0x0000,0x0000,0x2A46,0x650D,
  0x5D2A,0x552A,0x552B,0x5D2A,0x5D4A,0x5D4B,0x554A,0x554A,0x554A,0x554A,0x554A,0x554A,0x554A,0x554A,0x554A,0x554A,
  0x554A,0x554A,0x554A,0x554A,0x554A,0x554A,0x554A,0x554A,0x554A,0x554A,0x554A,0x554A,0x554A,0x554A,0x554A,0x554A,
  0x554A,0x554A,0x554A,0x554A,0x554A,0x554A,0x554A,0x554A,0x554A,0x554A,0x554A,0x554A,0x554A,0x554A,0x554A,0x554A,
  0x554A,0x554A,0x554A,0x554A,0x554A,0x554A,0x554A,0x554A,0x554A,0x554A,0x554A,0x554A,0x554A,0x554A,0x5D2A,0x6D4D,
  0x19E3,0x0000,0x0000,0x1ACB,0x2DF9,0x163B,0x0E3C,0x0E1C,0x161B,0x35F9,0x124A,0x0001,0x0000,0x08A1,0x1122,0x1122,
  0x10E2,0x0020,0x0000,0x00E5,0x3D58,0x1E5C,0x067D,0x067E,0x067D,0x0E5D,0x0E5D,0x0E7C,0x069C,0x069D,0x067D,0x0E7D,
  0x0E7D,0x067E,0x069E,0x067D,0x067D,0x065D,0x0E3D,0x065D,0x065D,0x163C,0x3D58,0x0906,0x0000,0x0020,0x08E2,0x1143,
  0x1943,0x08A1,0x0020,0x0000,0x1A2A,0x35B9,0x163B,0x0E3C,0x0E3C,0x163B,0x2E1B,0x12CC,0x0000,0x0000,0x3246,0x650D,
  0x5D2B,0x552B,0x552B,0x552B,0x554B,0x554B,0x554A,0x554A,0x554A,0x554A,0x554A,0x554A,0x554A,0x554A,0x554A,0x554A,
  0x554A,0x554A,0x554A,0x554A,0x554A,0x554A,0x554A,0x554A,0x554A,0x554A,0x554A,0x554A,0x554A,0x554A,0x554A,0x554A,
  0x554A,0x554A,0x554A,0x554A,0x554A,0x554A,0x554A,0x554A,0x554A,0x554A,0x554A,0x554A,0x554A,0x554A,0x554A,0x554A,
  0x554A,0x554A,0x554A,0x554A,0x554A,0x554A,0x554A,0x554A,0x554A,0x554A,0x554A,0x554A,0x556A,0x556A,0x552A,0x6D6D,
  0x1A03,0x0000,0x0000,0x1ACC,0x2DFA,0x163C,0x0E3D,0x0E1D,0x161B,0x35D9,0x124A,0x0000,0x0000,0x3AA7,0x6C8D,0x6CAE,
  0x5BCC,0x0020,0x0000,0x00E5,0x3D38,0x1E5C,0x0E5D,0x067E,0x067D,0x0E7D,0x0E5D,0x0E5C,0x0E7C,0x067D,0x0E5E,0x0E5E,
  0x0E5E,0x067D,0x069D,0x067D,0x067D,0x065D,0x0E3D,0x065D,0x065C,0x165C,0x3D78,0x0906,0x0000,0x0060,0x4BAA,0x6D0E,
  0x754F,0x42E8,0x0020,0x0000,0x220B,0x3DDA,0x163C,0x0E5D,0x0E1C,0x161B,0x361A,0x12CC,0x0020,0x0000,0x3246,0x650D,
  0x5D0B,0x552B,0x552B,0x554B,0x554B,0x554B,0x554B,0x554A,0x554A,0x554A,0x554A,0x554A,0x554A,0x554A,0x554A,0x554A,
  0x554A,0x554A,0x554A,0x554A,0x554A,0x554A,0x554A,0x554A,0x554A,0x554A,0x554A,0x554A,0x554A,0x554A,0x554A,0x554A,
  0x554A,0x554A,0x554A,0x554A,0x554A,0x554A,0x554A,0x554A,0x554A,0x554A,0x554A,0x554A,0x554A,0x554A,0x554A,0x554A,
  0x554A,0x554A,0x554A,0x554A,0x554A,0x554A,0x554A,0x554A,0x554A,0x554A,0x554A,0x554A,0x554A,0x554A,0x5D2A,0x6D6D,
  0x1A03,0x0000,0x0000,0x1AEC,0x3DFA,0x263C,0x1E3D,0x161C,0x25DA,0x45B8,0x1A29,0x0000,0x0000,0x3AE7,0x6D0D,0x6D0E,
  0x5C0C,0x0040,0x0000,0x00C5,0x4537,0x263C,0x0E5D,0x067E,0x067D,0x0E7D,0x0E5C,0x1E5B,0x1E5C,0x165C,0x165D,0x165D,
  0x165D,0x167C,0x165B,0x165B,0x0E5C,0x065D,0x0E5D,0x065D,0x065C,0x163C,0x3D58,0x0926,0x0000,0x0040,0x53CA,0x6D6E,
  0x7DAF,0x3B28,0x0020,0x0000,0x222A,0x3DD9,0x1E1B,0x1E5C,0x1E3C,0x25FB,0x45D9,0x1ACB,0x0020,0x0000,0x2A45,0x650C,
  0x5D0A,0x552A,0x552B,0x554B,0x554B,0x554B,0x554B,0x554A,0x554A,0x554A,0x554A,0x554A,0x554A,0x554A,0x554A,0x554A,
  0x554A,0x554A,0x554A,0x554A,0x554A,0x554A,0x554A,0x554A,0x554A,0x554A,0x554A,0x554A,0x554A,0x554A,0x554A,0x554A,
  0x554A,0x554A,0x554A,0x554A,0x554A,0x554A,0x554A,0x554A,0x554A,0x554A,0x554A,0x554A,0x554A,0x554A,0x554A,0x554A,
  0x554A,0x554A,0x554A,0x554A,0x554A,0x554A,0x554A,0x554A,0x554A,0x554A,0x554A,0x554A,0x5D4A,0x5D4A,0x5D2A,0x656C,
  0x1A63,0x00A0,0x00A1,0x22EA,0x4DB7,0x45D9,0x3DDA,0x3DB9,0x4598,0x5D97,0x2248,0x0040,0x0040,0x32E5,0x5CEC,0x650C,
  0x53EA,0x0040,0x0000,0x00C5,0x3D17,0x263C,0x0E5D,0x067D,0x067D,0x0E7C,0x1E3B,0x361A,0x3DFA,0x3E1A,0x3E1A,0x361A,
  0x3E1A,0x3DFA,0x45FA,0x3DFA,0x263C,0x167D,0x0E7D,0x067D,0x065C,0x163C,0x3D78,0x0926,0x0000,0x0040,0x4BA9,0x654C,
  0x656D,0x3346,0x00A0,0x0080,0x1A48,0x5597,0x45DA,0x3DDA,0x3DFA,0x45B9,0x5597,0x22CA,0x0080,0x0060,0x2A85,0x652C,
  0x552A,0x552A,0x552A,0x554A,0x554B,0x554B,0x554B,0x554A,0x554A,0x554A,0x554A,0x554A,0x554A,0x554A,0x554A,0x554A,
  0x554A,0x554A,0x554A,0x554A,0x554A,0x554A,0x554A,0x554A,0x554A,0x554A,0x554A,0x554A,0x554A,0x554A,0x554A,0x554A,
  0x554A,0x554A,0x554A,0x554A,0x554A,0x554A,0x554A,0x554A,0x554A,0x554A,0x554A,0x554A,0x554A,0x554A,0x554A,0x554A,
  0x554A,0x554A,0x554A,0x554A,0x554A,0x554A,0x554A,0x554A,0x554A,0x554A,0x554A,0x554A,0x554A,0x5D4A,0x554B,0x5D6C,
  0x54AA,0x4C0A,0x5C6C,0x438A,0x19E7,0x19E8,0x19E9,0x19C8,0x19C9,0x19C8,0x3B09,0x53AA,0x4388,0x5449,0x5D0B,0x654C,
  0x540A,0x0040,0x0000,0x00C5,0x3D17,0x1E1C,0x0E5D,0x067D,0x0E7C,0x267C,0x1CF5,0x122A,0x19E9,0x19E9,0x1A09,0x1208,
  0x11E9,0x11C9,0x19C9,0x11C9,0x1CB6,0x1E7D,0x065D,0x067D,0x0E5D,0x163C,0x3D58,0x0905,0x0000,0x0040,0x43A9,0x656C,
  0x5D6B,0x54CA,0x3BE7,0x4C2A,0x338B,0x1A08,0x19E9,0x11C8,0x19E8,0x19E9,0x19A7,0x432B,0x540B,0x53E9,0x5449,0x5D0B,
  0x554A,0x554A,0x5D2A,0x5D2A,0x552A,0x554A,0x554A,0x554A,0x554A,0x554A,0x554A,0x554A,0x554A,0x554A,0x554A,0x554A,
  0x554A,0x554A,0x554A,0x554A,0x554A,0x554A,0x554A,0x554A,0x554A,0x554A,0x554A,0x554A,0x554A,0x554A,0x554A,0x554A,
  0x554A,0x554A,0x554A,0x554A,0x554A,0x554A,0x554A,0x554A,0x554A,0x554A,0x554A,0x554A,0x554A,0x554A,0x554A,0x554A,
  0x554A,0x554A,0x554A,0x554A,0x554A,0x554A,0x554A,0x554A,0x554A,0x554A,0x554A,0x554A,0x5D4A,0x5D4B,0x5D4B,0x5D4B,
  0x656C,0x6D4D,0x7D6F,0x53CA,0x0000,0x0000,0x0000,0x0000,0x0000,0x0000,0x4B69,0x7D6F,0x6D2D,0x652B,0x5D0A,0x5D4C,
  0x53EA,0x0020,0x0000,0x00C4,0x3D17,0x1E1B,0x0E3C,0x065D,0x0E5C,0x2E9C,0x1412,0x0001,0x0000,0x0000,0x0000,0x0000,
  0x0000,0x0000,0x0000,0x0000,0x23F2,0x1E7D,0x067D,0x067D,0x0E5D,0x1E3C,0x3578,0x0925,0x0000,0x0040,0x4389,0x656C,
  0x5D4A,0x5D4B,0x5D6C,0x656E,0x544C,0x0060,0x0000,0x0000,0x0000,0x0000,0x0000,0x4B6A,0x758F,0x6D2D,0x652B,0x552A,
  0x554A,0x554A,0x5D2A,0x5D2A,0x552A,0x554A,0x554A,0x554A,0x554A,0x554A,0x554A,0x554A,0x554B,0x554A,0x554A,0x554A,
  0x554A,0x554A,0x554A,0x554A,0x554A,0x554A,0x554A,0x554A,0x554A,0x554A,0x554A,0x554A,0x554A,0x554A,0x554A,0x554A,
  0x554A,0x554A,0x554A,0x554A,0x554A,0x554A,0x554A,0x554A,0x554A,0x554A,0x554A,0x554A,0x554A,0x554A,0x554A,0x554A,
  0x554A,0x554A,0x554A,0x554A,0x554A,0x554A,0x554A,0x554A,0x554A,0x554A,0x554A,0x554A,0x5D6A,0x5D4B,0x5D4C,0x5D6B,
  0x554B,0x5D0B,0x6D2C,0x4388,0x0060,0x0060,0x0060,0x0060,0x0060,0x0060,0x3B87,0x652C,0x5D0B,0x5D2B,0x5D2A,0x5D4C,
  0x53EB,0x0020,0x0000,0x00C4,0x3D16,0x1DFB,0x0E3C,0x0E7D,0x0E3B,0x2E9C,0x2453,0x0042,0x0822,0x0021,0x0040,0x0040,
  0x0060,0x0040,0x0821,0x0000,0x2412,0x269D,0x0E7D,0x067D,0x0E5D,0x1E3C,0x3578,0x0925,0x0000,0x0040,0x4BA9,0x5D4C,
  0x554B,0x5D2B,0x550B,0x5D4D,0x4C2A,0x00C0,0x0040,0x0060,0x0040,0x0060,0x0020,0x4388,0x654D,0x5D2B,0x5D4A,0x554B,
  0x554A,0x554A,0x5D4A,0x5D4A,0x5D4A,0x554A,0x554A,0x554A,0x554A,0x554A,0x554A,0x554A,0x554A,0x554A,0x554A,0x554A,
  0x554A,0x554A,0x554A,0x554A,0x554A,0x554A,0x554A,0x554A,0x554A,0x554A,0x554A,0x554A,0x554A,0x554A,0x554A,0x554A,
  0x554A,0x554A,0x554A,0x554A,0x554A,0x554A,0x554A,0x554A,0x554A,0x554A,0x554A,0x554A,0x554A,0x554A,0x554A,0x554A,
  0x554A,0x554A,0x554A,0x554A,0x554A,0x554A,0x554A,0x554A,0x554A,0x554A,0x554A,0x554A,0x554A,0x556B,0x554B,0x556B,
  0x556B,0x5D2B,0x654B,0x546A,0x3B07,0x4328,0x4328,0x4328,0x4348,0x3B47,0x5489,0x5D6B,0x5D4B,0x552A,0x552A,0x654D,
  0x53EB,0x0040,0x0000,0x00C4,0x3D16,0x1E1B,0x0E3C,0x0E5D,0x0E5C,0x2E7C,0x1C12,0x0022,0x0000,0x18E3,0x42A7,0x3AC6,
  0x42E7,0x0881,0x0020,0x0000,0x2C52,0x2EBD,0x0E7D,0x067C,0x0E5C,0x1E3C,0x3578,0x0925,0x0000,0x0060,0x4BC9,0x654C,
  0x552A,0x552B,0x552B,0x5D4C,0x54AB,0x3327,0x3B27,0x3B48,0x3B08,0x4328,0x3306,0x54AA,0x5D4B,0x5D4A,0x552A,0x554A,
  0x554B,0x554B,0x5D4A,0x5D4A,0x554A,0x554A,0x554B,0x554B,0x554A,0x554A,0x554A,0x554A,0x554A,0x554A,0x554A,0x554A,
  0x554A,0x554A,0x554A,0x554A,0x554A,0x554A,0x554A,0x554A,0x554A,0x554A,0x554A,0x554A,0x554A,0x554A,0x554A,0x554A,
  0x554A,0x554A,0x554A,0x554A,0x554A,0x554A,0x554A,0x554A,0x554A,0x554A,0x554A,0x554A,0x554A,0x554A,0x554A,0x554A,
  0x554A,0x554A,0x554A,0x554A,0x554A,0x554A,0x554A,0x554A,0x554A,0x554A,0x554A,0x554A,0x554A,0x554A,0x554B,0x556A,
  0x556A,0x5D4A,0x5D4A,0x5D4B,0x6D4D,0x6D4D,0x652C,0x756D,0x6D4D,0x6D4D,0x5D4A,0x556A,0x5D6B,0x5D4A,0x552A,0x654D,
  0x53EB,0x0040,0x0000,0x00C4,0x3D16,0x261B,0x0E5D,0x0E5D,0x0E1C,0x2E5C,0x1C11,0x0041,0x0000,0x21C5,0x752E,0x7D6E,
  0x8590,0x10E2,0x0000,0x0000,0x2432,0x2E9D,0x0E5C,0x067C,0x0E7C,0x1E3C,0x3D58,0x0905,0x0000,0x0060,0x43A9,0x652C,
  0x552A,0x552B,0x552B,0x5D4B,0x5D4B,0x6D6D,0x6D4D,0x6D6D,0x6D2D,0x6D4D,0x6D6D,0x5D6C,0x5D6A,0x5D49,0x5D4A,0x554A,
  0x556B,0x554B,0x5D4A,0x554A,0x554A,0x554A,0x554B,0x554B,0x554B,0x554A,0x554A,0x554A,0x554A,0x554A,0x554A,0x552A,
  0x552A,0x552A,0x554A,0x554A,0x554A,0x554A,0x554A,0x554A,0x554A,0x554A,0x554A,0x554A,0x554A,0x554A,0x554A,0x554A,
  0x554A,0x554A,0x554A,0x554A,0x554A,0x554A,0x554A,0x554A,0x554A,0x554A,0x554A,0x554A,0x554A,0x554A,0x554A,0x554A,
  0x554A,0x554A,0x554A,0x554A,0x554A,0x554A,0x554A,0x554A,0x554A,0x554A,0x554A,0x554A,0x5D4A,0x5D4A,0x5D4B,0x556A,
  0x556A,0x5D4A,0x556A,0x554A,0x552B,0x5D4B,0x5D4B,0x5D4B,0x5D4B,0x5D4B,0x554A,0x5D6A,0x554A,0x5D4A,0x5D4B,0x654C,
  0x53EB,0x0040,0x0000,0x00C4,0x3D16,0x263C,0x0E5D,0x0E5D,0x0E1C,0x2E5B,0x1C11,0x0061,0x0000,0x19C3,0x5CEB,0x654C,
  0x6D4D,0x08E2,0x0000,0x0000,0x23F1,0x2E5C,0x165C,0x067C,0x0E5C,0x1E3C,0x3D58,0x0905,0x0000,0x0060,0x4BA9,0x654C,
  0x5D2A,0x554B,0x554B,0x5D4B,0x5D4A,0x5D2A,0x5D4B,0x5D4B,0x552A,0x5D2B,0x5D4B,0x556B,0x556A,0x5D4A,0x5D6A,0x556B,
  0x556B,0x554B,0x554B,0x554A,0x554A,0x5D4A,0x554B,0x554B,0x554B,0x554A,0x554A,0x554B,0x554A,0x554B,0x552B,0x654C,
  0x652C,0x654C,0x5D2B,0x552A,0x552A,0x552A,0x554A,0x554A,0x554A,0x554A,0x554A,0x554A,0x554A,0x554A,0x554A,0x5D4A,
  0x554A,0x554A,0x554A,0x554A,0x554A,0x554A,0x554A,0x554A,0x554A,0x554A,0x554A,0x554A,0x554A,0x554A,0x554A,0x554A,
  0x554A,0x554A,0x554A,0x554A,0x554A,0x554A,0x554A,0x554A,0x554A,0x554A,0x554A,0x554A,0x554A,0x5D4A,0x554A,0x554A,
  0x554A,0x554A,0x554A,0x554A,0x554A,0x554B,0x554B,0x554B,0x5D4A,0x5D4A,0x5D4A,0x554A,0x5D4A,0x5D4A,0x5D4A,0x656C,
  0x5C0B,0x0040,0x0000,0x00E4,0x3D37,0x1E3C,0x0E5D,0x0E5D,0x0E3C,0x2E3B,0x1BF1,0x0041,0x0000,0x21C4,0x64EC,0x5D2B,
  0x6D2D,0x10E2,0x0000,0x0000,0x2BF1,0x2E3C,0x0E3C,0x0E5C,0x0E3C,0x1E3C,0x3D78,0x0925,0x0000,0x0060,0x4BC9,0x654C,
  0x5D4A,0x5D4A,0x5D4B,0x554A,0x5D4B,0x5D4B,0x5D4B,0x554B,0x5D4A,0x5D4B,0x554B,0x554B,0x554A,0x5D4A,0x554A,0x554A,
  0x554A,0x554A,0x554A,0x554A,0x554A,0x554A,0x554A,0x554B,0x554A,0x554A,0x554A,0x552A,0x552A,0x5D4B,0x5CEB,0x4368,
  0x4B29,0x4308,0x5C6B,0x5D2B,0x550A,0x552A,0x554A,0x554A,0x5549,0x5549,0x554A,0x554B,0x554A,0x5569,0x5549,0x5D4A,
  0x554A,0x554A,0x554A,0x554A,0x554A,0x554A,0x554A,0x554A,0x554A,0x554A,0x554A,0x554A,0x554A,0x554A,0x554A,0x554A,
  0x554A,0x554A,0x554A,0x554A,0x554A,0x554A,0x554A,0x554A,0x554A,0x554A,0x554A,0x554A,0x554A,0x554A,0x554A,0x554A,
  0x554A,0x554A,0x554A,0x554A,0x554A,0x554A,0x554A,0x554A,0x554A,0x554A,0x5D4B,0x5D4B,0x5D4A,0x5D4A,0x5D4A,0x656C,
  0x5C0B,0x0040,0x0000,0x00E5,0x3D37,0x1E3C,0x0E5D,0x0E5D,0x0E3C,0x2E3B,0x1BF1,0x0041,0x0000,0x21C4,0x64EC,0x5D2C,
  0x6D2D,0x10E2,0x0000,0x0000,0x2BD1,0x2E3C,0x163C,0x0E5D,0x0E3C,0x1E3C,0x3D78,0x0905,0x0000,0x0060,0x4BC9,0x654C,
  0x5D4A,0x5D4A,0x5D4B,0x554B,0x5D4B,0x5D4B,0x5D4B,0x554B,0x5D4A,0x5D4A,0x554B,0x554B,0x554B,0x554B,0x554A,0x554A,
  0x554A,0x554A,0x554A,0x554A,0x554A,0x554A,0x554A,0x554A,0x554A,0x554A,0x554A,0x5D2B,0x550A,0x550A,0x5CCB,0x0921,
  0x0000,0x0000,0x3B27,0x654C,0x54EA,0x550A,0x554A,0x554A,0x5549,0x552A,0x552A,0x552B,0x554A,0x554A,0x5549,0x5D4A,
  0x554A,0x554A,0x554A,0x554A,0x554A,0x554A,0x554A,0x554A,0x554A,0x554A,0x554A,0x554A,0x554A,0x554A,0x554A,0x554A,
  0x554A,0x554A,0x554A,0x554A,0x554A,0x554A,0x554A,0x554A,0x554A,0x554A,0x554A,0x554A,0x554A,0x554A,0x554A,0x554A,
  0x554A,0x554A,0x554A,0x554A,0x554A,0x554A,0x554A,0x554A,0x554A,0x554A,0x554B,0x554B,0x5D4A,0x5D4A,0x5D4A,0x656C,
  0x5C0B,0x0040,0x0000,0x00E5,0x3D57,0x1E3C,0x0E5D,0x0E5D,0x0E3C,0x2E3B,0x1BF1,0x0041,0x0000,0x21C4,0x64EC,0x5D2C,
  0x6D2D,0x10E2,0x0000,0x0000,0x2BD1,0x2E3C,0x163C,0x0E5D,0x0E3C,0x1E3C,0x3D78,0x0905,0x0000,0x0060,0x4BC9,0x654C,
  0x5D4A,0x5D4A,0x5D4B,0x554B,0x5D4B,0x5D4B,0x5D4B,0x554B,0x5D4A,0x5D4A,0x554B,0x554B,0x554B,0x554B,0x554A,0x554A,
  0x554A,0x554A,0x554A,0x554A,0x554A,0x554A,0x554A,0x554A,0x554A,0x554A,0x552A,0x5D2B,0x552B,0x550A,0x5CCB,0x1142,
  0x0000,0x0000,0x4B48,0x6D4D,0x5CEB,0x5D0B,0x552A,0x554A,0x554A,0x5D2A,0x5D2B,0x5D2B,0x552B,0x554A,0x554A,0x554A,
  0x554A,0x554A,0x554A,0x554A,0x554A,0x554A,0x554A,0x554A,0x554A,0x554A,0x554A,0x554A,0x554A,0x554A,0x554A,0x554A,
  0x554A,0x554A,0x554A,0x554A,0x554A,0x554A,0x554A,0x554A,0x554A,0x554A,0x554A,0x554A,0x554A,0x554A,0x554A,0x554A,
  0x554A,0x554A,0x554A,0x554A,0x554A,0x554A,0x554A,0x554A,0x554A,0x554A,0x554B,0x554B,0x5D4A,0x5D4A,0x5D4A,0x656C,
  0x5C2B,0x0040,0x0000,0x00E5,0x3D57,0x1E3C,0x0E5D,0x0E5D,0x0E3C,0x2E3B,0x1BF1,0x0041,0x0000,0x21C4,0x64EC,0x5D2C,
  0x6D2D,0x10C2,0x0000,0x0000,0x23D1,0x2E1C,0x0E3C,0x0E5D,0x0E3C,0x1E3C,0x3D78,0x0905,0x0000,0x0060,0x4BC9,0x654C,
  0x5D4A,0x5D4A,0x5D4B,0x554B,0x5D4B,0x5D4B,0x5D4B,0x554B,0x5D4A,0x5D4A,0x554B,0x554B,0x554B,0x554B,0x554A,0x554A,
  0x554A,0x554A,0x554A,0x554A,0x554A,0x554A,0x554A,0x554A,0x554A,0x554A,0x552A,0x5D2B,0x550A,0x5D2B,0x5CCB,0x1122,
  0x0000,0x0000,0x42E8,0x6CCD,0x5C4B,0x54AA,0x552A,0x5529,0x554A,0x552A,0x5D2B,0x552B,0x552B,0x5D2A,0x5D4A,0x554A,
  0x554A,0x554A,0x554A,0x554A,0x554A,0x554A,0x554A,0x554A,0x554A,0x554A,0x554A,0x554A,0x554A,0x554A,0x554A,0x554A,
  0x554A,0x554A,0x554A,0x554A,0x554A,0x554A,0x554A,0x554A,0x554A,0x554A,0x554A,0x554A,0x554A,0x554A,0x554A,0x554A,
  0x554A,0x554A,0x554A,0x554A,0x554A,0x554A,0x554A,0x554A,0x554A,0x554A,0x554B,0x554B,0x5D4A,0x5D4A,0x5D4B,0x656C,
  0x5C2B,0x0060,0x0020,0x0105,0x3D57,0x1E5C,0x0E5D,0x0E5D,0x163C,0x2E5C,0x1C11,0x0041,0x0000,0x21C4,0x64EC,0x5D2C,
  0x6D2D,0x10C2,0x0000,0x0000,0x23D1,0x2E1B,0x0E3C,0x0E5D,0x0E3C,0x1E3C,0x3D78,0x0905,0x0000,0x0060,0x4BC9,0x654C,
  0x5D4A,0x5D4A,0x5D4B,0x554B,0x5D4B,0x5D4B,0x5D4B,0x554B,0x5D4A,0x5D4A,0x554B,0x554B,0x554B,0x554B,0x554A,0x554A,
  0x554A,0x554A,0x554A,0x554A,0x554A,0x554A,0x554A,0x554A,0x554A,0x554A,0x552A,0x5D2B,0x550B,0x5D2C,0x5CCC,0x1122,
  0x0000,0x0000,0x10C2,0x1963,0x1122,0x2AE5,0x5D0B,0x5529,0x5529,0x5D2A,0x552A,0x552A,0x554A,0x5D2A,0x552A,0x554A,
  0x554A,0x554A,0x554A,0x554A,0x554A,0x554A,0x554A,0x554A,0x554A,0x554A,0x554A,0x554A,0x554A,0x554A,0x554A,0x554A,
  0x554A,0x554A,0x554A,0x554A,0x554A,0x554A,0x554A,0x554A,0x554A,0x554A,0x554A,0x554A,0x554A,0x554A,0x554A,0x554A,
  0x554A,0x554A,0x554A,0x554A,0x554A,0x554A,0x554A,0x554A,0x554A,0x554A,0x554B,0x554B,0x554A,0x5D4A,0x5D4B,0x656C,
  0x5C2B,0x0060,0x0020,0x0105,0x3D57,0x1E5C,0x0E5D,0x0E5D,0x0E3C,0x2E5C,0x1C11,0x0041,0x0000,0x21C4,0x64EC,0x5D2B,
  0x6D2D,0x10C2,0x0000,0x0000,0x23D1,0x2E1B,0x0E3C,0x0E5D,0x0E3C,0x1E3C,0x3D78,0x0905,0x0000,0x0060,0x4BC9,0x654C,
  0x5D4A,0x5D4A,0x5D4B,0x554B,0x5D4B,0x5D4B,0x5D4B,0x554B,0x5D4A,0x5D4A,0x554B,0x554B,0x554B,0x554B,0x554A,0x554A,
  0x554A,0x554A,0x554A,0x554A,0x554A,0x554A,0x554A,0x554A,0x554A,0x554A,0x552A,0x5D2B,0x550B,0x5D0B,0x5CAC,0x1102,
  0x0000,0x0000,0x0000,0x0000,0x0000,0x2204,0x6D2C,0x5D2B,0x5D2A,0x5D2A,0x552A,0x554A,0x554A,0x554A,0x554A,0x552B,
  0x554A,0x554A,0x554A,0x554A,0x554A,0x554A,0x554A,0x554A,0x554A,0x554A,0x554A,0x554A,0x554A,0x554A,0x554A,0x554A,
  0x554A,0x554A,0x554A,0x554A,0x554A,0x554A,0x554A,0x554A,0x554A,0x554A,0x554A,0x554A,0x554A,0x554A,0x554A,0x554A,
  0x554A,0x554A,0x554A,0x554A,0x554A,0x554A,0x554A,0x554A,0x554A,0x554A,0x554B,0x554B,0x554A,0x554A,0x554A,0x656C,
  0x5C4C,0x0060,0x0000,0x0105,0x3D57,0x1E5C,0x0E5D,0x0E5D,0x0E3C,0x2E5C,0x2411,0x0041,0x0000,0x21C4,0x64EC,0x5D2B,
  0x6D2D,0x10E2,0x0000,0x0000,0x2BF1,0x2E3C,0x163C,0x0E5D,0x0E3C,0x1E3C,0x3D78,0x0905,0x0000,0x0080,0x4BC9,0x654C,
  0x5D2A,0x5D4A,0x5D4B,0x5D4B,0x554B,0x5D4B,0x5D4B,0x554B,0x5D4A,0x5D4B,0x554B,0x554B,0x554B,0x554B,0x554A,0x554A,
  0x554A,0x554A,0x554A,0x554A,0x554A,0x554A,0x554A,0x554A,0x554A,0x554A,0x552A,0x5D2B,0x550B,0x5D0B,0x64CC,0x1102,
  0x0000,0x0000,0x0020,0x0060,0x0020,0x2A04,0x750D,0x6D2D,0x650C,0x5D0B,0x5D2A,0x554A,0x4D4A,0x554A,0x552A,0x5D2A,
  0x554A,0x554A,0x554A,0x554A,0x554A,0x554A,0x554A,0x554A,0x554A,0x554A,0x554A,0x554A,0x554A,0x554A,0x554A,0x554A,
  0x554A,0x554A,0x554A,0x554A,0x554A,0x554A,0x554A,0x554A,0x554A,0x554A,0x554A,0x554A,0x554A,0x554A,0x554A,0x554A,
  0x554A,0x554A,0x554A,0x554A,0x554A,0x554A,0x554A,0x554A,0x554A,0x554A,0x554B,0x554A,0x554A,0x554A,0x554A,0x656C,
  0x5C4C,0x0040,0x0000,0x0105,0x3D57,0x1E5C,0x0E5D,0x0E5D,0x0E3C,0x2E5C,0x2412,0x0041,0x0000,0x21C4,0x64EC,0x5D2C,
  0x6D2D,0x10E2,0x0000,0x0000,0x2BF1,0x2E3C,0x163C,0x0E5D,0x0E3C,0x1E3C,0x3D78,0x0905,0x0000,0x0080,0x4BC9,0x654C,
  0x552A,0x5D4A,0x5D4B,0x554B,0x554B,0x5D4B,0x5D4B,0x554B,0x5D4A,0x5D4A,0x554B,0x554B,0x554B,0x554B,0x554A,0x554A,
  0x554A,0x554A,0x554A,0x554A,0x554A,0x554A,0x554A,0x554A,0x554A,0x554A,0x552A,0x552B,0x5D2B,0x5D0B,0x64CC,0x1102,
  0x0000,0x0000,0x4287,0x640A,0x63EA,0x4B48,0x21E4,0x19A3,0x2AA5,0x64EC,0x654C,0x5D4A,0x554A,0x554A,0x5529,0x5D4A,
  0x554A,0x554A,0x554A,0x554A,0x554A,0x554A,0x554A,0x554A,0x554A,0x554A,0x554A,0x554A,0x554A,0x554A,0x554A,0x554A,
  0x554A,0x554A,0x554A,0x554A,0x554A,0x554A,0x554A,0x554A,0x554A,0x554A,0x554A,0x554A,0x554A,0x554A,0x554A,0x554A,
  0x554A,0x554A,0x554A,0x554A,0x554A,0x554A,0x554A,0x554A,0x554A,0x554A,0x554B,0x554A,0x554A,0x554A,0x554A,0x656C,
  0x5C2C,0x0040,0x0000,0x0105,0x3D57,0x1E3C,0x0E5D,0x0E5D,0x0E3C,0x2E5C,0x2412,0x0041,0x0000,0x21E4,0x64EC,0x654C,
  0x6D4E,0x10E2,0x0000,0x0000,0x2BF1,0x2E3C,0x163C,0x0E5D,0x0E3C,0x1E3C,0x3D78,0x0905,0x0000,0x0080,0x4BC9,0x654C,
  0x552A,0x5D4A,0x552A,0x554B,0x554A,0x5D4A,0x5D4B,0x554B,0x5D4A,0x5D4A,0x554B,0x554B,0x554B,0x554B,0x554A,0x554A,
  0x5D6A,0x554A,0x554A,0x554A,0x554A,0x554A,0x554B,0x554B,0x554A,0x554A,0x554A,0x5D2B,0x552B,0x5D0B,0x64CC,0x1102,
  0x0000,0x0000,0x5BEA,0x964F,0x95EF,0x63EA,0x0060,0x0000,0x1162,0x6CCC,0x652C,0x5D2B,0x552A,0x554A,0x5529,0x5529,
  0x554A,0x554A,0x554A,0x554A,0x554A,0x554A,0x554A,0x554A,0x554A,0x554A,0x554A,0x554A,0x554A,0x554A,0x554A,0x554A,
  0x554A,0x554A,0x554A,0x554A,0x554A,0x554A,0x554A,0x554A,0x554A,0x554A,0x554A,0x554A,0x554A,0x554A,0x554A,0x554A,
  0x554A,0x554A,0x554A,0x554A,0x554A,0x554A,0x554A,0x554A,0x554A,0x554A,0x554A,0x554A,0x554A,0x554A,0x554A,0x656C,
  0x5C2C,0x0040,0x0000,0x0105,0x3D57,0x1E3C,0x0E5C,0x0E5D,0x0E3C,0x2E5C,0x2412,0x0041,0x0000,0x21E4,0x650C,0x654C,
  0x754E,0x10E2,0x0000,0x0000,0x2BF1,0x2E5C,0x163D,0x0E5D,0x0E3C,0x1E3C,0x3D78,0x0905,0x0000,0x0060,0x4BA9,0x654C,
  0x552A,0x552A,0x552A,0x554B,0x554A,0x5D4A,0x5D4B,0x554B,0x554A,0x554A,0x554B,0x554B,0x554B,0x554B,0x554A,0x554A,
  0x5D6A,0x5D6A,0x554A,0x554A,0x554A,0x554A,0x5D4B,0x5D4B,0x554B,0x554A,0x554A,0x5D2A,0x552A,0x5D2B,0x64CC,0x1102,
  0x0000,0x0000,0x53A8,0x7DEB,0x7D8B,0x5BC8,0x0880,0x0000,0x1983,0x6CEC,0x652B,0x5D2B,0x5D2B,0x554A,0x554A,0x5529,
  0x554A,0x554A,0x554A,0x554A,0x554A,0x554A,0x554A,0x554A,0x554A,0x554A,0x554A,0x554A,0x554A,0x554A,0x554A,0x554A,
  0x554A,0x554A,0x554A,0x554A,0x554A,0x554A,0x554A,0x554A,0x554A,0x554A,0x554A,0x554A,0x554A,0x554A,0x554A,0x554A,
  0x554A,0x554A,0x554A,0x554A,0x554A,0x554A,0x554A,0x554A,0x554A,0x554A,0x554A,0x554A,0x554A,0x554A,0x554A,0x656C,
  0x5C2C,0x0040,0x0000,0x0105,0x3D57,0x1E3B,0x0E5C,0x0E5D,0x0E3C,0x365C,0x2432,0x0041,0x0000,0x21E4,0x650D,0x654C,
  0x756E,0x10E2,0x0000,0x0000,0x2BF1,0x2E5C,0x163D,0x0E5D,0x0E3C,0x1E3C,0x3D78,0x0905,0x0000,0x0060,0x4BA9,0x652C,
  0x552A,0x552A,0x552A,0x552A,0x554A,0x5D2A,0x5D2A,0x554B,0x554A,0x554A,0x554B,0x554B,0x554B,0x554B,0x554A,0x554A,
  0x5D6A,0x5D6A,0x5D6A,0x554A,0x554A,0x554A,0x5D4B,0x5D4B,0x554B,0x556A,0x554A,0x554A,0x552A,0x5D2B,0x5CCC,0x1102,
  0x0000,0x0000,0x53C8,0x7DEA,0x7DAB,0x5BC7,0x0060,0x0000,0x1983,0x650C,0x656B,0x5D2A,0x5D2B,0x5D2A,0x554A,0x554A,
  0x554A,0x554A,0x554A,0x554A,0x554A,0x554A,0x554A,0x554A,0x554A,0x554A,0x554A,0x554A,0x554A,0x554A,0x554A,0x554A,
  0x554A,0x554A,0x554A,0x554A,0x554A,0x554A,0x554A,0x554A,0x554A,0x554A,0x554A,0x554A,0x554A,0x554A,0x554A,0x554A,
  0x554A,0x554A,0x554A,0x554A,0x554A,0x554A,0x554A,0x554A,0x554A,0x554A,0x554A,0x554A,0x554A,0x554A,0x552A,0x654C,
  0x5C2B,0x0040,0x0000,0x0105,0x3D57,0x1E3B,0x0E5C,0x0E5D,0x0E3C,0x365C,0x2432,0x0041,0x0000,0x21E4,0x6D2D,0x656C,
  0x758E,0x10E2,0x0000,0x0000,0x2BF1,0x2E5C,0x163D,0x0E5D,0x0E5C,0x1E3C,0x3D78,0x0925,0x0000,0x0060,0x43A8,0x652C,
  0x552A,0x552A,0x552A,0x554B,0x552A,0x5D2A,0x5D2A,0x554A,0x554A,0x554A,0x5D4B,0x5D4B,0x5D4B,0x5D4B,0x554A,0x554A,
  0x5D6A,0x5D4A,0x5D4A,0x554A,0x554A,0x552A,0x5D4B,0x5D4B,0x552B,0x554A,0x554A,0x554A,0x552A,0x5D2B,0x5CCB,0x1122,
  0x0000,0x0000,0x53A8,0x7DEA,0x7DAA,0x5BC7,0x0860,0x0000,0x19A3,0x652B,0x5D4A,0x5D2A,0x5D0B,0x5D0A,0x554B,0x4D2A,
  0x554A,0x554A,0x554A,0x554A,0x554A,0x554A,0x554A,0x554A,0x554A,0x554A,0x554A,0x554A,0x554A,0x554A,0x554A,0x554A,
  0x554A,0x554A,0x554A,0x554A,0x554A,0x554A,0x554A,0x554A,0x554A,0x554A,0x554A,0x554A,0x554A,0x554A,0x554A,0x554A,
  0x554A,0x554A,0x554A,0x554A,0x554A,0x554A,0x554A,0x554A,0x552A,0x552A,0x5D4B,0x552A,0x552A,0x5D2B,0x550A,0x654C,
  0x540B,0x0040,0x0000,0x0105,0x3D36,0x1E3C,0x0E5D,0x0E5D,0x0E5C,0x367C,0x2412,0x0041,0x0000,0x21E4,0x6D2C,0x656C,
  0x756E,0x10C2,0x0000,0x0000,0x2431,0x2E9C,0x167D,0x0E7D,0x0E5C,0x265C,0x4558,0x08E5,0x0000,0x0080,0x43A8,0x652B,
  0x5D2A,0x5D2A,0x5D2A,0x5D4B,0x552B,0x5D2B,0x5D2B,0x554A,0x552A,0x552A,0x5D4B,0x5D2B,0x5D2B,0x5D4B,0x554A,0x556A,
  0x5D6A,0x654A,0x6D8C,0x6D6C,0x654C,0x6D6D,0x6D4C,0x656C,0x658D,0x656C,0x656C,0x654C,0x5D4A,0x5D4B,0x650C,0x1122,
  0x0000,0x0000,0x4BA7,0x7DEA,0x7DA9,0x53A6,0x0040,0x0000,0x1963,0x6D2D,0x654B,0x654B,0x5D2B,0x550A,0x550A,0x554A,
  0x554A,0x554A,0x554A,0x554A,0x554A,0x554A,0x554A,0x554A,0x554A,0x554A,0x554A,0x554A,0x554A,0x554A,0x554A,0x554A,
  0x554A,0x554A,0x554A,0x554A,0x554A,0x554A,0x554A,0x554A,0x554A,0x554A,0x554A,0x554A,0x554A,0x554A,0x554A,0x554A,
  0x554A,0x554A,0x554A,0x554A,0x554A,0x554A,0x554A,0x554A,0x554A,0x554A,0x552A,0x5D4A,0x5D2B,0x5D2B,0x552B,0x5D4C,
  0x5C0B,0x0040,0x0000,0x0105,0x3D16,0x1E1B,0x0E5C,0x0E5C,0x0E5C,0x367C,0x2412,0x0042,0x0000,0x21E4,0x6D2C,0x658C,
  0x758E,0x10E2,0x0000,0x0000,0x2C52,0x269D,0x167D,0x0E9D,0x0E5C,0x1E5C,0x3D58,0x08E4,0x0000,0x0080,0x4BA8,0x652C,
  0x552A,0x5D4A,0x5D4A,0x5D4B,0x552B,0x5D2B,0x5D2B,0x554A,0x552A,0x552A,0x554A,0x5D2B,0x5D2B,0x5D4B,0x554A,0x554A,
  0x5D6B,0x652B,0x5429,0x5429,0x542A,0x5C2B,0x5C2A,0x5C4A,0x544A,0x544A,0x5C6A,0x548A,0x654B,0x5D4B,0x652D,0x1122,
  0x0000,0x0000,0x53A8,0x860B,0x7DC9,0x5426,0x1982,0x1902,0x3225,0x5C2A,0x5429,0x4C49,0x5CCB,0x5D2B,0x552A,0x4C89,
  0x554A,0x554A,0x554A,0x554A,0x554A,0x554A,0x554A,0x554A,0x554A,0x554A,0x554A,0x554A,0x554A,0x554A,0x554A,0x554A,
  0x554A,0x554A,0x554A,0x554A,0x554A,0x554A,0x554A,0x554A,0x554A,0x554A,0x554A,0x554A,0x554A,0x554A,0x554A,0x554A,
  0x554A,0x554A,0x554A,0x554A,0x554A,0x554A,0x554A,0x554A,0x554A,0x554A,0x552A,0x552A,0x5D4B,0x552B,0x552A,0x5D4C,
  0x5C0B,0x0040,0x0000,0x00E5,0x34F6,0x1E1B,0x0E3C,0x0E5C,0x0E5B,0x367C,0x2432,0x0042,0x0000,0x2204,0x6D4D,0x658D,
  0x758E,0x10E2,0x0000,0x0000,0x2C32,0x2E7D,0x165D,0x0E9E,0x0E7D,0x1E5C,0x3D77,0x0125,0x0000,0x0060,0x4B89,0x5D0C,
  0x4D2A,0x554A,0x554A,0x552A,0x552B,0x552B,0x552B,0x552B,0x552B,0x554A,0x554A,0x554A,0x5D2A,0x554A,0x556A,0x554A,
  0x656C,0x5CAB,0x00E0,0x0060,0x0080,0x00A0,0x0080,0x0080,0x00A0,0x00C0,0x00C0,0x19E2,0x650C,0x6D6C,0x6D2C,0x1142,
  0x0000,0x0000,0x5BC9,0x860B,0x75C8,0x7DAA,0x7D2A,0x958E,0x746B,0x08E0,0x00C0,0x00A0,0x4BC9,0x550B,0x5D2C,0x22C4,
  0x554A,0x554A,0x554A,0x554A,0x554A,0x554A,0x554A,0x554A,0x554A,0x554A,0x554A,0x554A,0x554A,0x554A,0x554A,0x554A,
  0x554A,0x554A,0x554A,0x554A,0x554A,0x554A,0x554A,0x554A,0x554A,0x554A,0x554A,0x554A,0x554A,0x554A,0x554A,0x554A,
  0x554A,0x554A,0x554A,0x554A,0x554A,0x554A,0x554A,0x554A,0x554A,0x554A,0x556A,0x554A,0x554A,0x552A,0x552B,0x652C,
  0x5C2C,0x0040,0x0000,0x00C4,0x34D5,0x161B,0x063C,0x063B,0x0E5B,0x2E7C,0x2432,0x0042,0x0000,0x29E4,0x6D2D,0x6D6D,
  0x756E,0x10E2,0x0020,0x0000,0x2C32,0x2E7D,0x165E,0x0E9E,0x0E7D,0x1E7D,0x3D98,0x0906,0x0000,0x0040,0x53AA,0x6D0D,
  0x5D2B,0x552A,0x552A,0x552A,0x552B,0x554A,0x554A,0x554B,0x554B,0x554A,0x554A,0x554A,0x552A,0x554A,0x554A,0x552A,
  0x654C,0x648C,0x08C1,0x0000,0x0020,0x0020,0x0000,0x0000,0x0000,0x0040,0x0000,0x1162,0x752D,0x6D4C,0x6D2C,0x1142,
  0x0000,0x0000,0x5BA9,0x8E2C,0x75E9,0x75E9,0x7DAA,0x8DCC,0x748B,0x08A0,0x0020,0x0000,0x4B8A,0x652D,0x650C,0x2A84,
  0x554A,0x554A,0x554A,0x554A,0x554A,0x554A,0x554A,0x554A,0x554A,0x554A,0x554A,0x554A,0x554A,0x554A,0x554A,0x554A,
  0x554A,0x554A,0x554A,0x554A,0x554A,0x554A,0x554A,0x554A,0x554A,0x554A,0x554A,0x554A,0x554A,0x554A,0x554A,0x554A,
  0x554A,0x554A,0x554A,0x554A,0x554A,0x554A,0x554A,0x554A,0x554A,0x554A,0x554A,0x554A,0x552A,0x5D0B,0x5CAB,0x64CC,
  0x540D,0x00E3,0x00A3,0x0187,0x2D16,0x161B,0x063C,0x063C,0x0E3B,0x2E7C,0x2412,0x0042,0x0000,0x29E4,0x6D2D,0x6D6C,
  0x756D,0x10E2,0x0020,0x0000,0x2C32,0x2E7E,0x165E,0x0E9E,0x0E9E,0x1E7D,0x2DB9,0x01A8,0x00A4,0x00C2,0x43AB,0x6CCE,
  0x5C8B,0x5CEB,0x550A,0x552A,0x552A,0x554A,0x554A,0x554B,0x554B,0x554A,0x554A,0x5D2A,0x552B,0x552B,0x554A,0x552A,
  0x654C,0x644C,0x08A1,0x0000,0x0000,0x0060,0x0880,0x0880,0x08A0,0x08A0,0x00A0,0x19A2,0x74ED,0x7D4E,0x7D2E,0x1942,
  0x0000,0x0000,0x5BA9,0x8E2C,0x7DE9,0x75E8,0x75C9,0x8E0B,0x74CA,0x08A0,0x0020,0x0000,0x536A,0x74EE,0x6CCD,0x2A64,
  0x554A,0x554A,0x554A,0x554A,0x554A,0x554A,0x554A,0x554A,0x554A,0x554A,0x554A,0x554A,0x554A,0x554A,0x554A,0x554A,
  0x554A,0x554A,0x554A,0x554A,0x554A,0x554A,0x554A,0x554A,0x554A,0x554A,0x554A,0x554A,0x554A,0x554A,0x554A,0x554A,
  0x554A,0x554A,0x554A,0x554A,0x554A,0x554A,0x554A,0x554A,0x554A,0x554A,0x5D2B,0x5D2A,0x5D0B,0x4367,0x1142,0x1143,
  0x1249,0x3C93,0x24D5,0x1517,0x1DDB,0x0E1C,0x0E3C,0x0E1C,0x0E1B,0x2E5B,0x1C12,0x0042,0x0000,0x21E4,0x6D2C,0x656C,
  0x756D,0x10E1,0x0000,0x0000,0x2C32,0x367D,0x165E,0x0E5D,0x0E5D,0x167D,0x267C,0x1D77,0x24F5,0x3D14,0x12C9,0x1143,
  0x1122,0x3B26,0x654C,0x550A,0x552A,0x552A,0x554A,0x554A,0x554B,0x552B,0x552A,0x552B,0x552B,0x552B,0x554B,0x552A,
  0x5D2C,0x644C,0x0881,0x0000,0x0000,0x4B09,0x6CCB,0x64AA,0x6CAA,0x6CA9,0x74CA,0x642A,0x2A04,0x21C4,0x29C4,0x0080,
  0x0020,0x0000,0x5B88,0x8E0C,0x7DE9,0x75E9,0x75C9,0x860B,0x6CCA,0x08C0,0x0020,0x0020,0x1102,0x1963,0x1123,0x3AA6,
  0x554A,0x554A,0x554A,0x554A,0x554A,0x554A,0x554A,0x554A,0x554A,0x554A,0x554A,0x554A,0x554A,0x554A,0x554A,0x554A,
  0x554A,0x554A,0x554A,0x554A,0x554A,0x554A,0x554A,0x554A,0x554A,0x554A,0x554A,0x554A,0x554A,0x554A,0x554A,0x554A,
  0x554A,0x554A,0x554A,0x554A,0x554A,0x554A,0x554A,0x554A,0x554A,0x552A,0x552A,0x5D0B,0x652C,0x42E7,0x0000,0x0000,
  0x01C8,0x4DD9,0x2DFA,0x261B,0x1E1C,0x161B,0x15FB,0x15FB,0x15FA,0x361A,0x23D1,0x0041,0x0000,0x29C4,0x64CC,0x652B,
  0x752D,0x10C1,0x0000,0x0001,0x2C12,0x367C,0x1E5D,0x167D,0x167D,0x167D,0x167C,0x26BC,0x367B,0x4E79,0x0ACA,0x0000,
  0x0000,0x3286,0x6D6D,0x552B,0x552A,0x554A,0x5D2A,0x5D2A,0x5D2A,0x5D2A,0x552B,0x552B,0x552B,0x552B,0x554A,0x552A,
  0x5D2C,0x5C4C,0x08A1,0x0000,0x0000,0x63EB,0x860E,0x7E0C,0x860C,0x7E0A,0x964D,0x7D0C,0x0080,0x0000,0x0000,0x0000,
  0x0040,0x0000,0x53A8,0x862B,0x75C8,0x75E8,0x75E8,0x862A,0x6CC9,0x08C0,0x0040,0x0040,0x0020,0x0000,0x0000,0x42E7,
  0x554A,0x554A,0x554A,0x554A,0x554A,0x554A,0x554A,0x554A,0x554A,0x554A,0x554A,0x554A,0x554A,0x554A,0x554A,0x554A,
  0x554A,0x554A,0x554A,0x554A,0x554A,0x554A,0x554A,0x554A,0x554A,0x554A,0x554A,0x554A,0x554A,0x554A,0x554A,0x554A,
  0x554A,0x554A,0x554A,0x554A,0x554A,0x554A,0x554A,0x554A,0x552A,0x5D2A,0x5D4B,0x5D2B,0x652C,0x4308,0x0000,0x0000,
  0x0A09,0x55D8,0x3DD9,0x361A,0x361B,0x3E1B,0x3DFA,0x3DFA,0x35F9,0x55F9,0x33D0,0x0041,0x0000,0x21A4,0x64AB,0x650B,
  0x6D0D,0x10C1,0x0000,0x0001,0x3C12,0x567B,0x3E5B,0x3E7C,0x3E7C,0x367C,0x367C,0x367B,0x3E5B,0x5659,0x1AEB,0x0021,
  0x0000,0x3A87,0x6D4E,0x552B,0x5D4B,0x5D4A,0x5D2A,0x5D2A,0x5D2A,0x5D2A,0x554A,0x554B,0x552B,0x552B,0x552A,0x552A,
  0x5D2B,0x544B,0x08E1,0x0040,0x0000,0x5BC9,0x7DED,0x75EB,0x75CA,0x6DA7,0x7DEA,0x6CE9,0x08E0,0x0060,0x0040,0x0040,
  0x0040,0x0000,0x53C8,0x862A,0x75E8,0x75E8,0x75E8,0x862A,0x6CC9,0x08C0,0x0020,0x0040,0x0040,0x0060,0x0020,0x4306,
  0x554A,0x554A,0x554A,0x554A,0x554A,0x554A,0x554A,0x554A,0x554A,0x554A,0x554A,0x554A,0x554A,0x554A,0x554A,0x554A,
  0x554A,0x554A,0x554A,0x554A,0x554A,0x554A,0x554A,0x554A,0x554A,0x554A,0x554A,0x554A,0x554A,0x554A,0x554A,0x554A,
  0x554A,0x554A,0x554A,0x554A,0x554A,0x554A,0x554A,0x554A,0x5D4A,0x5D4A,0x556B,0x554B,0x654C,0x4348,0x0020,0x0000,
  0x0904,0x32CC,0x2ACC,0x2AED,0x22ED,0x22CD,0x2ACD,0x2ACD,0x22ED,0x2AED,0x21E9,0x0020,0x0000,0x21A4,0x64CC,0x5D0C,
  0x6D2E,0x10E2,0x0000,0x0000,0x2208,0x332D,0x2AEC,0x2B0D,0x2B0D,0x2B2D,0x2B2D,0x2B4D,0x2B2D,0x332D,0x1186,0x0041,
  0x0000,0x3AA7,0x6D4E,0x554B,0x556A,0x5D6A,0x5D4A,0x5D4A,0x5D4A,0x5D4A,0x554A,0x552A,0x552B,0x552B,0x552A,0x552A,
  0x552B,0x5CCB,0x3B68,0x3B27,0x3AE6,0x32C6,0x3AC7,0x3AA6,0x5C48,0x75A9,0x75C9,0x756A,0x43A5,0x4B87,0x5B8A,0x10A2,
  0x0000,0x0000,0x53E7,0x864A,0x75E8,0x7609,0x75E9,0x862B,0x74CA,0x08A1,0x0020,0x0080,0x4B07,0x5BE9,0x4BA5,0x64C8,
  0x554A,0x554A,0x554A,0x554A,0x554A,0x554A,0x554A,0x554A,0x554A,0x554A,0x554A,0x554A,0x554A,0x554A,0x554A,0x554A,
  0x554A,0x554A,0x554A,0x554A,0x554A,0x554A,0x554A,0x554A,0x554A,0x554A,0x554A,0x554A,0x554A,0x554A,0x554A,0x554A,
  0x554A,0x554A,0x554A,0x554A,0x554A,0x554A,0x554A,0x554A,0x554A,0x554A,0x556B,0x556B,0x656C,0x4B48,0x0020,0x0040,
  0x0020,0x0000,0x0000,0x0000,0x0000,0x0000,0x0000,0x0000,0x0000,0x0000,0x0000,0x0020,0x0000,0x21C4,0x64CC,0x5D0C,
  0x650D,0x10E2,0x0000,0x0020,0x0000,0x0000,0x0000,0x0000,0x0000,0x0000,0x0000,0x0000,0x0000,0x0000,0x0000,0x0061,
  0x0020,0x32A6,0x6D4D,0x5D4B,0x556A,0x5D6A,0x556A,0x556A,0x556A,0x5D4A,0x5D2A,0x5D2A,0x5D2A,0x5D2A,0x552A,0x552A,
  0x550A,0x552B,0x652D,0x64ED,0x6D0D,0x11C2,0x0000,0x0000,0x3284,0x7D8B,0x7569,0x75AA,0x7DCA,0x85CC,0x856E,0x1922,
  0x0000,0x0000,0x53E8,0x864A,0x75E9,0x75E9,0x75E9,0x862B,0x74AA,0x08C1,0x0020,0x0080,0x74CB,0x962D,0x7DCA,0x7DEB,
  0x554A,0x554A,0x554A,0x554A,0x554A,0x554A,0x554A,0x554A,0x554A,0x554A,0x554A,0x554A,0x554A,0x554A,0x554A,0x554A,
  0x554A,0x554A,0x554A,0x554A,0x554A,0x554A,0x554A,0x554A,0x554A,0x554A,0x554A,0x554A,0x554A,0x554A,0x554A,0x554A,
  0x554A,0x554A,0x554A,0x554A,0x554A,0x554A,0x554A,0x554A,0x554A,0x554A,0x554A,0x5D4B,0x654C,0x3B07,0x0000,0x0000,
  0x0000,0x0000,0x0000,0x0000,0x0000,0x0000,0x0000,0x0000,0x0000,0x0000,0x0000,0x0000,0x0000,0x19A3,0x64CC,0x5D0C,
  0x650D,0x08A1,0x0000,0x0000,0x0000,0x0000,0x0000,0x0000,0x0000,0x0000,0x0000,0x0000,0x0000,0x0000,0x0000,0x0000,
  0x0000,0x2A85,0x6D6D,0x656B,0x5D6A,0x5D6A,0x556A,0x556A,0x556A,0x554A,0x554A,0x5D2A,0x5D2A,0x5D2A,0x5D2A,0x552A,
  0x552A,0x552A,0x4D0A,0x54EB,0x64EC,0x11C2,0x0000,0x0000,0x42E7,0x8DCE,0x85AC,0x7DAB,0x6D88,0x75A9,0x6D2A,0x08E1,
  0x0000,0x0000,0x53C7,0x864B,0x75C8,0x75E9,0x75C9,0x860B,0x6CA9,0x0080,0x0000,0x0040,0x64A8,0x862A,0x75C8,0x7E0B,
  0x554A,0x554A,0x554A,0x554A,0x554A,0x554A,0x554A,0x554A,0x554A,0x554A,0x554A,0x554A,0x554A,0x554A,0x554A,0x554A,
  0x554A,0x554A,0x554A,0x554A,0x554A,0x554A,0x554A,0x554A,0x554A,0x554A,0x554A,0x554A,0x554A,0x554A,0x554A,0x554A,
  0x554A,0x554A,0x554A,0x554A,0x554A,0x554A,0x554A,0x554A,0x554A,0x5549,0x5D4B,0x5D4B,0x656C,0x43C9,0x19A4,0x21A4,
  0x21A4,0x21A4,0x2184,0x2183,0x2183,0x2183,0x1983,0x1963,0x1983,0x1963,0x2164,0x21A3,0x1963,0x2AA5,0x5CCB,0x5D0B,
  0x652C,0x2A05,0x1943,0x1963,0x1983,0x2163,0x2163,0x2184,0x2184,0x2184,0x2184,0x2184,0x21A4,0x2184,0x21A3,0x21C4,
  0x1983,0x3B67,0x6D8C,0x654A,0x6549,0x5D4A,0x554A,0x556A,0x554A,0x554A,0x554A,0x554A,0x552A,0x5D2B,0x5D2B,0x5D0A,
  0x550A,0x552A,0x552A,0x54EA,0x5CEB,0x2A84,0x1963,0x2164,0x3246,0x5389,0x5368,0x5C07,0x7569,0x6DA9,0x7569,0x3264,
  0x2184,0x2184,0x5C48,0x7E0A,0x75C8,0x75C8,0x75C8,0x7E0A,0x7529,0x3244,0x29C4,0x2243,0x6D29,0x860B,0x7DCA,0x64C9,
  0x554A,0x554A,0x554A,0x554A,0x554A,0x554A,0x554A,0x554A,0x554A,0x554A,0x554A,0x554A,0x554A,0x554A,0x554A,0x554A,
  0x554A,0x554A,0x554A,0x554A,0x554A,0x554A,0x554A,0x554A,0x554A,0x554A,0x554A,0x554A,0x554A,0x554A,0x554A,0x554A,
  0x554A,0x554A,0x554A,0x554A,0x554A,0x554A,0x554A,0x554A,0x554A,0x552A,0x5D4B,0x5D4B,0x5D4B,0x654D,0x6D6E,0x756E,
  0x756E,0x756E,0x756E,0x756D,0x754D,0x6D2D,0x6D2D,0x6D2D,0x6D0D,0x6D0E,0x752E,0x6D2D,0x6D2D,0x650C,0x5D0B,0x550B,
  0x5D0B,0x6D2D,0x6D2D,0x6D0D,0x6D2D,0x6D2D,0x6D0D,0x754E,0x754E,0x754E,0x754E,0x754E,0x754E,0x756E,0x6D4D,0x6D6E,
  0x6D6D,0x656C,0x5D4B,0x5D4A,0x5D4A,0x5D4A,0x554A,0x554A,0x554A,0x554A,0x554A,0x554B,0x552B,0x552B,0x552B,0x552A,
  0x552A,0x552A,0x552A,0x552A,0x5D0B,0x650B,0x64EC,0x7D70,0x21C4,0x0000,0x0000,0x1161,0x756A,0x75A9,0x7589,0x85AC,
  0x85CD,0x85EC,0x75CA,0x75A9,0x75C8,0x75C8,0x75C8,0x75C9,0x85CA,0x8DEC,0x8E0D,0x8E0C,0x7DEB,0x75A9,0x8E2C,0x32E4,
  0x554A,0x554A,0x554A,0x554A,0x554A,0x554A,0x554A,0x554A,0x554A,0x554A,0x554A,0x554A,0x554A,0x554A,0x554A,0x554A,
  0x554A,0x554A,0x554A,0x554A,0x554A,0x554A,0x554A,0x554A,0x554A,0x554A,0x554A,0x554A,0x554A,0x554A,0x554A,0x554A,
  0x554A,0x554A,0x554A,0x554A,0x554A,0x554A,0x554A,0x554A,0x554A,0x554B,0x554B,0x554B,0x554B,0x552B,0x552B,0x5D4B,
  0x5D4B,0x5D4B,0x5D4B,0x5D4B,0x5D4B,0x552B,0x552B,0x552B,0x552B,0x550B,0x550A,0x550B,0x550B,0x552B,0x552B,0x552B,
  0x552B,0x550A,0x550A,0x552A,0x550A,0x550A,0x552A,0x552B,0x552B,0x552B,0x552B,0x552B,0x552B,0x552B,0x554B,0x554B,
  0x554B,0x554B,0x554B,0x554B,0x554A,0x554A,0x554A,0x554A,0x554A,0x554A,0x554B,0x554A,0x554A,0x554A,0x554A,0x552A,
  0x552A,0x552A,0x552A,0x552A,0x552A,0x550A,0x54EB,0x6D0D,0x2204,0x0000,0x0000,0x21C3,0x754C,0x75A9,0x75A9,0x7589,
  0x6DA9,0x6DC8,0x75C8,0x75C9,0x75C9,0x75C9,0x75C9,0x75C9,0x75C9,0x75C9,0x75A9,0x75C9,0x7DE9,0x75C9,0x860C,0x3B45,
  0x554A,0x554A,0x554A,0x554A,0x554A,0x554A,0x554A,0x554A,0x554A,0x554A,0x554A,0x554A,0x554A,0x554A,0x554A,0x554A,
  0x554A,0x554A,0x554A,0x554A,0x554A,0x554A,0x554A,0x554A,0x554A,0x554A,0x554A,0x554A,0x554A,0x554A,0x554A,0x554A,
  0x554A,0x554A,0x554A,0x554A,0x554A,0x554A,0x554A,0x554A,0x554A,0x554A,0x554A,0x554A,0x554A,0x554A,0x554A,0x5D4A,
  0x5D4A,0x5D4A,0x5D4A,0x554A,0x554A,0x5D4A,0x552A,0x552A,0x552A,0x552A,0x552A,0x552A,0x552A,0x552A,0x552A,0x552A,
  0x552A,0x552A,0x552A,0x552A,0x552A,0x552A,0x552A,0x552A,0x5D4A,0x5D4A,0x5D4A,0x5D4A,0x5D4A,0x5D4A,0x5D4A,0x5D4A,
  0x5D4A,0x5D4A,0x5D4A,0x5D4A,0x554A,0x554A,0x554A,0x554A,0x554A,0x554A,0x5D4A,0x5D4A,0x554A,0x554A,0x554A,0x552A,
  0x552A,0x552A,0x552A,0x552A,0x552A,0x552A,0x550A,0x6D0D,0x2A04,0x0000,0x0000,0x21A3,0x7D6B,0x75A9,0x75C8,0x75A8,
  0x75C8,0x75C8,0x75C8,0x75C8,0x75C8,0x75C8,0x75C9,0x75C9,0x75C9,0x75C9,0x75C9,0x75C9,0x7DE9,0x75C9,0x85EC,0x4325,
  0x554A,0x554A,0x554A,0x554A,0x554A,0x554A,0x554A,0x554A,0x554A,0x554A,0x554A,0x554A,0x554A,0x554A,0x554A,0x554A,
  0x554A,0x554A,0x554A,0x554A,0x554A,0x554A,0x554A,0x554A,0x554A,0x554A,0x554A,0x554A,0x554A,0x554A,0x554A,0x554A,
  0x554A,0x554A,0x554A,0x554A,0x554A,0x554A,0x554A,0x554A,0x554A,0x554A,0x554A,0x554A,0x554A,0x554A,0x554A,0x554A,
  0x554A,0x554A,0x554A,0x554A,0x554A,0x554A,0x554A,0x554A,0x554A,0x552A,0x552A,0x552A,0x552A,0x554A,0x554A,0x554A,
  0x554A,0x552A,0x552A,0x552A,0x552A,0x552A,0x552A,0x554A,0x554A,0x554A,0x554A,0x554A,0x554A,0x5D4A,0x5D4A,0x5D4A,
  0x5D4A,0x5D4A,0x5D4A,0x5D4A,0x5D4A,0x5D4A,0x5D4A,0x5D4A,0x5D4A,0x5D4A,0x5D4A,0x5D4A,0x5D2A,0x5D2A,0x5D2A,0x5D2A,
  0x5D2A,0x5D2A,0x5D2A,0x552A,0x552A,0x552A,0x550A,0x6D4D,0x2A24,0x0000,0x0000,0x21C3,0x756B,0x75A9,0x6DC8,0x75A8,
  0x75C8,0x75C8,0x75C8,0x75C8,0x75C8,0x75C8,0x75C8,0x75C8,0x75C8,0x75E9,0x75E9,0x75E9,0x7DE9,0x75E9,0x85EC,0x4325,
  0x552A,0x552A,0x552A,0x554A,0x554A,0x554A,0x554A,0x554A,0x554A,0x554A,0x554A,0x554A,0x554A,0x554A,0x554A,0x554A,
  0x554A,0x554A,0x554A,0x554A,0x554A,0x554A,0x554A,0x554A,0x554A,0x554A,0x554A,0x554A,0x554A,0x554A,0x554A,0x554A,
  0x554A,0x554A,0x554A,0x554A,0x554A,0x554A,0x554A,0x554A,0x554A,0x554A,0x554A,0x554A,0x554A,0x554A,0x554A,0x554A,
  0x554A,0x554A,0x554A,0x554A,0x554A,0x554A,0x554A,0x554A,0x554A,0x552A,0x552A,0x554A,0x554A,0x554A,0x554A,0x554A,
  0x554A,0x554A,0x554A,0x554A,0x554A,0x554A,0x554A,0x554A,0x554A,0x554A,0x554A,0x554A,0x554A,0x5D4A,0x5D4A,0x5D4A,
  0x5D4A,0x5D4A,0x5D4A,0x5D4A,0x5D4A,0x5D4A,0x5D4A,0x5D4A,0x5D4A,0x5D4A,0x5D4A,0x5D4A,0x5D4A,0x5D2A,0x5D2A,0x5D2A,
  0x5D2A,0x5D2A,0x5D2A,0x5D2A,0x5D2A,0x552A,0x550A,0x6D2D,0x2224,0x0000,0x0000,0x19A2,0x756B,0x75C9,0x6DC8,0x75C9,
  0x75C9,0x75C9,0x75C9,0x75C8,0x75C8,0x75E9,0x75E9,0x75E9,0x75C9,0x75C9,0x75E9,0x75E9,0x75E9,0x75C9,0x860C,0x3B04,
  0x552A,0x552A,0x552A,0x552A,0x554A,0x554A,0x554A,0x554A,0x554A,0x554A,0x554A,0x554A,0x554A,0x554A,0x554A,0x554A,
  0x554A,0x554A,0x554A,0x554A,0x554A,0x554A,0x554A,0x554A,0x554A,0x554A,0x554A,0x554A,0x554A,0x552A,0x552A,0x552A,
  0x552A,0x552A,0x552A,0x552A,0x552A,0x552A,0x552A,0x552A,0x554A,0x552A,0x552A,0x552A,0x554A,0x554A,0x554A,0x554A,
  0x554A,0x554A,0x554A,0x554A,0x554A,0x554B,0x552A,0x552A,0x552A,0x552A,0x552A,0x554B,0x554B,0x554B,0x554B,0x554B,
  0x554B,0x552B,0x552B,0x552B,0x552B,0x552B,0x552B,0x552A,0x552A,0x552A,0x552B,0x552B,0x552B,0x552B,0x552B,0x552B,
  0x552B,0x552A,0x552A,0x552A,0x5D4B,0x5D4B,0x5D4A,0x5D4A,0x5D4A,0x5D4A,0x5D4B,0x5D4B,0x5D4B,0x5D4B,0x5D2A,0x5D2A,
  0x5D4B,0x5D2A,0x5D2A,0x5D2A,0x5D2A,0x552A,0x550A,0x6D6D,0x2224,0x0060,0x0080,0x19C2,0x6D6C,0x6DCA,0x6DC9,0x6DCA,
  0x75CA,0x75CA,0x75CA,0x6DC9,0x6DC9,0x6DC9,0x6DC9,0x6DC9,0x6DC9,0x6DC9,0x6DC9,0x6DC9,0x6DE9,0x6DC9,0x7E0C,0x3B45,
  0x552A,0x552A,0x552A,0x554A,0x554A,0x554A,0x554A,0x554A,0x554A,0x554A,0x554A,0x554A,0x554A,0x554A,0x554A,0x554A,
  0x554A,0x554A,0x554A,0x554A,0x554A,0x554A,0x552A,0x552A,0x552A,0x552A,0x552A,0x552A,0x554A,0x552A,0x552A,0x552A,
  0x552A,0x552A,0x552A,0x552A,0x552A,0x552A,0x552A,0x552A,0x554A,0x552A,0x552A,0x552A,0x554A,0x554A,0x554A,0x554A,
  0x554A,0x554A,0x554A,0x554A,0x554A,0x554A,0x552A,0x552A,0x552A,0x552A,0x552A,0x554A,0x554A,0x554A,0x554A,0x554A,
  0x554A,0x552B,0x552B,0x552B,0x552B,0x552B,0x552B,0x552A,0x552A,0x552A,0x552A,0x552B,0x552B,0x552B,0x552B,0x552B,
  0x552A,0x552A,0x552A,0x552A,0x554A,0x554A,0x554A,0x554A,0x554A,0x554A,0x554B,0x554B,0x554B,0x554B,0x552A,0x552A,
  0x554B,0x554B,0x552A,0x552A,0x552A,0x552B,0x554B,0x5D2B,0x548A,0x4BE9,0x4BE9,0x4C49,0x5D2B,0x5D29,0x5D48,0x5D49,
  0x5D49,0x5D29,0x5D49,0x5D49,0x5D49,0x5D49,0x5D49,0x5D49,0x5D49,0x5D49,0x5D49,0x5D49,0x5D49,0x5D49,0x656A,0x5CC9,
  0x554A,0x554A,0x554A,0x554A,0x554A,0x554A,0x554A,0x554A,0x554A,0x554A,0x554A,0x554A,0x554A,0x554A,0x554A,0x554A,
  0x554A,0x554A,0x554A,0x554A,0x554A,0x554A,0x552A,0x552A,0x552A,0x552A,0x552A,0x552A,0x554A,0x554A,0x554A,0x554A,
  0x554A,0x554A,0x554A,0x554A,0x554A,0x554A,0x554A,0x554A,0x554A,0x554A,0x554A,0x554A,0x554A,0x554A,0x554A,0x552A,
  0x552A,0x552A,0x552A,0x552A,0x552A,0x554A,0x554A,0x554A,0x554A,0x554A,0x554A,0x554A,0x554A,0x554A,0x554A,0x554A,
  0x554A,0x554A,0x554A,0x554A,0x554A,0x554A,0x554A,0x552A,0x552A,0x552A,0x552A,0x552A,0x552A,0x554A,0x554A,0x554A,
  0x554A,0x554A,0x554A,0x554A,0x554A,0x554A,0x554A,0x554A,0x554A,0x554A,0x554A,0x554A,0x554A,0x554A,0x554A,0x554A,
  0x554A,0x554A,0x554A,0x554A,0x554A,0x554A,0x554A,0x554A,0x5D2B,0x652B,0x652C,0x5D2C,0x550A,0x5509,0x5509,0x5509,
  0x5509,0x5529,0x5529,0x550A,0x550A,0x550A,0x550A,0x550A,0x550A,0x550A,0x552A,0x552A,0x550A,0x550A,0x552A,0x5D6B,
  0x554A,0x554A,0x554A,0x554A,0x554A,0x554A,0x554A,0x554A,0x554A,0x554A,0x554A,0x554A,0x554A,0x554A,0x554A,0x554A,
  0x552A,0x552A,0x552A,0x552A,0x552A,0x552A,0x554A,0x554A,0x554A,0x554A,0x554A,0x554A,0x554A,0x554A,0x554A,0x554A,
  0x554A,0x554A,0x554A,0x554A,0x554A,0x554A,0x554A,0x554A,0x552A,0x552A,0x552A,0x552A,0x552A,0x552A,0x552A,0x554A,
  0x554A,0x554A,0x554A,0x554A,0x554A,0x554A,0x554A,0x554A,0x554A,0x554A,0x554A,0x554A,0x554A,0x554A,0x554A,0x554A,
  0x554A,0x5D4A,0x554A,0x554A,0x552A,0x552A,0x552A,0x552A,0x552A,0x552A,0x552A,0x552A,0x552A,0x552A,0x554A,0x554A,
  0x554A,0x554A,0x554A,0x554A,0x554A,0x554A,0x554A,0x554A,0x554A,0x554A,0x554A,0x554A,0x554A,0x554A,0x554A,0x554A,
  0x554A,0x554A,0x554A,0x554A,0x554A,0x554A,0x554A,0x554A,0x5549,0x5549,0x552A,0x552A,0x552A,0x552A,0x552A,0x5529,
  0x5529,0x4D29,0x552A,0x552A,0x552A,0x552A,0x552A,0x552A,0x552A,0x552A,0x552A,0x552A,0x552A,0x552A,0x552A,0x552A,
  0x554A,0x554A,0x554A,0x554A,0x554A,0x554A,0x554A,0x554A,0x554A,0x554A,0x554A,0x554A,0x554A,0x554A,0x554A,0x554A,
  0x5D2A,0x5D2A,0x5D2A,0x5D2A,0x5D2A,0x5D2A,0x5D4A,0x5D4A,0x5D4A,0x5D4A,0x5D4A,0x5D4A,0x554A,0x554A,0x554A,0x554A,
  0x554A,0x554A,0x554A,0x554A,0x554A,0x554A,0x554A,0x554A,0x554A,0x5D2A,0x5D2A,0x5D2A,0x5D2A,0x5D2A,0x5D2A,0x552A,
  0x552A,0x552A,0x552A,0x552A,0x552A,0x5D2A,0x5D2A,0x5D2A,0x5D2A,0x5D2A,0x5D2A,0x5D2A,0x5D2A,0x5D2A,0x5D2A,0x5D2A,
  0x5D2A,0x5D4A,0x5D4A,0x5D4A,0x5D2A,0x5D2A,0x5D2A,0x5D2A,0x5D2A,0x5D2A,0x5D2A,0x5D2A,0x5D2A,0x5D4A,0x554A,0x554A,
  0x554A,0x554A,0x554A,0x554A,0x554A,0x554A,0x554A,0x554A,0x554A,0x554A,0x554A,0x554A,0x554A,0x554A,0x554A,0x554A,
  0x554A,0x554A,0x554A,0x554A,0x554A,0x554A,0x554A,0x554A,0x5549,0x5549,0x5549,0x552A,0x552A,0x552A,0x552A,0x552A,
  0x552A,0x552A,0x552A,0x550A,0x550A,0x550A,0x550A,0x550A,0x550A,0x550A,0x550A,0x550A,0x552A,0x552A,0x552A,0x552A,
  0x5D2A,0x5D2A,0x5D2A,0x5D2A,0x5D2A,0x5D2A,0x5D2A,0x5D2A,0x5D2A,0x5D2A,0x5D2A,0x5D2A,0x5D2A,0x5D2A,0x5D2A,0x5D2A,
  0x5D2A,0x5D2A,0x5D2A,0x5D2A,0x5D2A,0x5D2A,0x5D2B,0x5D2B,0x5D2B,0x5D2B,0x5D2B,0x5D2B,0x5D2A,0x5D2A,0x5D2A,0x5D2A,
  0x5D2A,0x5D2A,0x5D2A,0x5D2A,0x5D2A,0x5D2A,0x5D2A,0x5D2A,0x5D2A,0x5D2A,0x5D2A,0x5D2A,0x5D2B,0x5D2B,0x5D2B,0x5D2B,
  0x5D2B,0x5D2B,0x5D2B,0x5D2B,0x5D2B,0x5D2B,0x5D2B,0x5D2B,0x5D2B,0x5D2B,0x5D2B,0x5D2B,0x5D2B,0x5D2B,0x5D2B,0x5D2B,
  0x5D2B,0x5D2A,0x5D2A,0x5D2A,0x5D2A,0x5D2A,0x5D2A,0x5D2A,0x5D2A,0x5D2A,0x5D2A,0x5D2A,0x5D2A,0x5D2A,0x5D2B,0x5D2B,
  0x5D2A,0x5D2B,0x5D2B,0x5D2B,0x5D2A,0x5D2A,0x5D2A,0x5D2A,0x5D2A,0x5D2A,0x552A,0x552A,0x552A,0x552A,0x552A,0x552A,
  0x552B,0x552B,0x552B,0x552B,0x552B,0x552B,0x5D2B,0x552A,0x554A,0x552A,0x552A,0x552B,0x550B,0x550B,0x552A,0x552A,
  0x550A,0x550B,0x550A,0x550A,0x550A,0x550A,0x550A,0x550A,0x550A,0x550A,0x550A,0x550A,0x550A,0x550A,0x550B,0x550B,
  0x5D2C,0x5D2C,0x5D2C,0x5D2C,0x5D0C,0x5D0C,0x5D0C,0x5D0C,0x5D0C,0x5D0C,0x5D0C,0x5D0C,0x5D0C,0x5D0C,0x5D0C,0x5D2C,
  0x5D2C,0x5D2C,0x5D2C,0x5D2C,0x5D2C,0x5D2C,0x5D0C,0x5D0C,0x5D0C,0x5D0C,0x5D0C,0x5D0C,0x5D0C,0x5D0C,0x5D0C,0x5D0C,
  0x5D0C,0x5D0C,0x5D0C,0x5D0C,0x5D0C,0x5D0C,0x5D0C,0x5D0C,0x5D0C,0x5D2C,0x5D2C,0x5D2C,0x5D2C,0x5D2C,0x5D2C,0x5D2C,
  0x5D2C,0x5D2C,0x5D2C,0x5D2C,0x5D2C,0x5D2C,0x5D2C,0x5D2C,0x5D2C,0x5D2C,0x5D2C,0x5D2C,0x5D2C,0x5D2C,0x5D2C,0x5D2C,
  0x5D2C,0x5D2C,0x5D2C,0x5D2C,0x5D2C,0x5D2C,0x5D2C,0x5D2C,0x5D2C,0x5D2C,0x5D2C,0x5D2C,0x5D2C,0x5D0C,0x5D0C,0x5D0C,
  0x5D0C,0x5D0C,0x5D0C,0x5D0C,0x5D2C,0x5D2B,0x5D2B,0x5D2B,0x5D2B,0x5D2C,0x5D2C,0x5D2C,0x5D2C,0x5D2C,0x5D2C,0x5D2C,
  0x5D2C,0x5D2C,0x5D2C,0x5D2C,0x5D2C,0x5D2C,0x5D2C,0x5D2C,0x5D2B,0x5D2B,0x5D0C,0x5D0C,0x5D0C,0x5D0C,0x5D2B,0x5D2B,
  0x5D0B,0x5D0C,0x5CEC,0x5D0B,0x5D0B,0x5D0B,0x5D0B,0x5D0B,0x5CEB,0x5CEB,0x5CEB,0x5CEB,0x5D0B,0x5D0B,0x5CEC,0x5CEC,
};

const uint16_t img_mange[20480] PROGMEM = {
  0x9670,0x9670,0x9670,0x9670,0x9670,0x9670,0x9670,0x8E6F,0x8E6F,0x8E6F,0x8E6F,0x8E6F,0x8E6F,0x8E6F,0x8E6F,0x8E70,
  0x8E70,0x8E70,0x8E70,0x8E70,0x8E70,0x8E70,0x8E70,0x8E70,0x8E70,0x8E70,0x8E70,0x8E70,0x8E70,0x8E70,0x8E70,0x8E70,
  0x8E90,0x8E90,0x8E90,0x8E90,0x8E6F,0x8E6F,0x8E6F,0x8E6F,0x8E6F,0x8E6F,0x8E6F,0x8E6F,0x8E6F,0x8E6F,0x8E6F,0x8E6F,
  0x8E6F,0x8E6F,0x8E6F,0x8E6F,0x8E6F,0x8E6F,0x8E6F,0x8E6F,0x8E6F,0x8E70,0x8E70,0x8E70,0x8E70,0x8E70,0x8E70,0x8E6F,
  0x8E6F,0x8E70,0x8E70,0x8E70,0x8E70,0x8E70,0x8E6F,0x8E6F,0x8E6F,0x8E6F,0x8E6F,0x8E6F,0x8E6F,0x8E70,0x8E70,0x8E70,
  0x8E70,0x8E6F,0x8E6F,0x8E6F,0x8E6F,0x8E6F,0x8E6F,0x8E6F,0x8E6F,0x8E6F,0x8E4F,0x8E4F,0x8E4F,0x8E4F,0x8E4F,0x8E4F,
  0x8E4F,0x8E4F,0x8E4F,0x8E4F,0x8E4F,0x8E4F,0x8E4F,0x8E4F,0x8E4F,0x8E4F,0x8E6F,0x8E70,0x8E70,0x8E70,0x8E70,0x8E70,
  0x8E70,0x8E70,0x8E70,0x8E70,0x8E70,0x8E70,0x8E70,0x8E6F,0x8E6F,0x8E6F,0x8E4F,0x8E6F,0x8E6F,0x8E6F,0x8E6F,0x8E4F,
  0x9670,0x9670,0x9670,0x9670,0x9670,0x9670,0x9670,0x9670,0x9670,0x9670,0x9670,0x9670,0x9670,0x9670,0x9670,0x9670,
  0x9670,0x9670,0x9670,0x9670,0x9670,0x9670,0x9670,0x9670,0x9670,0x9670,0x9670,0x9670,0x9670,0x8E70,0x8E70,0x8E70,
  0x8E6F,0x8E6F,0x8E6F,0x8E6F,0x8E70,0x8E70,0x8E70,0x8E70,0x9690,0x9690,0x9690,0x9690,0x9670,0x9670,0x9670,0x9670,
  0x8E90,0x8E90,0x8E90,0x8E90,0x8E70,0x8E70,0x8E70,0x8E70,0x8E70,0x8E70,0x8E70,0x8E70,0x8E70,0x9670,0x9670,0x9670,
  0x9670,0x8E70,0x8E70,0x8E70,0x8E70,0x9670,0x8E70,0x8E70,0x8E70,0x8E70,0x8E70,0x8E70,0x8E70,0x9670,0x9670,0x9670,
  0x9670,0x8E70,0x8E70,0x8E70,0x8E70,0x8E6F,0x8E6F,0x8E6F,0x8E6F,0x8E70,0x8E70,0x8E70,0x8E70,0x8E70,0x8E70,0x8E70,
  0x8E70,0x8E70,0x9670,0x9670,0x9670,0x9670,0x8E70,0x8E70,0x8E70,0x8E70,0x8E70,0x8E70,0x8E70,0x8E70,0x9670,0x9670,
  0x9670,0x9670,0x8E70,0x8E70,0x8E70,0x8E70,0x8E70,0x8E70,0x8E70,0x8E70,0x8E6F,0x8E70,0x8E70,0x8E70,0x8E70,0x8E70,
  0x9670,0x9670,0x9670,0x9670,0x9670,0x9670,0x9670,0x9670,0x9670,0x9670,0x9670,0x9670,0x9670,0x9670,0x9670,0x9670,
  0x9670,0x9670,0x9670,0x9670,0x9670,0x9670,0x9670,0x9670,0x9670,0x9670,0x9670,0x9670,0x9670,0x9670,0x8E70,0x8E70,
  0x9670,0x9670,0x9670,0x8E70,0x9670,0x9670,0x9670,0x9670,0x9670,0x9670,0x9670,0x9670,0x9670,0x9670,0x9670,0x9670,
  0x9670,0x9670,0x9670,0x9670,0x9670,0x9670,0x9670,0x9670,0x9670,0x8E70,0x8E70,0x8E70,0x8E70,0x8E70,0x8E70,0x8E70,
  0x8E70,0x8E70,0x9670,0x9670,0x9670,0x9670,0x9670,0x9670,0x8E70,0x8E70,0x8E70,0x8E70,0x8E70,0x8E70,0x8E70,0x8E70,
  0x8E70,0x9670,0x9670,0x9670,0x9670,0x9670,0x8E70,0x8E70,0x8E70,0x9670,0x8E70,0x8E70,0x8E70,0x9670,0x9670,0x9670,
  0x9670,0x9670,0x9670,0x9670,0x9670,0x9670,0x9670,0x9670,0x9670,0x9670,0x9670,0x9670,0x9670,0x9670,0x9670,0x9670,
  0x9670,0x9670,0x9670,0x8E70,0x9670,0x9670,0x9670,0x8E70,0x8E70,0x8E70,0x8E70,0x8E70,0x8E70,0x8E70,0x8E70,0x8E70,
  0x8E4F,0x8E4F,0x8E4F,0x8E4F,0x8E4F,0x8E4F,0x8E4F,0x8E4F,0x8E4F,0x8E4F,0x8E4F,0x8E4F,0x8E4F,0x8E4F,0x8E4F,0x8E4F,
  0x8E4F,0x8E4F,0x8E4F,0x8E4F,0x8E4F,0x8E4F,0x8E4F,0x8E4F,0x8E4F,0x8E4F,0x8E4F,0x8E4F,0x8E4F,0x8E4F,0x8E4F,0x8E4F,
  0x8E4F,0x8E4F,0x8E4F,0x8E4F,0x8E4F,0x8E4F,0x8E4F,0x8E4F,0x8E4F,0x8E4F,0x8E4F,0x8E4F,0x8E4F,0x8E4F,0x8E4F,0x8E4F,
  0x8E4F,0x8E4F,0x8E4F,0x8E4F,0x8E4F,0x8E4F,0x8E4F,0x8E4F,0x8E4F,0x8E4F,0x8E4F,0x8E4F,0x8E4F,0x8E4F,0x8E4F,0x8E4F,
  0x8E4F,0x8E4F,0x8E4F,0x8E4F,0x8E4F,0x8E4F,0x8E4F,0x8E4F,0x8E4F,0x8E4F,0x8E4F,0x8E4F,0x8E4F,0x8E4F,0x8E4F,0x8E4F,
  0x8E4F,0x8E4F,0x8E4F,0x8E4F,0x8E4F,0x8E4F,0x8E4F,0x8E4F,0x8E4F,0x8E4F,0x8E4F,0x8E4F,0x8E4F,0x8E4F,0x8E4F,0x8E4F,
  0x8E4F,0x8E4F,0x8E4F,0x8E4F,0x8E4F,0x8E4F,0x8E4F,0x8E4F,0x8E4F,0x8E4F,0x8E4F,0x8E4F,0x8E4F,0x8E4F,0x8E4F,0x8E4F,
  0x8E4F,0x8E4F,0x8E4F,0x8E4F,0x8E4F,0x8E4F,0x8E4F,0x8E4F,0x8E4F,0x8E4F,0x8E4F,0x8E4F,0x8E4F,0x8E4F,0x8E4F,0x8E4F,
  0x966F,0x9E50,0x9E50,0x9E50,0x9E50,0x9E50,0x9E50,0x9E70,0x9E70,0x9E70,0x9E70,0x9E70,0x9E70,0x9E70,0x9E70,0x9E50,
  0x9E50,0x9E50,0x9E50,0x9E50,0x9E50,0x9E50,0x9E50,0x9E50,0x9E50,0x9E50,0x9E50,0x9E70,0x9E70,0x9E70,0x9E70,0x9E70,
  0x9E70,0x9E70,0x9E70,0x9E70,0x9E70,0x9E70,0x9E70,0x9E70,0x9E50,0x9E50,0x9E50,0x9E50,0x9E70,0x9E70,0x9E70,0x9E70,
  0x9E50,0x9E50,0x9E50,0x9E50,0x9E70,0x9E70,0x9E70,0x9E70,0x9E70,0x9E70,0x9E70,0x9E70,0x9E70,0x9E70,0x9670,0x9670,
  0x9690,0x9670,0x9670,0x9670,0x9670,0x9670,0x9670,0x9670,0x9670,0x9670,0x9690,0x9690,0x9690,0x9670,0x9670,0x9670,
  0x9670,0x9670,0x9670,0x9670,0x9670,0x9670,0x9670,0x9670,0x9670,0x9670,0x9670,0x9670,0x9670,0x9670,0x9670,0x9670,
  0x9670,0x9670,0x9670,0x9670,0x9670,0x9670,0x9670,0x9670,0x9670,0x9670,0x9670,0x9670,0x9670,0x9670,0x9670,0x9670,
  0x9670,0x9670,0x9670,0x9670,0x9670,0x9670,0x9670,0x9670,0x9670,0x9670,0x9670,0x9670,0x9670,0x9670,0x9670,0x9670,
  0x958D,0x94CB,0x9CCC,0x9CEC,0x9CCC,0x9CCC,0x9CCC,0x9CCC,0xA4EC,0xA4EC,0xA4EC,0xA4EC,0xA4EC,0xA4EC,0xA4EC,0xA4EC,
  0xA4EC,0xA4EC,0xA4EC,0xA4EC,0xA4EC,0xA4EC,0xA4EC,0xA4EC,0xA4EC,0xA4EC,0x9CEB,0x9CED,0x9CED,0xA4EC,0xA4EC,0x9CEC,
  0x9D0C,0x9CEC,0x9CED,0x9CED,0x9CEC,0x9CEC,0xA4ED,0xA4ED,0x9CEC,0x9CEC,0x9CEC,0x9CEC,0x9CEC,0x9CEC,0x9CEC,0x9CEC,
  0x9CEC,0x9CEC,0x9CEC,0x9CEC,0x9CEC,0x9CEC,0x9CEC,0x9CEC,0xA4EC,0xA4EC,0x9CEC,0x9CEC,0x9CEB,0x9CEC,0x95CF,0x9670,
  0x964F,0x8E4F,0x8E4F,0x8E4F,0x8E4F,0x8E4F,0x8E4F,0x8E4F,0x8E4F,0x8E4F,0x8E4F,0x8E4F,0x8E4F,0x8E4F,0x8E4F,0x8E4F,
  0x8E4F,0x8E4F,0x8E4F,0x8E4F,0x8E4F,0x8E4F,0x8E4F,0x8E4F,0x8E4F,0x8E4F,0x8E4F,0x8E4F,0x8E4F,0x8E4F,0x8E4F,0x8E4F,
  0x8E4F,0x8E4F,0x8E4F,0x8E4F,0x8E4F,0x8E4F,0x8E4F,0x8E4F,0x8E4F,0x8E4F,0x8E4F,0x8E4F,0x8E4F,0x8E4F,0x8E4F,0x8E4F,
  0x8E4F,0x8E4F,0x8E4F,0x8E4F,0x8E4F,0x8E4F,0x8E4F,0x8E4F,0x8E4F,0x8E4F,0x8E4F,0x8E4F,0x8E4F,0x8E4F,0x8E4F,0x8E4F,
  0xA54E,0xA44B,0xAC2B,0xAC2B,0xAC2B,0xAC2A,0xAC2A,0xAC2B,0xAC2B,0xAC2B,0xAC2B,0xB44B,0xB44B,0xB44B,0xB44B,0xAC4B,
  0xB44B,0xB44B,0xB44B,0xB44B,0xB44B,0xAC4B,0xAC4B,0xB44B,0xB42B,0xB42B,0xAC4B,0xAC2C,0xAC4C,0xB44B,0xB44B,0xB42B,
  0xB44B,0xB44B,0xAC4C,0xAC4C,0xB44B,0xB44B,0xB44B,0xB44B,0xB44C,0xB44C,0xB44C,0xB44C,0xB44C,0xB44C,0xB44C,0xB44C,
  0xB44B,0xB44B,0xAC4B,0xAC4B,0xAC4B,0xB44B,0xB44B,0xAC4B,0xB42B,0xB42B,0xAC2B,0xB42B,0xB42A,0xA44A,0xA56E,0x9E8F,
  0x968F,0x9690,0x9690,0x9690,0x9690,0x9690,0x9690,0x9690,0x9690,0x9690,0x9690,0x9690,0x9690,0x9690,0x9690,0x9690,
  0x9690,0x9690,0x9690,0x9690,0x9690,0x9690,0x9690,0x9690,0x9690,0x9690,0x9690,0x9690,0x9690,0x9690,0x9690,0x9690,
  0x9690,0x9690,0x9670,0x9670,0x9670,0x9670,0x9690,0x9690,0x9690,0x9690,0x9670,0x9670,0x9670,0x9670,0x9670,0x9670,
  0x9670,0x9670,0x9670,0x9670,0x9670,0x9670,0x9670,0x9670,0x9690,0x9690,0x9690,0x9690,0x9690,0x9690,0x9690,0x9690,
  0x9D4D,0xA42A,0xAC0A,0xAC0A,0xABEA,0xAC0A,0xAC0A,0xAC0A,0xAC0A,0xAC0A,0xAC2A,0xAC2A,0xB42A,0xB42A,0xB42A,0xB42A,
  0xB42A,0xB42A,0xB42A,0xB42A,0xB42A,0xB42A,0xB42A,0xB42A,0xB40B,0xAC2A,0xAC2A,0xAC2A,0xAC2A,0xAC2A,0xB42A,0xAC0A,
  0xAC0B,0xB40B,0xAC2B,0xAC2B,0xAC0B,0xB40A,0xAC2A,0xB42A,0xB40B,0xB40B,0xB40B,0xB40B,0xB42B,0xB42B,0xB42B,0xB42B,
  0xB42B,0xB40B,0xB40B,0xB40B,0xB40B,0xB40B,0xB40B,0xB40B,0xAC0B,0xAC0B,0xAC0A,0xAC0A,0xAC0A,0xA40A,0x9D2D,0x964F,
  0x8E6F,0x8E4F,0x8E4F,0x8E4F,0x8E4F,0x8E4F,0x8E4F,0x8E4F,0x8E4F,0x8E4F,0x8E4F,0x8E4F,0x8E4F,0x8E6F,0x8E4F,0x8E4F,
  0x8E4F,0x8E6F,0x8E4F,0x8E4F,0x8E4F,0x8E4F,0x8E4F,0x8E4F,0x8E4F,0x8E4F,0x8E4F,0x8E4F,0x8E4F,0x8E4F,0x8E4F,0x8E4F,
  0x8E4F,0x8E4F,0x8E4F,0x8E4F,0x8E4F,0x8E4F,0x8E4F,0x8E4F,0x8E4F,0x8E4F,0x8E4F,0x8E4F,0x8E4F,0x8E4F,0x8E4F,0x8E4F,
  0x8E4F,0x8E4F,0x8E4F,0x8E4F,0x8E4F,0x8E4F,0x8E4F,0x8E4F,0x8E4F,0x8E4F,0x8E4F,0x8E4F,0x8E4F,0x8E4F,0x8E4F,0x8E4F,
  0xA56E,0xAC4B,0xB44B,0xB42C,0xB42B,0xB42A,0xB429,0xB42A,0xB44A,0xB44A,0xB44A,0xB42A,0xB44A,0xB44A,0xB44A,0xB42A,
  0xB42A,0xB42A,0xB42A,0xB42A,0xB42A,0xB42A,0xB42A,0xB42A,0xB42B,0xAC2A,0xAC4A,0xAC4A,0xAC49,0xB44A,0xB44B,0xB44B,
  0xB44B,0xB42C,0xAC2C,0xA44B,0xAC4B,0xAC2B,0xAC2C,0xAC2C,0xAC4B,0xAC4B,0xAC4B,0xAC4B,0xAC4B,0xAC4B,0xAC4B,0xAC4B,
  0xAC4B,0xAC4B,0xAC4B,0xAC4B,0xAC4B,0xAC4B,0xAC4B,0xAC4B,0xAC4C,0xAC2C,0xAC4B,0xB44B,0xB44B,0xAC4C,0xAD6F,0x9E91,
  0x8E90,0x9670,0x9670,0x9670,0x9670,0x9670,0x9670,0x9670,0x9670,0x9690,0x9690,0x9690,0x9690,0x9690,0x9690,0x9690,
  0x9690,0x9690,0x9670,0x9670,0x9670,0x9670,0x9670,0x9690,0x9690,0x9690,0x9670,0x9670,0x9670,0x9670,0x9690,0x9690,
  0x9690,0x9690,0x9690,0x9690,0x9690,0x9690,0x9690,0x9690,0x9690,0x9690,0x9690,0x9690,0x9690,0x9690,0x9690,0x9670,
  0x9670,0x9670,0x9670,0x9670,0x9670,0x9690,0x9690,0x9670,0x9670,0x9670,0x9690,0x9690,0x9690,0x9690,0x9690,0x9690,
  0x9D4D,0xAC2A,0xB40A,0xAC0A,0xB40A,0xC4EB,0xCD2A,0xCD2A,0xCD2A,0xCD2A,0xCD2A,0xCD2A,0xCD2A,0xCD2A,0xCD4A,0xCD2A,
  0xCD2A,0xCD2A,0xCD2A,0xCD4A,0xCD4A,0xCD4A,0xCD4A,0xCD4A,0xCD4A,0xCD4A,0xCD4A,0xCD4B,0xCD4B,0xBC8A,0xABEA,0xAC0A,
  0xAC09,0xB44D,0xB532,0xAD72,0xAD52,0xB551,0xB552,0xB533,0xAD52,0xAD52,0xAD52,0xAD52,0xAD52,0xAD52,0xAD52,0xAD52,
  0xAD72,0xAD72,0xAD72,0xAD72,0xAD72,0xAD72,0xAD72,0xAD72,0xAD52,0xBD31,0xAC6D,0xAC0A,0xAC0B,0xA3EB,0xA52E,0x9650,
  0x866F,0x8E4F,0x8E4F,0x8E4F,0x8E4F,0x8E4F,0x8E4F,0x8E4F,0x8E4F,0x8E4F,0x8E4F,0x8E4F,0x8E4F,0x8E4F,0x8E4F,0x8E4F,
  0x8E4F,0x8E4F,0x8E4F,0x8E4F,0x8E4F,0x8E4F,0x8E4F,0x8E4F,0x8E4F,0x8E4F,0x8E4F,0x8E4F,0x8E4F,0x8E4F,0x8E4F,0x8E4F,
  0x8E4F,0x8E4F,0x8E4F,0x8E4F,0x8E4F,0x8E4F,0x8E4F,0x8E4F,0x8E4F,0x8E4F,0x8E4F,0x8E4F,0x8E4F,0x8E4F,0x8E4F,0x8E4F,
  0x8E4F,0x8E4F,0x8E4F,0x8E4F,0x8E4F,0x8E4F,0x8E4F,0x8E4F,0x8E4F,0x8E4F,0x8E4F,0x8E4F,0x8E4F,0x8E4F,0x8E4F,0x8E4F,
  0x9D4E,0xAC4B,0xAC2A,0xAC2A,0xB4AA,0xEEAD,0xFF4C,0xFF2C,0xFF2C,0xFF2C,0xFF2C,0xFF4C,0xFF4C,0xFF4C,0xFF4C,0xFF4C,
  0xFF4C,0xFF4C,0xFF4C,0xFF4C,0xFF4C,0xFF4C,0xFF4C,0xFF4C,0xFF4C,0xFF4C,0xFF4C,0xFF4D,0xFF4F,0xCD4B,0xA3EA,0xAC0B,
  0xABEA,0xB4F0,0xCF5C,0xC79E,0xCF7C,0xCF5C,0xC75D,0xC75E,0xC75D,0xC75D,0xC75D,0xC75D,0xC75D,0xC75D,0xC75D,0xC77E,
  0xC75E,0xC75E,0xC75E,0xC75E,0xC75E,0xC77E,0xC77E,0xC75E,0xC77E,0xCF3B,0xAD10,0xAC2B,0xB42B,0xAC0B,0xA54D,0x9670,
  0x8E90,0x9670,0x9670,0x9670,0x9670,0x9670,0x9670,0x9670,0x9670,0x8E70,0x8E70,0x8E70,0x8E70,0x8E70,0x8E70,0x8E70,
  0x8E70,0x9670,0x9670,0x9670,0x9670,0x9670,0x9670,0x8E70,0x8E70,0x8E70,0x9670,0x9670,0x9670,0x9670,0x8E70,0x8E70,
  0x8E70,0x8E70,0x9670,0x9670,0x9670,0x9670,0x9670,0x9670,0x8E70,0x8E70,0x9670,0x9670,0x9670,0x9670,0x9670,0x9670,
  0x9670,0x9670,0x9670,0x9670,0x9670,0x9670,0x9670,0x9670,0x9670,0x9670,0x9670,0x8E70,0x8E70,0x8E70,0x8E70,0x8E70,
  0x9D2E,0xA42A,0xAC2A,0xAC29,0xB488,0xEEAB,0xFF4A,0xFF09,0xFF09,0xFF09,0xFF09,0xFF09,0xFF09,0xFF09,0xFF09,0xFF29,
  0xFF29,0xFF29,0xFF29,0xFF29,0xFF29,0xFF29,0xFF29,0xFF29,0xFF29,0xFF29,0xFF2A,0xFF0A,0xFF2C,0xCD2A,0xA3CA,0xB40C,
  0xABEB,0xA510,0xB75C,0xAF5D,0xC739,0xCF38,0xB75C,0xAF5E,0xAF3E,0xAF3E,0xAF3E,0xAF3E,0xAF3E,0xAF3E,0xAF3E,0xAF3E,
  0xAF3E,0xAF3E,0xAF3E,0xAF3E,0xAF3E,0xAF3E,0xAF3E,0xAF3E,0xA75E,0xBF1C,0xA4D0,0xA3EA,0xABEA,0xABEA,0xA50D,0x9E4F,
  0x8E6F,0x8E70,0x8E70,0x8E70,0x8E70,0x8E6F,0x8E6F,0x8E6F,0x8E6F,0x8E6F,0x8E6F,0x8E6F,0x8E6F,0x8E70,0x8E6F,0x8E70,
  0x8E6F,0x8E6F,0x8E6F,0x8E6F,0x8E6F,0x8E6F,0x8E70,0x8E6F,0x8E6F,0x8E70,0x8E70,0x8E70,0x8E70,0x8E70,0x8E70,0x8E70,
  0x8E70,0x8E6F,0x8E70,0x8E70,0x8E70,0x8E70,0x8E6F,0x8E6F,0x8E6F,0x8E6F,0x8E6F,0x8E6F,0x8E6F,0x8E6F,0x8E6F,0x8E6F,
  0x8E4F,0x8E4F,0x8E4F,0x8E6F,0x8E6F,0x8E6F,0x8E6F,0x8E6F,0x8E6F,0x8E6F,0x8E6F,0x8E6F,0x8E6F,0x8E6F,0x8E6F,0x8E70,
  0x9D4D,0xA42A,0xB42A,0xAC0A,0xBC88,0xF6AB,0xFF49,0xFF29,0xFF29,0xFF29,0xFF29,0xFF29,0xFF29,0xFF29,0xFF29,0xFF29,
  0xFF29,0xFF29,0xFF29,0xFF29,0xFF29,0xFF29,0xFF29,0xFF29,0xFF29,0xFF49,0xFF49,0xFF49,0xFF4B,0xCD6A,0xAC0A,0xB42B,
  0xAC0A,0xA530,0xB73C,0xBF59,0xDF31,0xDF30,0xBF58,0xA75D,0xAF5E,0xAF5E,0xAF5E,0xAF5E,0xAF5E,0xAF5E,0xAF5E,0xAF5E,
  0xAF5E,0xAF5E,0xAF5E,0xAF5E,0xAF5F,0xAF5F,0xAF5F,0xAF5F,0xAF5F,0xBF1C,0xA4D0,0xAC0A,0xAC2A,0xAC2A,0xA54D,0x9E70,
  0x9670,0x9670,0x9670,0x9670,0x9670,0x8E70,0x8E70,0x8E70,0x8E70,0x8E6F,0x8E6F,0x8E6F,0x8E6F,0x8E4F,0x8E4F,0x8E4F,
  0x8E6F,0x8E70,0x8E70,0x9670,0x9670,0x8E70,0x8E6F,0x8E6F,0x8E6F,0x8E6F,0x8E6F,0x8E6F,0x8E6F,0x8E6F,0x8E6F,0x8E6F,
  0x8E6F,0x8E6F,0x8E6F,0x8E6F,0x8E6F,0x8E6F,0x8E6F,0x8E6F,0x8E6F,0x8E6F,0x8E6F,0x8E6F,0x8E6F,0x8E4F,0x8E6F,0x8E4F,
  0x8E4F,0x8E4F,0x8E4F,0x8E4F,0x8E4F,0x8E4F,0x8E4F,0x8E6F,0x8E6F,0x8E6F,0x8E6F,0x8E6F,0x8E6F,0x8E6F,0x8E6F,0x8E6F,
  0x9D6D,0xAC4A,0xB42B,0xAC2A,0xBC89,0xF6AB,0xFF49,0xFF29,0xFF29,0xFF29,0xFF29,0xFF29,0xFF29,0xFF29,0xFF29,0xFF29,
  0xFF29,0xFF29,0xFF29,0xFF29,0xFF29,0xFF29,0xFF29,0xFF49,0xFF49,0xFF49,0xFF49,0xFF2A,0xFF2B,0xCD6A,0xAC0A,0xB44C,
  0xAC2B,0xAD31,0xBF3E,0xBF5A,0xDF51,0xDF30,0xC738,0xAF5E,0xAF5F,0xAF3F,0xAF5F,0xAF5F,0xAF5E,0xAF5E,0xAF5E,0xAF5F,
  0xAF5E,0xAF5E,0xAF5E,0xAF5E,0xAF5E,0xAF5E,0xAF5E,0xAF5E,0xAF5F,0xBF1C,0xA4D0,0xAC0A,0xB44B,0xAC4B,0xAD4E,0x9E70,
  0x9670,0x9690,0x9690,0x9690,0x9670,0x9670,0x9670,0x9670,0x9670,0x966F,0x8E70,0x8E90,0x966F,0x8E70,0x9670,0x9650,
  0x9651,0x9631,0x9611,0x9611,0x9631,0x9650,0x8E6F,0x8E90,0x8E70,0x9670,0x9670,0x9670,0x9670,0x966F,0x8E6F,0x8E6F,
  0x8E70,0x8E70,0x8E70,0x8E70,0x8E70,0x8E70,0x8E70,0x8E70,0x8E70,0x8E70,0x9670,0x9670,0x9670,0x9670,0x9670,0x9670,
  0x9670,0x9670,0x9670,0x9670,0x9670,0x9670,0x9670,0x9670,0x9670,0x9670,0x9670,0x8E70,0x8E70,0x8E70,0x8E70,0x8E70,
  0x9D4D,0xAC4A,0xB42B,0xAC0A,0xB488,0xF6AA,0xFF29,0xFF29,0xFF29,0xFF29,0xFF29,0xFF29,0xFF29,0xFF29,0xFF29,0xFF29,
  0xFF29,0xFF29,0xFF29,0xFF29,0xFF29,0xFF29,0xFF29,0xFF49,0xFF49,0xFF49,0xFF29,0xFF2A,0xFF2B,0xCD4A,0xABEA,0xAC2B,
  0xAC2A,0xAD11,0xBF3E,0xBF5D,0xC758,0xC758,0xB75C,0xAF5E,0xAF5D,0xAF5E,0xAF3F,0xAF3F,0xAF5E,0xAF5D,0xAF5E,0xAF3F,
  0xAF5E,0xAF5E,0xAF5E,0xAF5E,0xAF5E,0xAF3E,0xAF3E,0xAF3E,0xAF5E,0xB71C,0xA4D0,0xAC0A,0xB44B,0xAC2B,0xAD4E,0x9E70,
  0x9670,0x966F,0x966F,0x966F,0x8E4F,0x9670,0x9670,0x9670,0x9670,0x9670,0x9650,0x9670,0x966F,0x8E70,0x8E6F,0x9E51,
  0x5B69,0x2984,0x29C6,0x2184,0x5BCA,0x9E50,0x8E4F,0x8E6F,0x964F,0x964F,0x8E6F,0x966F,0x964F,0x8E6F,0x8E6F,0x8E6F,
  0x8E70,0x8E70,0x8E70,0x8E70,0x8E70,0x8E70,0x8E70,0x8E70,0x8E70,0x8E70,0x8E6F,0x8E4F,0x8E4F,0x8E4F,0x8E4F,0x8E4F,
  0x8E4F,0x8E4F,0x8E4F,0x8E4F,0x8E4F,0x8E4F,0x8E4F,0x8E4F,0x8E4F,0x8E4F,0x8E6F,0x8E6F,0x8E6F,0x8E70,0x8E70,0x8E6F,
  0xA56D,0xAC4A,0xB42B,0xAC0A,0xBC88,0xF6AB,0xFF49,0xFF29,0xFF49,0xFF49,0xFF49,0xFF29,0xFF29,0xFF29,0xFF29,0xFF29,
  0xFF29,0xFF29,0xFF29,0xFF29,0xFF29,0xFF29,0xFF29,0xFF29,0xFF29,0xFF49,0xFF29,0xFF4A,0xFF4C,0xD56A,0xAC0A,0xB44B,
  0xAC2A,0xAD11,0xBF1D,0xB75E,0xB75D,0xAF5E,0xAF7E,0xAF7D,0xAF5D,0xAF5E,0xAF5E,0xAF5E,0xAF5E,0xAF5E,0xAF5E,0xAF5F,
  0xAF5F,0xAF5F,0xAF5F,0xAF5F,0xAF5F,0xAF5E,0xAF5E,0xAF5E,0xAF5F,0xBF1C,0xA4F0,0xAC2B,0xB44B,0xAC2B,0xAD4E,0x9E70,
  0x9690,0x9670,0x9670,0x9670,0x9670,0x9690,0x9690,0x9690,0x9690,0x9690,0x9690,0x9E70,0x9E71,0x9670,0x8E90,0x9E71,
  0x3226,0x0000,0x0000,0x0000,0x4AC7,0xA652,0x9671,0x8E70,0x9670,0x966F,0x8E8F,0x9670,0x9670,0x9670,0x9670,0x9670,
  0x9670,0x8E70,0x9670,0x9670,0x9670,0x9670,0x9670,0x9670,0x9670,0x9670,0x9670,0x9670,0x9670,0x9670,0x9670,0x9670,
  0x9670,0x9670,0x9670,0x9670,0x9670,0x9670,0x9670,0x9670,0x9670,0x9670,0x9670,0x9670,0x9670,0x9670,0x9670,0x9670,
  0x9D4D,0xA42A,0xAC0B,0xAC0A,0xB468,0xF6AA,0xFF29,0xFF29,0xFF29,0xFF29,0xFF29,0xFF29,0xFF29,0xFF29,0xFF29,0xFF29,
  0xFF29,0xFF29,0xFF29,0xFF29,0xFF29,0xFF29,0xFF29,0xFF29,0xFF29,0xFF29,0xFF29,0xFF29,0xFF2B,0xCD49,0xA3C9,0xAC0A,
  0xAC0A,0xA4F1,0xB71D,0xAF5E,0xAF5E,0xA75F,0xA75E,0xAF3E,0xAF3E,0xAF3F,0xAF5E,0xAF5D,0xAF3E,0xAF3F,0xAF3F,0xAF3E,
  0xAF3E,0xAF3E,0xAF3E,0xAF3E,0xAF5E,0xAF5E,0xAF5E,0xAF5E,0xAF5E,0xBF1C,0xA4AF,0xA3EA,0xAC0A,0xA3EA,0xA50D,0x964F,
  0x8E4F,0x8E6F,0x8E4F,0x8E4F,0x8E4F,0x8E6F,0x8E6F,0x8E70,0x8E6F,0x8E6F,0x8E6F,0x8E6F,0x964F,0x9650,0x9670,0x9E51,
  0x3A26,0x0000,0x51A4,0x9AC7,0x72A7,0x4227,0x4307,0x85CE,0x8E4F,0x8E4F,0x8E4F,0x8E4F,0x8E4F,0x8E4F,0x8E4F,0x8E50,
  0x8E4F,0x8E4F,0x8E4F,0x8E4F,0x8E4F,0x8E4F,0x8E4F,0x8E4F,0x8E4F,0x8E4F,0x8E4F,0x8E4F,0x8E4F,0x8E4F,0x8E4F,0x8E4F,
  0x8E4F,0x8E4F,0x8E4F,0x8E4F,0x8E4F,0x8E4F,0x8E4F,0x8E4F,0x8E4F,0x8E4F,0x8E4F,0x8E4F,0x8E4F,0x8E4F,0x8E4F,0x8E4F,
  0xA56D,0xAC4A,0xB44B,0xB42B,0xBCA9,0xF6CB,0xFF49,0xFF29,0xFF29,0xFF29,0xFF29,0xFF29,0xFF29,0xFF29,0xFF29,0xFF29,
  0xFF29,0xFF29,0xFF29,0xFF29,0xFF29,0xFF29,0xFF29,0xFF49,0xFF49,0xFF49,0xFF29,0xFF29,0xFF2B,0xCD4A,0xABEA,0xB42B,
  0xAC0B,0xAD11,0xBF5D,0xAF7E,0xB75D,0xAF7D,0xB75D,0xBF3D,0xBF3E,0xB75F,0xAF7E,0xAF7E,0xAF5F,0xAF5F,0xAF5F,0xAF5F,
  0xAF5F,0xAF5F,0xAF5F,0xAF5F,0xAF5F,0xAF5F,0xAF5F,0xAF5E,0xAF5F,0xBF3C,0xA4D0,0xAC0B,0xAC2B,0xAC0A,0xA52D,0x9E70,
  0x9670,0x9690,0x9690,0x9690,0x9690,0x9690,0x9690,0x9690,0x9690,0x9EB1,0x9EF2,0x9EF1,0x9EF1,0xA6D2,0xA6D2,0xB6B3,
  0x3A47,0x0000,0x8266,0xFC6B,0x9287,0x0000,0x08E1,0x8DF0,0x9ED1,0x9EB2,0x9E92,0x9691,0x9670,0x9670,0x9670,0x9670,
  0x9670,0x8E70,0x9690,0x9690,0x9690,0x9690,0x9670,0x9670,0x9670,0x9670,0x9670,0x9670,0x9670,0x9670,0x9670,0x9670,
  0x9670,0x9670,0x9670,0x9670,0x9670,0x9670,0x9670,0x9690,0x9690,0x9690,0x9690,0x9670,0x9670,0x9670,0x9670,0x9690,
  0x9D2C,0xA40A,0xAC0A,0xAC0A,0xB488,0xF6AA,0xFF49,0xFF29,0xFF29,0xFF29,0xFF29,0xFF29,0xFF29,0xFF29,0xFF29,0xFF29,
  0xFF29,0xFF29,0xFF29,0xFF29,0xFF29,0xFF29,0xFF29,0xFF29,0xFF29,0xFF29,0xFF29,0xFF09,0xFF0B,0xCD29,0xA3C9,0xAC0A,
  0xABEA,0xA4F0,0xB73C,0xB75B,0xCF36,0xD733,0xD733,0xD735,0xC759,0xAF5D,0xA75D,0xAF3E,0xAF3E,0xA73E,0xA75E,0xAF3E,
  0xAF3E,0xAF3E,0xAF3E,0xAF3E,0xAF3E,0xAF3E,0xAF3E,0xAF3E,0xAF3E,0xBF1B,0xA4AF,0xA3CA,0xA3EA,0xA3CA,0x9CEC,0x8E2F,
  0x864F,0x8E2F,0x8E4F,0x8E4F,0x8E4F,0x8E4F,0x8E4F,0x8E4F,0x9670,0x8D8F,0x6C4C,0x746C,0x748D,0x748E,0x746E,0x7C6E,
  0x2984,0x0000,0x8225,0xFC09,0x9266,0x0800,0x10C2,0x63CC,0x6C4D,0x6C2C,0x6C4C,0x85AF,0x8E70,0x8E4F,0x8E4F,0x9650,
  0x8E4F,0x8E4F,0x8E4F,0x8E4F,0x8E4F,0x8E4F,0x8E4F,0x8E4F,0x8E4F,0x8E4F,0x8E4F,0x8E4F,0x8E4F,0x8E4F,0x8E4F,0x8E4F,
  0x8E4F,0x8E4F,0x8E4F,0x8E4F,0x8E4F,0x8E4F,0x8E4F,0x8E4F,0x8E4F,0x8E4F,0x8E4F,0x8E4F,0x8E4F,0x8E4F,0x8E4F,0x8E4F,
  0xA56D,0xAC4A,0xB42B,0xAC2A,0xBC89,0xF6CB,0xFF49,0xFF29,0xFF49,0xFF29,0xFF29,0xFF29,0xFF29,0xFF29,0xFF29,0xFF29,
  0xFF29,0xFF29,0xFF29,0xFF29,0xFF29,0xFF29,0xFF29,0xFF29,0xFF29,0xFF29,0xFF29,0xFF29,0xFF2B,0xD549,0xABE9,0xB42B,
  0xAC0A,0xA511,0xB75C,0xBF59,0xDF31,0xEF2D,0xF72D,0xE74F,0xC756,0xB75D,0xAF7E,0xAF5F,0xB75F,0xAF7E,0xAF7E,0xAF5F,
  0xAF5E,0xAF5E,0xAF5F,0xAF5F,0xAF7F,0xB77F,0xB77F,0xB77F,0xB77F,0xBF3C,0xACF0,0xB42B,0xB42B,0xAC2B,0xA54D,0x9670,
  0x8E70,0x9670,0x9670,0x9670,0x9670,0x9670,0x9670,0x9670,0x9EB1,0x642B,0x0000,0x0000,0x0000,0x0000,0x0000,0x0000,
  0x0000,0x0000,0x8205,0xF3E9,0x8A45,0x0800,0x0000,0x0000,0x0000,0x0000,0x0000,0x6CAC,0xA6D2,0x9690,0x9690,0x9670,
  0x9690,0x9690,0x9690,0x9670,0x9670,0x9670,0x9670,0x9670,0x9670,0x9670,0x9670,0x9670,0x9670,0x9670,0x9670,0x9670,
  0x9670,0x9670,0x9670,0x9670,0x9670,0x9670,0x9670,0x9690,0x9690,0x9690,0x9690,0x9670,0x9670,0x9670,0x9670,0x9690,
  0x9D4D,0xA42A,0xAC0B,0xAC0A,0xB488,0xF6AB,0xFF49,0xFF29,0xFF29,0xFF29,0xFF29,0xFF29,0xFF29,0xFF29,0xFF29,0xFF29,
  0xFF29,0xFF29,0xFF29,0xFF29,0xFF29,0xFF29,0xFF29,0xFF29,0xFF29,0xFF29,0xFF29,0xFF29,0xFF2B,0xCD49,0xA3C9,0xAC0A,
  0xABEA,0xA4F0,0xB71C,0xB75A,0xD734,0xE711,0xE731,0xD752,0xCF36,0xB73D,0xA75E,0xAF5E,0xAF3F,0xA75E,0xA75E,0xAF5E,
  0xAF5E,0xAF5E,0xAF5E,0xAF5E,0xAF5E,0xAF5E,0xAF5E,0xAF5E,0xAF5E,0xBF3C,0xA4D0,0xAC0B,0xAC2B,0xA40A,0xA52D,0x964F,
  0x8E4F,0x8E4F,0x8E4F,0x8E4F,0x8E4F,0x8E4F,0x8E4F,0x8E4F,0x9670,0x644C,0x0020,0x1841,0x4142,0x4901,0x50C1,0x48E3,
  0x1061,0x0000,0x81C5,0xEB28,0x91E5,0x0800,0x1800,0x4082,0x40A2,0x1840,0x0020,0x748D,0x9E91,0x8E6F,0x8E6F,0x8E50,
  0x8E4F,0x8E6F,0x8E4F,0x8E4F,0x8E4F,0x8E4F,0x8E4F,0x8E4F,0x8E4F,0x8E4F,0x8E4F,0x8E4F,0x8E4F,0x8E4F,0x8E4F,0x8E4F,
  0x8E4F,0x8E4F,0x8E4F,0x8E4F,0x8E4F,0x8E4F,0x8E4F,0x8E6F,0x8E6F,0x8E6F,0x8E6F,0x8E4F,0x8E4F,0x8E4F,0x8E4F,0x8E6F,
  0x9D4D,0xA42A,0xB42B,0xAC0A,0xBC88,0xF6CB,0xFF49,0xFF29,0xFF29,0xFF29,0xFF29,0xFF29,0xFF29,0xFF29,0xFF29,0xFF29,
  0xFF29,0xFF29,0xFF29,0xFF29,0xFF29,0xFF29,0xFF29,0xFF29,0xFF49,0xFF29,0xFF29,0xFF29,0xFF2B,0xD54A,0xABE9,0xAC2B,
  0xAC0A,0xACF1,0xBF1D,0xB75D,0xBF5B,0xC73A,0xBF5A,0xBF7B,0xB75C,0xB75E,0xAF5E,0xAF5E,0xAF5F,0xAF5E,0xAF5F,0xAF5E,
  0xAF5E,0xAF5E,0xAF5E,0xAF5E,0xAF5E,0xAF5E,0xAF5E,0xAF5E,0xAF5E,0xBF5C,0xACF1,0xB42C,0xB42C,0xAC2B,0xA54E,0x9670,
  0x8E70,0x9690,0x8E6F,0x8E6F,0x9670,0x8E70,0x8E8F,0x8E6F,0x96B0,0x642B,0x0000,0x3923,0xD46A,0xEC48,0xD2C5,0xBAA8,
  0x38E3,0x0000,0x8164,0xEA88,0x9185,0x0800,0x3040,0xC288,0xC2E9,0x40C2,0x0000,0x7CAE,0x9EB2,0x8E90,0x8E8F,0x966F,
  0x8E70,0x8E70,0x8E70,0x8E70,0x8E70,0x9670,0x8E70,0x9670,0x9670,0x9670,0x8E70,0x8E70,0x8E70,0x8E70,0x8E70,0x8E70,
  0x8E70,0x8E70,0x8E70,0x9670,0x9670,0x9670,0x9670,0x9670,0x9670,0x9670,0x9670,0x9670,0x9670,0x9670,0x9670,0x9670,
  0x9D4D,0xA42A,0xAC0B,0xAC0A,0xB488,0xF6AA,0xFF49,0xFF29,0xFF29,0xFF29,0xFF29,0xFF29,0xFF29,0xFF29,0xFF29,0xFF29,
  0xFF29,0xFF29,0xFF29,0xFF29,0xFF29,0xFF29,0xFF29,0xFF29,0xFF29,0xFF29,0xFF29,0xFF29,0xFF2B,0xCD4A,0xA3E9,0xAC2A,
  0xABEA,0xA4D0,0xB71D,0xA75E,0xA75D,0xAF5D,0xAF5E,0xAF5E,0xAF5E,0xAF5E,0xAF5E,0xAF5E,0xAF5E,0xAF5E,0xAF5E,0xAF3E,
  0xAF5E,0xAF3E,0xAF3E,0xAF3E,0xAF3E,0xAF3E,0xAF3E,0xAF3E,0xAF5E,0xBF3C,0xACD0,0xAC0B,0xB42B,0xAC2B,0xA54D,0x9E70,
  0x9670,0x8E50,0x8E4F,0x8E6F,0x8E6F,0x964F,0x8E4F,0x8E4F,0x9670,0x642B,0x0000,0x4102,0xE3A8,0xF344,0xE243,0xD246,
  0x6103,0x2020,0x9185,0xE288,0xA1A6,0x3041,0x5081,0xD267,0xCAC9,0x40A2,0x0000,0x748D,0x9EB1,0x8E70,0x8E6F,0x8E6F,
  0x8E6F,0x8E70,0x8E6F,0x8E6F,0x8E6F,0x8E6F,0x8E70,0x8E50,0x9650,0x9650,0x8E70,0x8E70,0x8E70,0x8E70,0x8E70,0x8E70,
  0x8E70,0x8E70,0x8E70,0x8E70,0x8E70,0x8E70,0x8E70,0x8E70,0x8E70,0x8E70,0x8E70,0x8E70,0x8E70,0x8E70,0x8E70,0x8E6F,
  0x9D4D,0xA42A,0xB42B,0xAC0A,0xBC88,0xF6CB,0xFF49,0xFF29,0xFF29,0xFF29,0xFF29,0xFF29,0xFF29,0xFF29,0xFF29,0xFF29,
  0xFF29,0xFF29,0xFF29,0xFF29,0xFF29,0xFF29,0xFF29,0xFF29,0xFF29,0xFF29,0xFF49,0xFF49,0xFF2B,0xCD4A,0xAC0A,0xB44B,
  0xAC0A,0xA4F0,0xB73D,0xA75F,0xAF5E,0xAF5E,0xAF5E,0xAF5E,0xAF5E,0xAF5E,0xAF5E,0xAF5E,0xAF5E,0xAF5E,0xAF5E,0xAF5E,
  0xAF5E,0xAF5E,0xAF5E,0xAF5E,0xAF5E,0xAF5E,0xAF5E,0xAF5E,0xAF5E,0xC71C,0xACD0,0xAC2B,0xB44B,0xAC4B,0xA56D,0x9E70,
  0x9670,0x9670,0x8E90,0x8E90,0x9670,0x9650,0x8E50,0x8E6F,0x9670,0x644B,0x0000,0x3881,0xCA46,0xE1E3,0xE1E4,0xE206,
  0xC207,0xBA27,0xCA46,0xE226,0xDA48,0xBA48,0xC266,0xDA66,0xCA48,0x4082,0x0000,0x6C8C,0x9691,0x8E50,0x8E6F,0x8E6E,
  0x8E4F,0x964F,0x8E6F,0x8E6F,0x8E6F,0x8E6F,0x8E70,0x9670,0x9670,0x9670,0x8E70,0x8E70,0x8E70,0x8E70,0x8E70,0x8E70,
  0x8E70,0x8E70,0x8E70,0x8E70,0x8E70,0x8E70,0x8E70,0x8E70,0x8E70,0x8E70,0x8E70,0x8E70,0x8E70,0x8E70,0x8E70,0x8E4F,
  0x9D4D,0xA42A,0xB42B,0xAC2A,0xBC88,0xF6AA,0xFF49,0xFF29,0xFF29,0xFF29,0xFF29,0xFF29,0xFF29,0xFF29,0xFF29,0xFF29,
  0xFF29,0xFF29,0xFF29,0xFF29,0xFF29,0xFF29,0xFF29,0xFF29,0xFF29,0xFF29,0xFF49,0xFF29,0xFF2C,0xD56B,0xAC2A,0xB46B,
  0xB42B,0xAD10,0xB73C,0xAF5F,0xAF3E,0xAF5E,0xAF5E,0xAF5E,0xAF5E,0xAF5E,0xAF5E,0xAF5E,0xAF5E,0xAF5E,0xAF5E,0xAF5E,
  0xAF5E,0xAF5E,0xAF5E,0xAF5E,0xAF3E,0xAF3E,0xAF5E,0xAF5E,0xAF3F,0xBF1D,0xA4D0,0xAC0B,0xB44B,0xAC4B,0xA54E,0x9E70,
  0x9670,0x9E70,0x968F,0x9671,0x9671,0x9E51,0x9671,0x8E71,0x9E92,0x6C4C,0x0000,0x30A2,0xBA68,0xCA27,0xD227,0xD227,
  0xCA48,0xCA68,0xCA87,0xCA67,0xD268,0xD289,0xCAA7,0xCA87,0xB269,0x4082,0x0000,0x6C8C,0x9691,0x8E50,0x8E70,0x8E6F,
  0x8E70,0x966F,0x966F,0x8E6F,0x8E6F,0x8E6F,0x8E6F,0x966F,0x966F,0x966F,0x8E70,0x8E70,0x8E70,0x8E70,0x8E70,0x8E70,
  0x8E70,0x8E70,0x8E70,0x8E70,0x8E70,0x8E70,0x8E70,0x8E70,0x8E70,0x8E70,0x8E70,0x8E70,0x8E70,0x8E70,0x8E70,0x8E70,
  0x9D2C,0xA40A,0xAC0B,0xABEA,0xB488,0xF6AA,0xFF49,0xFF28,0xFF29,0xFF28,0xFF28,0xFF28,0xFF28,0xFF28,0xFF28,0xFF28,
  0xFF28,0xFF28,0xFF28,0xFF28,0xFF28,0xFF28,0xFF28,0xFF29,0xFF28,0xFF28,0xFF28,0xFF2A,0xFF2C,0xCD4A,0xA3E9,0xAC2B,
  0xABEB,0xA4F0,0xB71C,0xAF3E,0xAF3E,0xA75E,0xA75E,0xAF3E,0xAF3E,0xAF3E,0xAF3E,0xAF3E,0xAF3E,0xAF3E,0xAF3E,0xAF3E,
  0xA73E,0xA73E,0xA73E,0xA73E,0xA73E,0xA73E,0xA73E,0xA73E,0xA73E,0xB6FB,0xA4AF,0xA3E9,0xAC0A,0xA40A,0xA52D,0x9E50,
  0x9650,0x9671,0x8DEF,0x4307,0x3225,0x3245,0x3245,0x3245,0x3A26,0x2964,0x0000,0x1041,0x38C3,0x40C3,0x40C3,0x40C2,
  0x40C2,0x48A2,0x40E2,0x40E2,0x40C2,0x48C2,0x48C2,0x40C2,0x30E3,0x1041,0x0020,0x646C,0x9690,0x8E2F,0x8E50,0x8E4F,
  0x8E4F,0x8E4F,0x8E4F,0x8E4F,0x8E4F,0x8E6F,0x8E4F,0x8E4F,0x8E4F,0x8E4F,0x8E4F,0x8E4F,0x8E4F,0x8E4F,0x8E4F,0x8E4F,
  0x8E4F,0x8E4F,0x8E4F,0x8E4F,0x8E4F,0x8E4F,0x8E4F,0x8E4F,0x8E4F,0x8E4F,0x8E4F,0x8E4F,0x8E4F,0x8E4F,0x8E4F,0x8E4F,
  0xA56D,0xAC4B,0xB42B,0xB42B,0xBCA9,0xF6CB,0xFF49,0xFF49,0xFF49,0xFF49,0xFF49,0xFF49,0xFF49,0xFF29,0xFF29,0xFF29,
  0xFF29,0xFF29,0xFF29,0xFF49,0xFF49,0xFF49,0xFF49,0xFF49,0xFF49,0xFF29,0xFF2A,0xF74B,0xF76D,0xCD8B,0xAC0B,0xB44C,
  0xB44B,0xAD11,0xC71B,0xBF5D,0xAF5E,0xA79E,0xAF9E,0xB75F,0xB77F,0xB77F,0xB77F,0xB77F,0xB77F,0xB77F,0xB77F,0xB77F,
  0xAF7F,0xAF7F,0xAF5F,0xAF5F,0xAF5E,0xAF5E,0xAF5E,0xAF5E,0xAF5E,0xBF3B,0xA4EF,0xAC2A,0xB44B,0xAC6C,0xAD90,0xB6B3,
  0xA6D2,0xA713,0x9E53,0x0903,0x0000,0x0000,0x0000,0x0000,0x0000,0x0000,0x0001,0x0000,0x0000,0x0000,0x0000,0x0000,
  0x0000,0x0000,0x0000,0x0000,0x0000,0x0000,0x0000,0x0000,0x0000,0x0000,0x0021,0x748D,0xA6D2,0x9691,0x9691,0x9691,
  0x9691,0x9691,0x9670,0x9690,0x9690,0x9690,0x9690,0x9690,0x9690,0x9690,0x9690,0x9690,0x9690,0x9690,0x9690,0x9690,
  0x9690,0x9690,0x9690,0x9690,0x9690,0x9690,0x9690,0x9690,0x9690,0x9690,0x9690,0x9690,0x9690,0x9690,0x9690,0x9690,
  0x9D4D,0xA42A,0xAC0B,0xABEA,0xB468,0xEEAA,0xFF49,0xFF29,0xFF29,0xFF29,0xFF29,0xFF29,0xFF29,0xFF28,0xFF28,0xFF28,
  0xFF28,0xFF28,0xFF28,0xFF28,0xFF28,0xFF28,0xFF28,0xFF28,0xFF29,0xFF49,0xFF2B,0xE731,0xDF55,0xBD6E,0xA3E9,0xAC2B,
  0xABEA,0xB4EC,0xDF13,0xD735,0xB73B,0xAF5D,0xAF5D,0xAF5E,0xAF3E,0xAF3E,0xAF3E,0xAF3E,0xAF3E,0xAF3E,0xAF3E,0xAF3E,
  0xAF3E,0xAF3E,0xAF3E,0xAF3E,0xAF3E,0xAF3E,0xA73E,0xA73E,0xA73E,0xB6FB,0x948E,0x9BAA,0x72A7,0x49C5,0x4A87,0x4B29,
  0x4B28,0x4B48,0x434A,0x2BD1,0x1BF2,0x13F1,0x13F2,0x1BD2,0x1BD1,0x13D1,0x13B0,0x13B0,0x13D0,0x13D1,0x13B1,0x13B1,
  0x0BD1,0x0BD1,0x13B1,0x13D1,0x13B1,0x13B1,0x0BB1,0x0BB0,0x13AF,0x1390,0x1B70,0x332B,0x4308,0x4308,0x4308,0x4308,
  0x42E8,0x53A9,0x8E30,0x8E4F,0x8E4F,0x8E4F,0x8E4F,0x8E4F,0x8E4F,0x8E4F,0x8E6F,0x8E4F,0x8E4F,0x8E4F,0x8E4F,0x8E4F,
  0x8E4F,0x8E4F,0x8E4F,0x8E4F,0x8E4F,0x8E4F,0x8E4F,0x8E4F,0x8E4F,0x8E4F,0x8E4F,0x8E4F,0x8E4F,0x8E4F,0x8E4F,0x8E4F,
  0xA56D,0xAC4B,0xB42B,0xB42A,0xBCA8,0xF6CB,0xFF49,0xFF29,0xFF29,0xFF29,0xFF29,0xFF29,0xFF29,0xFF29,0xFF29,0xFF28,
  0xFF28,0xFF28,0xFF28,0xFF28,0xFF28,0xFF28,0xFF28,0xFF29,0xFF49,0xFF49,0xF74D,0xD757,0xC77C,0xAD92,0xAC2A,0xB44B,
  0xAC0A,0xBD09,0xF74B,0xE76E,0xBF59,0xAF5E,0xAF7E,0xAF5E,0xAF5E,0xAF5E,0xAF5E,0xAF5E,0xB77F,0xB77F,0xB77F,0xB77F,
  0xB75F,0xB75F,0xAF5F,0xAF5F,0xAF5E,0xAF5E,0xAF5E,0xAF5E,0xB79F,0xC75D,0xA4D0,0xAC2D,0x4163,0x0000,0x0000,0x0000,
  0x0000,0x0000,0x0042,0x2DDB,0x16DF,0x16DF,0x0EDF,0x16BF,0x16BE,0x16BF,0x16BE,0x169E,0x169F,0x169F,0x169E,0x169E,
  0x169F,0x169F,0x169F,0x0E9F,0x169F,0x169F,0x0E9F,0x0E9F,0x167F,0x167E,0x2E1C,0x01C8,0x0000,0x0000,0x0000,0x0000,
  0x0000,0x18E2,0xA6D3,0xA6F2,0x9ED2,0x9EF2,0x9EB1,0x9690,0x9690,0x9690,0x9690,0x9690,0x9690,0x9690,0x9690,0x9690,
  0x9690,0x9690,0x9690,0x9690,0x9690,0x9690,0x9690,0x9690,0x9690,0x9670,0x9670,0x9690,0x9690,0x9690,0x9690,0x9690,
  0x9D4C,0xA42A,0xAC0A,0xABEA,0xB448,0xF68B,0xFF29,0xFF28,0xFF28,0xFF28,0xFF28,0xFF29,0xFF29,0xFF29,0xFF29,0xFF29,
  0xFF28,0xFF28,0xFF29,0xFF29,0xFF28,0xFF28,0xFF28,0xFF28,0xF72B,0xE72F,0xD753,0xBF5A,0xBF5E,0xAD73,0xA40B,0xB42B,
  0xA3E9,0xB4EC,0xDF32,0xCF54,0xB75B,0xAF5E,0xAF5E,0xAF5E,0xAF3E,0xAF3E,0xAF3E,0xAF3E,0xAF5E,0xAF5E,0xAF5E,0xAF5E,
  0xAF5E,0xAF3E,0xAF3E,0xAF3E,0xAF3E,0xAF3E,0xAF3E,0xA69C,0x6CB4,0x7471,0x62E9,0x5A47,0x3A89,0x12AC,0x12CD,0x12CC,
  0x12CC,0x12CC,0x0B4F,0x0E1C,0x06BF,0x069F,0x069F,0x069F,0x067F,0x069F,0x069F,0x067F,0x067F,0x067F,0x067F,0x067F,
  0x067F,0x067F,0x067F,0x067F,0x067F,0x067F,0x067F,0x067F,0x067F,0x065F,0x161C,0x0BF2,0x12CD,0x126C,0x0A0C,0x122C,
  0x122C,0x226C,0x5C0C,0x5C2B,0x5C2B,0x53E9,0x7D8D,0x9670,0x9650,0x8E50,0x8E4F,0x8E70,0x8E6F,0x8E4F,0x8E4F,0x8E6F,
  0x8E6F,0x8E6F,0x8E6F,0x8E4F,0x8E4F,0x8E4F,0x8E4F,0x8E4F,0x8E4F,0x8E4F,0x8E4F,0x8E6F,0x8E6F,0x8E6F,0x8E6F,0x8E6F,
  0x9D6D,0xA44A,0xB44B,0xB40A,0xBC68,0xEEAB,0xFF49,0xFF29,0xFF49,0xFF48,0xFF48,0xFF49,0xFF2A,0xFF2A,0xFF49,0xFF29,
  0xFF49,0xFF49,0xFF49,0xFF49,0xFF29,0xFF29,0xFF28,0xFF28,0xE74D,0xCF56,0xB75B,0xAF5D,0xBF5E,0xB594,0xAC2B,0xB46B,
  0xB44A,0xAD10,0xBF1B,0xAF5D,0xAF7E,0xAF5E,0xAF5E,0xAF7E,0xAF5E,0xAF5E,0xAF5E,0xAF5E,0xAF5E,0xAF5E,0xAF5F,0xAF5F,
  0xAF5F,0xB75F,0xAF7F,0xAF7E,0xB75F,0xB77F,0xBFDF,0x9619,0x0082,0x0000,0x0000,0x0000,0x2390,0x267D,0x167E,0x167E,
  0x167E,0x0E9E,0x0E9E,0x069F,0x06BF,0x06BF,0x06BF,0x06BF,0x069F,0x069F,0x06BF,0x06BF,0x069F,0x069F,0x06BF,0x06BF,
  0x06BF,0x06BF,0x06BF,0x069F,0x06BF,0x069F,0x069F,0x069F,0x06BF,0x069F,0x069F,0x0E7E,0x1E7E,0x157C,0x0C9B,0x14BC,
  0x1D1D,0x13F6,0x0000,0x0000,0x0000,0x0000,0x6CAB,0xA712,0x9EB0,0x9691,0x9690,0x8E90,0x8EB0,0x9690,0x9670,0x9690,
  0x9690,0x8E91,0x8E90,0x9670,0x9670,0x9670,0x9670,0x9690,0x9690,0x9690,0x9690,0x9690,0x9690,0x9690,0x9690,0x9690,
  0x9D2D,0x9C0A,0xAC0B,0xAC09,0xB469,0xDECE,0xE76D,0xF72A,0xFF29,0xFF29,0xFF29,0xFF29,0xFF29,0xFF29,0xFF28,0xFF29,
  0xFF29,0xFF29,0xFF29,0xFF29,0xF74B,0xE74F,0xE74F,0xE72F,0xD753,0xBF5A,0xAF3F,0xA73E,0xB73D,0xB572,0xA40A,0xAC4B,
  0xAC0A,0xA4F0,0xBF1B,0xAF3D,0xA73E,0xAF3E,0xA73E,0xA73E,0xA73E,0xA73E,0xAF3E,0xAF3E,0xA73E,0xA73E,0xA73E,0xAF3E,
  0xAF3E,0xA75E,0xA77E,0xAF5E,0xAF5E,0xAEFC,0xA699,0x8DD6,0x226B,0x11C8,0x11E9,0x09E9,0x1495,0x0E7E,0x067F,0x067F,
  0x067F,0x067F,0x067F,0x067F,0x069F,0x06BF,0x06BF,0x069F,0x069F,0x069F,0x069F,0x069F,0x069F,0x069F,0x069F,0x069F,
  0x069F,0x069F,0x069F,0x069F,0x069F,0x069F,0x069F,0x069F,0x069F,0x069F,0x069F,0x067F,0x067F,0x05DE,0x055D,0x053E,
  0x0D5E,0x0C99,0x09CA,0x0988,0x0988,0x0967,0x540D,0x7D4E,0x85AE,0x8E70,0x8E6F,0x8E6F,0x8E6F,0x8E50,0x8E50,0x8E4F,
  0x8E50,0x8E50,0x8E4F,0x8E4F,0x8E4F,0x8E4F,0x8E4F,0x8E4F,0x8E4F,0x8E4F,0x8E4F,0x8E4F,0x8E4F,0x8E4F,0x8E4F,0x8E4F,
  0x9D4D,0xA42A,0xAC2B,0xAC0A,0xAC6C,0xC6B6,0xCF57,0xE72F,0xFF2A,0xFF29,0xFF48,0xFF29,0xFF29,0xFF28,0xFF48,0xFF49,
  0xFF29,0xFF2A,0xFF29,0xF74A,0xDF51,0xC759,0xBF5A,0xC73A,0xB73B,0xAF5E,0xAF3F,0xAF3E,0xB75E,0xB573,0xAC2B,0xB44C,
  0xAC2B,0xAD11,0xBF1C,0xAF5E,0xAF5E,0xAF3F,0xAF3F,0xAF5E,0xAF5E,0xAF5E,0xAF5E,0xAF5E,0xAF5E,0xAF5E,0xAF5E,0xAF5E,
  0xAF3E,0xAF5E,0xAF5E,0xAF5E,0xBFDF,0x8D56,0x18E4,0x29E9,0x4DDA,0x2E7E,0x265D,0x1E5D,0x0E5D,0x067E,0x067E,0x067E,
  0x067E,0x069F,0x06BF,0x0E9F,0x0EBF,0x06BF,0x06BF,0x069F,0x069F,0x069F,0x069F,0x069F,0x069F,0x069F,0x069F,0x069F,
  0x069F,0x069F,0x069F,0x069F,0x069F,0x069F,0x069F,0x069F,0x069F,0x069F,0x069F,0x069F,0x069F,0x067F,0x0E5F,0x0E1F,
  0x059E,0x0D5D,0x1CFB,0x1CDB,0x1CBA,0x24D9,0x1A4B,0x0840,0x5328,0xA6B2,0x9670,0x9670,0x8E70,0x8E70,0x8E70,0x8E70,
  0x8E70,0x8E6F,0x8E6F,0x8E70,0x8E70,0x8E6F,0x8E6F,0x8E70,0x8E70,0x8E70,0x8E70,0x8E70,0x8E70,0x8E70,0x8E70,0x8E70,
  0xA54D,0xA42B,0xAC2A,0xAC2A,0xA46D,0xB6BA,0xBF5C,0xD754,0xEF4E,0xEF4D,0xEF4D,0xEF2D,0xEF2E,0xEF4D,0xEF4D,0xEF4D,
  0xEF4D,0xEF2D,0xEF4D,0xE74F,0xCF56,0xB75E,0xAF5E,0xAF5E,0xAF5E,0xAF5E,0xAF5D,0xB75A,0xC75A,0xB592,0xB42C,0xBC4C,
  0xB44B,0xAD11,0xBF3D,0xAF5E,0xAF5F,0xAF3F,0xAF5F,0xAF5E,0xA73E,0xA73E,0xA73E,0xA73E,0xA75E,0xA75F,0xA75F,0xA75F,
  0xA75E,0xA75F,0xAF5F,0xAEFC,0xBF1D,0x84F5,0x0064,0x01CA,0x2E3C,0x0EDF,0x0EBF,0x0EBF,0x1E9E,0x167D,0x167D,0x167D,
  0x1E7D,0x1E9D,0x16BE,0x0EDF,0x06DF,0x06BF,0x069F,0x069F,0x067F,0x069F,0x069F,0x069F,0x069F,0x069F,0x069F,0x069F,
  0x069F,0x069F,0x069F,0x069F,0x069F,0x069F,0x069F,0x069F,0x069F,0x069F,0x067E,0x069F,0x06BF,0x069F,0x0E9F,0x063F,
  0x05BD,0x057D,0x053D,0x051D,0x04FC,0x151C,0x0A6E,0x0041,0x42C8,0x9E52,0x95F0,0x9671,0x8E90,0x9670,0x9670,0x8E70,
  0x966F,0x966F,0x8E6F,0x8E70,0x8E70,0x8E70,0x8E70,0x8E70,0x8E70,0x8E70,0x8E70,0x8E70,0x8E70,0x8E70,0x8E70,0x8E70,
  0xA52D,0xA40A,0xAC2A,0xAC0A,0xA48D,0xBEDA,0xB77D,0xB77A,0xC758,0xC758,0xC739,0xCF39,0xCF39,0xC758,0xC739,0xC758,
  0xC758,0xC758,0xC757,0xC738,0xBF5C,0xAF5F,0xAF5E,0xA77E,0xA75E,0xAF3F,0xB73B,0xD753,0xE770,0xBD6C,0xABEA,0xB42C,
  0xAC0A,0xAD11,0xBF3D,0xAF5E,0xAF5E,0xAF3E,0xAF5E,0xAF5E,0xAF3E,0xAF3E,0xA73E,0xA73E,0xA75E,0xA75E,0xA75E,0xA75E,
  0xA75E,0xA75F,0xAF7F,0x7CB3,0x1925,0x2A8C,0x2CF6,0x15BA,0x169E,0x0EBF,0x0EBF,0x0E9E,0x4F3F,0x879F,0x7F7F,0x779F,
  0x777F,0x777F,0x5F7F,0x16BD,0x069E,0x069F,0x067F,0x069F,0x067F,0x069F,0x069F,0x069F,0x069F,0x069F,0x069F,0x069F,
  0x069F,0x069F,0x069F,0x069F,0x069F,0x069F,0x069F,0x069F,0x069F,0x069F,0x069E,0x069F,0x069F,0x069F,0x069F,0x067F,
  0x065F,0x065F,0x063F,0x061E,0x055D,0x051D,0x1479,0x1C15,0x22AD,0x1123,0x3265,0x9671,0x8E90,0x966F,0x966F,0x8E70,
  0x8E70,0x8E6F,0x8E6F,0x8E6F,0x8E6F,0x8E4F,0x8E4F,0x8E4F,0x8E4F,0x8E4F,0x8E4F,0x8E4F,0x8E4F,0x8E6F,0x8E6F,0x8E6F,
  0xA54D,0xAC4A,0xB42A,0xAC0A,0xA48D,0xC6B7,0xBF5B,0xAF5D,0xAF5D,0xAF5D,0xAF5D,0xB75E,0xAF5E,0xAF5E,0xAF5E,0xB75F,
  0xAF5F,0xAF7E,0xAF7D,0xAF5D,0xB73C,0xB75B,0xB75C,0xAF7E,0xAF5F,0xB73F,0xBF3B,0xDF52,0xF76E,0xCD6B,0xAC0B,0xB44C,
  0xAC2B,0xAD11,0xBF3D,0xAF7E,0xAF5F,0xAF5E,0xAF5E,0xAF5E,0xAF5F,0xAF5F,0xAF5F,0xAF5F,0xAF5E,0xAF5E,0xAF5E,0xAF5F,
  0xAF5E,0xAF1D,0xBF5E,0x7451,0x0000,0x0A2A,0x265C,0x0E9F,0x06BF,0x0EBF,0x169E,0x165C,0x673E,0xA79F,0xA79F,0x9F9F,
  0x9F7F,0x97BF,0x6FBF,0x26BE,0x069E,0x069F,0x067F,0x069F,0x069F,0x069F,0x069F,0x069F,0x069F,0x069F,0x069F,0x069F,
  0x069F,0x069F,0x069F,0x069F,0x069F,0x069F,0x069F,0x069F,0x069F,0x069F,0x069F,0x069F,0x069F,0x069F,0x067F,0x069F,
  0x069F,0x069F,0x067F,0x0E7F,0x055D,0x04FD,0x04FD,0x151C,0x12D1,0x0000,0x19A4,0x9E93,0x9671,0x964F,0x966F,0x9671,
  0x9671,0x9670,0x8E70,0x9670,0x9670,0x9670,0x9670,0x9670,0x9670,0x9670,0x9670,0x8E70,0x9670,0x9670,0x9670,0x9670,
  0x9D2D,0xA40A,0xAC0A,0xABEA,0xAC6A,0xD6B0,0xD753,0xC71A,0xAF3E,0xAF5D,0xAF3D,0xAF3E,0xAF5E,0xAF3E,0xAF3E,0xAF3E,
  0xA73F,0xA75E,0xA73E,0xAF1D,0xC717,0xD712,0xC716,0xAF3C,0xA73E,0xAF3E,0xAF3C,0xBF38,0xD735,0xBD4F,0xABEA,0xB42B,
  0xAC0A,0xA4F1,0xBF1C,0xAF5E,0xAF5E,0xAF3E,0xAF3E,0xAF3E,0xAF3E,0xAF3E,0xAF3E,0xAF3E,0xA73E,0xA73E,0xA73E,0xA73E,
  0xAF3E,0x53AF,0x29E7,0x2165,0x0020,0x124B,0x161C,0x065F,0x067F,0x0E7E,0x4F3F,0x673F,0x875F,0xA77F,0x9F7F,0xA77F,
  0x8F5E,0x3E9D,0x36FE,0x0E9E,0x067E,0x067F,0x065F,0x067F,0x067F,0x067F,0x067F,0x067F,0x067F,0x067F,0x067F,0x067F,
  0x067F,0x067F,0x069F,0x069F,0x069F,0x067F,0x069F,0x069F,0x069F,0x067F,0x067F,0x067F,0x067F,0x067F,0x069F,0x067F,
  0x067F,0x067F,0x069F,0x069F,0x05DE,0x057E,0x053D,0x04FD,0x1438,0x1B52,0x2B2D,0x2A87,0x3265,0x85CF,0x966F,0x8E50,
  0x8E50,0x8E6F,0x8E50,0x8E4F,0x8E4F,0x8E4F,0x8E4F,0x8E4F,0x8E4F,0x8E4F,0x8E4F,0x8E4F,0x8E4F,0x8E4F,0x8E4F,0x8E4F,
  0xA56E,0xAC4B,0xB42B,0xB42A,0xB4A9,0xE6ED,0xE76F,0xC757,0xAF5E,0xAF5F,0xB75E,0xB75D,0xB77C,0xB75D,0xAF7E,0xAF7E,
  0xAF7F,0xAF7E,0xAF5E,0xBF5D,0xD734,0xEF2D,0xDF31,0xB75B,0xA77F,0xA75E,0xA77E,0xA73D,0xB73C,0xAD72,0xAC0B,0xB44B,
  0xAC0B,0xAD11,0xBF3D,0xAF5F,0xAF5F,0xB75F,0xB75F,0xAF5E,0xAF5F,0xAF5F,0xAF5F,0xAF5F,0xAF5E,0xAF5E,0xAF5E,0xAF5E,
  0xAF3D,0x3A8A,0x0000,0x0000,0x0000,0x0A2A,0x1E3C,0x067F,0x065E,0x165C,0x77BF,0x97DF,0x9F9F,0xA77F,0x9F9F,0x9FFF,
  0x6F9F,0x0E5D,0x069E,0x069F,0x069F,0x069F,0x069F,0x069F,0x06BF,0x069F,0x069F,0x069F,0x069F,0x069F,0x069F,0x069F,
  0x069F,0x069F,0x069F,0x069F,0x069F,0x069F,0x069F,0x069F,0x069F,0x069F,0x069F,0x069F,0x06BF,0x06BF,0x06BF,0x069F,
  0x069F,0x069F,0x069E,0x069E,0x063D,0x0E1E,0x057C,0x04FC,0x04FD,0x153D,0x23F4,0x0021,0x0860,0x85B0,0x96B1,0x9690,
  0x9690,0x8E8F,0x9690,0x9670,0x9670,0x9690,0x9670,0x9690,0x9690,0x9690,0x9670,0x9670,0x9670,0x9690,0x9690,0x9690,
  0x9D2D,0xA40A,0xAC0B,0xAC0A,0xAC8B,0xD6B2,0xCF56,0xB75A,0xAF5E,0xAF3F,0xB73D,0xBF39,0xCF35,0xCF37,0xAF5C,0xA75E,
  0xAF3E,0xAF3D,0xA73E,0xAF3D,0xC737,0xCF32,0xCF35,0xAF3B,0xA73E,0xA73E,0xA73E,0xA71E,0xAF1D,0xA552,0xA3AA,0xB3EA,
  0xABCA,0x9CD0,0xAF1C,0x9F3F,0xA73F,0xAF1E,0xAF3E,0xA73E,0xA73F,0xA73F,0xA73E,0xA73E,0xA73E,0xAF3E,0xAF3E,0xA71E,
  0xA6FC,0x3A8B,0x0020,0x19C7,0x2B2E,0x1C54,0x0E3D,0x067F,0x065E,0x163C,0x6F5F,0x979F,0x9F5F,0x9F7F,0x7F5E,0x571E,
  0x36FF,0x0E7E,0x069E,0x067F,0x067F,0x065F,0x067F,0x067E,0x065F,0x067F,0x065F,0x067F,0x069E,0x067F,0x067F,0x067F,
  0x067E,0x067F,0x067F,0x065F,0x065F,0x067F,0x067F,0x065F,0x065F,0x067F,0x067F,0x067F,0x067F,0x067F,0x067F,0x067F,
  0x067F,0x067F,0x067F,0x067F,0x065E,0x063E,0x057D,0x04DC,0x04DD,0x0D1D,0x1BD5,0x0063,0x10A0,0x858F,0x8E70,0x8E4F,
  0x964F,0x8E4F,0x8E4F,0x8E4F,0x8E4F,0x8E4F,0x8E4F,0x8E4F,0x8E4F,0x8E4F,0x8E4F,0x8E4F,0x8E4F,0x8E4F,0x8E4F,0x8E4F,
  0x9D6D,0xA44B,0xB42B,0xAC2B,0xA4AE,0xBED9,0xBF7D,0xB75D,0xAF7E,0xAF5E,0xB73D,0xCF55,0xEF4D,0xE730,0xBF5A,0xAF5E,
  0xB73F,0xAF3F,0xA75F,0xA77F,0xAF7D,0xB75C,0xB75E,0xAF5E,0xA75E,0xAF3F,0xA75E,0xA75E,0xB75D,0xA572,0xA40A,0xB42A,
  0xAC0A,0xA50F,0xB73C,0xA75E,0xAF5E,0xB73E,0xAF5E,0xAF5E,0xB75E,0xAF5E,0xB75E,0xB75E,0xB75E,0xAF5E,0xAF9E,0xBFBF,
  0xC79F,0x424A,0x0000,0x238E,0x269D,0x0E7E,0x067E,0x067F,0x067F,0x165E,0x779F,0x97DF,0x979F,0x97DF,0x571E,0x0E5D,
  0x0E9F,0x0E9F,0x0EBF,0x16DF,0x16DF,0x16DF,0x0EFF,0x0EBF,0x067F,0x069F,0x069F,0x069F,0x069F,0x069F,0x069F,0x0E7F,
  0x169F,0x16BF,0x0EDF,0x0EDF,0x0EBF,0x0E7F,0x067F,0x069F,0x069E,0x069E,0x069F,0x069F,0x069F,0x069F,0x069F,0x069F,
  0x069F,0x069F,0x069F,0x069F,0x069F,0x0E7F,0x05BE,0x051D,0x04FD,0x0D3E,0x1BD5,0x0003,0x0840,0x8DD1,0x9EF2,0x9670,
  0x966F,0x8E70,0x8E70,0x8E70,0x8E70,0x9670,0x9670,0x9670,0x9670,0x9670,0x9670,0x8E70,0x8E70,0x8E70,0x8E90,0x8E90,
  0x9D2D,0xA42A,0xAC0A,0xA40A,0x9C8E,0xB6FA,0xAF7E,0xAF5D,0xAF5D,0xAF5E,0xAF3D,0xCF34,0xEF2B,0xE70F,0xB73A,0xAF3E,
  0xAF3E,0xAF3F,0xA75E,0xA75D,0xAF5D,0xAF3E,0xAF3F,0xA75E,0xA75E,0xA73E,0xA73E,0xA73D,0xAF3C,0xA552,0x9BEA,0xAC0A,
  0xABEA,0xA4F0,0xB71B,0xA73E,0xA73E,0xAF3E,0xA75E,0xA75E,0xAF3E,0xA75D,0xAF5D,0xB73E,0xB73E,0xAF5F,0xAF3D,0x8DB7,
  0x8D36,0x3B0D,0x11C8,0x1455,0x165F,0x065F,0x067E,0x065F,0x067F,0x0E5D,0x473E,0x677E,0x5F5E,0x5F7E,0x36FE,0x069E,
  0x06BF,0x06BF,0x165D,0x2518,0x24D6,0x24D6,0x1CD5,0x1DBA,0x0E9F,0x067F,0x067F,0x067F,0x067F,0x067F,0x067F,0x165E,
  0x1D59,0x24B6,0x24D5,0x24B5,0x1D79,0x0E7E,0x067F,0x067F,0x069F,0x069F,0x067F,0x067F,0x067F,0x067F,0x067F,0x067F,
  0x067F,0x067F,0x067F,0x067F,0x069F,0x0E7F,0x05FE,0x057D,0x053D,0x053E,0x1458,0x09EC,0x19E9,0x646E,0x74ED,0x8DCF,
  0x8E4F,0x8E4F,0x8E2F,0x8E4F,0x8E4F,0x8E4F,0x8E4F,0x8E4F,0x8E4F,0x8E4F,0x8E4F,0x8E4F,0x8E4F,0x8E4F,0x8E4F,0x8E4F,
  0xA54D,0xAC2B,0xB42B,0xAC2B,0x9CAE,0xB6FA,0xB77E,0xAF5F,0xAF5E,0xAF5E,0xB73D,0xCF34,0xEF2D,0xDF30,0xB75A,0xA75E,
  0xA77E,0xA75E,0xAF5F,0xAF5D,0xAF5D,0xAF5E,0xAF3F,0xAF5E,0xAF5E,0xAF5F,0xAF5E,0xAF3E,0xB73D,0xAD53,0xA3EB,0xB40B,
  0xABEB,0xA4F0,0xBF1C,0xAF3F,0xA75F,0xAF3E,0xAF5E,0xAF5F,0xAF5F,0xA77E,0xAF7E,0xB75F,0xB73F,0xB77F,0xAEBB,0x2166,
  0x0020,0x3CB4,0x267D,0x0E5E,0x067F,0x069F,0x069F,0x069F,0x069F,0x067E,0x065E,0x0E7D,0x065E,0x0E5E,0x067E,0x067F,
  0x069F,0x0EFE,0x2E1C,0x0167,0x0021,0x0021,0x0021,0x1BF2,0x16DF,0x069F,0x069F,0x069F,0x06BF,0x069F,0x067F,0x263E,
  0x126C,0x0001,0x0042,0x0000,0x12ED,0x269D,0x06BF,0x0E7F,0x069F,0x069F,0x069F,0x069F,0x069F,0x069F,0x069F,0x069F,
  0x069F,0x069F,0x069F,0x069F,0x069F,0x069F,0x065F,0x0E3F,0x05BE,0x051D,0x0CFD,0x14FB,0x3496,0x0124,0x0080,0x74EE,
  0x9690,0x964F,0x9670,0x8E70,0x9670,0x9670,0x9670,0x9670,0x9670,0x9670,0x9670,0x9670,0x9670,0x9670,0x9670,0x8E70,
  0x9D4D,0xA42A,0xAC0A,0xA40A,0x9C8E,0xB6DA,0xAF5E,0xA75E,0xAF5E,0xAF3E,0xB73E,0xC737,0xD731,0xCF34,0xB73B,0xAF3F,
  0xA77E,0xA75E,0xAF3F,0xAF3E,0xAF5E,0xA75E,0xAF5F,0xB73E,0xB73D,0xAF3F,0xAF5F,0xAF3E,0xBF3D,0xAD73,0xAC0A,0xB42A,
  0xAC0A,0xAD10,0xB71C,0xA73F,0xA73F,0xAF3E,0xAF3E,0xAF3E,0xAF3F,0xA75F,0xA75E,0xAF5E,0xA73E,0xAF7F,0xAEBB,0x2145,
  0x0000,0x2CD6,0x16BF,0x069F,0x069F,0x069F,0x069F,0x069F,0x067F,0x067F,0x067F,0x067F,0x067F,0x067F,0x067F,0x067F,
  0x161C,0x2558,0x34D6,0x122A,0x0946,0x0966,0x0966,0x1C95,0x0EFF,0x06BF,0x069F,0x069F,0x06BF,0x069F,0x069F,0x1E5D,
  0x1B4E,0x0945,0x0987,0x0946,0x230D,0x2D37,0x159A,0x0E3E,0x069F,0x069F,0x069F,0x069F,0x069F,0x069F,0x069F,0x069F,
  0x069F,0x069F,0x069F,0x069F,0x069F,0x069F,0x067F,0x0E7F,0x05DE,0x04FD,0x04DE,0x04DD,0x2478,0x00C5,0x0020,0x74EE,
  0x8EB0,0x8E6F,0x8E70,0x8E6F,0x8E6F,0x8E70,0x8E70,0x8E70,0x8E70,0x8E70,0x8E70,0x8E70,0x8E70,0x8E6F,0x8E6F,0x8E6F,
  0x9D4D,0xA42B,0xAC0A,0xAC0A,0x9C8E,0xB6BA,0xAF5E,0xA75E,0xA75E,0xA75F,0xAF3F,0xB75C,0xBF59,0xB75B,0xAF5E,0xAF3F,
  0xA75E,0xA75F,0xAF3F,0xAF3E,0xAF5E,0xA75E,0xAF5D,0xAF3D,0xAF3E,0xAF3F,0xAF5F,0xAF3E,0xBF3D,0xAD73,0xAC2B,0xB46B,
  0xAC2A,0xA510,0xB71C,0xA75F,0xA75F,0xA73E,0xA73E,0xAF3E,0xAF3F,0xA75E,0xA75E,0xA75E,0xA75E,0xAF7E,0xAE9B,0x2166,
  0x0000,0x2CF6,0x16BF,0x06BF,0x069F,0x069F,0x069F,0x069F,0x069F,0x067F,0x067F,0x069F,0x069F,0x067F,0x067E,0x06BF,
  0x14D6,0x0063,0x0146,0x2D17,0x2DFB,0x25FA,0x1DFB,0x165E,0x06DF,0x06BF,0x069F,0x067F,0x067F,0x069F,0x069F,0x069E,
  0x1E3B,0x25FA,0x25DB,0x35FB,0x1BD1,0x0083,0x01EA,0x15FC,0x069F,0x067F,0x067F,0x069F,0x069F,0x069F,0x067F,0x069F,
  0x069F,0x069F,0x069F,0x069F,0x069F,0x069F,0x069F,0x067F,0x05DE,0x04FD,0x04FD,0x0CDD,0x2478,0x00E5,0x0820,0x7CCD,
  0x9670,0x8E4F,0x8E70,0x8E6F,0x8E6F,0x8E6F,0x8E6F,0x8E70,0x8E70,0x8E70,0x8E70,0x8E6F,0x8E6F,0x8E6F,0x8E6F,0x8E6F,
  0x9D6D,0xA44A,0xAC2A,0xAC0A,0xA46E,0xC699,0xBF3D,0xBF3D,0xB73D,0xB73D,0xB75D,0xB75C,0xB73C,0xB73D,0xB75D,0xB73D,
  0xB75C,0xB75C,0xB73D,0xB73C,0xB73D,0xB73D,0xBF3C,0xBF3C,0xBF3D,0xBF3D,0xBF5C,0xBF3C,0xCF3C,0xB573,0xAC2C,0xB46C,
  0xAC4B,0xB510,0xCF1B,0xBF3D,0xB75D,0xBF3C,0xB73C,0xB73D,0xBF3C,0xB73C,0xB73C,0xB73C,0xBF1C,0xC73C,0xB67A,0x2145,
  0x0000,0x2CF6,0x16DF,0x06BF,0x06BF,0x06BF,0x06BF,0x069F,0x067F,0x069F,0x067F,0x069F,0x067F,0x067F,0x065F,0x0EBF,
  0x1CB5,0x0000,0x00E3,0x1D99,0x0E9F,0x06BF,0x06BF,0x069F,0x069F,0x06BF,0x069F,0x069F,0x069F,0x069F,0x069F,0x067F,
  0x069F,0x06BF,0x067F,0x16BF,0x1412,0x0000,0x0167,0x1DDA,0x06BF,0x069F,0x069F,0x069F,0x069F,0x069F,0x069F,0x069F,
  0x069F,0x069F,0x069F,0x069F,0x069F,0x069F,0x069F,0x0E9F,0x05DE,0x04FD,0x04FD,0x0CDC,0x2478,0x00E5,0x0820,0x7CCD,
  0x9E71,0x964F,0x9670,0x9670,0x9670,0x9670,0x9670,0x9670,0x9670,0x9670,0x9670,0x9670,0x9670,0x9670,0x9670,0x9670,
  0x9D2D,0xA40A,0xAC0A,0xAC0A,0xA42A,0x9C8D,0x9CAF,0xA490,0x9CAF,0x94CE,0x94AF,0x9CAF,0x9C8E,0x9C8F,0x9C90,0x9C8F,
  0x9CAF,0x9CAE,0x9CAE,0x94AF,0x948F,0x9C8F,0x9C8F,0x9CB0,0x9CAF,0x9CCF,0x9CCF,0x9CCF,0xA4D0,0xAC6D,0xAC0B,0xAC2B,
  0xB40A,0xAC2C,0xA4B0,0x9CD0,0x9CAF,0xA4AF,0x9C8F,0x9C8F,0x9C8E,0x9C8E,0x9C8F,0x9C8F,0x9C6F,0x9C90,0x8C4F,0x2103,
  0x0000,0x34B6,0x169F,0x069F,0x067F,0x069F,0x069F,0x069F,0x069E,0x069F,0x069F,0x069F,0x067F,0x067F,0x067F,0x069F,
  0x15FC,0x2517,0x2578,0x0E3C,0x067F,0x067F,0x067F,0x067F,0x067F,0x069F,0x067F,0x069F,0x06BE,0x069F,0x067F,0x067F,
  0x067F,0x067E,0x067F,0x069F,0x1DFB,0x2D17,0x2559,0x163E,0x069F,0x069F,0x067F,0x067F,0x069F,0x067F,0x067F,0x067F,
  0x067F,0x067F,0x069F,0x067F,0x067F,0x069F,0x067E,0x067F,0x05BE,0x04FD,0x04DD,0x04DD,0x1C78,0x00E6,0x0840,0x74AD,
  0x9650,0x8E4F,0x8E6F,0x8E4F,0x8E4F,0x8E4F,0x8E4F,0x8E4F,0x8E4F,0x8E4F,0x8E4F,0x8E4F,0x8E4F,0x8E4F,0x8E4F,0x8E4F,
  0xA54E,0xAC2B,0xAC2B,0xAC4B,0xAC2A,0xAC2A,0xAC2B,0xAC0B,0xAC2B,0xAC2B,0xAC2B,0xAC2B,0xAC2B,0xAC0B,0xAC0B,0xAC0B,
  0xAC0B,0xAC2B,0xAC0B,0xAC0B,0xAC0B,0xAC2B,0xAC0B,0xAC0C,0xAC2C,0xAC4C,0xAC6B,0xAC6B,0xAC4C,0xB46C,0xB44B,0xB44C,
  0xB44B,0xB44B,0xAC4C,0xAC4B,0xAC4B,0xAC4C,0xAC2C,0xAC2C,0xAC0B,0xAC0B,0xAC2B,0xAC0B,0xAC0B,0xAC8D,0x942D,0x10A1,
  0x0000,0x2C95,0x169F,0x069F,0x069F,0x069F,0x069F,0x069F,0x06BF,0x06BF,0x06BF,0x06BF,0x069F,0x069F,0x069F,0x069F,
  0x069F,0x0EBF,0x0E9F,0x069E,0x067F,0x067F,0x067F,0x067E,0x069F,0x069F,0x069F,0x06BF,0x069F,0x069F,0x069F,0x067F,
  0x067F,0x065F,0x069F,0x069F,0x069E,0x0EBF,0x0E9F,0x067F,0x069F,0x069F,0x069F,0x069F,0x069F,0x069F,0x069F,0x069F,
  0x069F,0x069F,0x069F,0x069F,0x069F,0x069F,0x069F,0x067F,0x05DE,0x053C,0x053C,0x051D,0x2499,0x00A6,0x0000,0x8530,
  0xAEF4,0x9692,0x9690,0x9690,0x9690,0x9670,0x9670,0x9670,0x9670,0x9670,0x9670,0x8E70,0x8E70,0x8E70,0x8E70,0x9670,
  0x9D2D,0xAC0A,0xABEA,0xABE9,0xAC0A,0xAC0A,0xAC0A,0xAC0A,0xAC0A,0xAC0A,0xAC0A,0xAC0A,0xAC0A,0xAC0A,0xAC0A,0xAC0A,
  0xAC0A,0xAC0A,0xAC0A,0xAC0A,0xAC0A,0xAC0A,0xAC0A,0xAC0A,0xB40A,0xB40A,0xB40A,0xB42A,0xB40B,0xB42B,0xAC2A,0xAC0B,
  0xAC0B,0xAC0A,0xB42B,0xB42A,0xB42A,0xB40A,0xB42A,0xB40A,0xB40A,0xB40A,0xB3EA,0xB40A,0x9BAA,0x49E4,0x39E6,0x334E,
  0x23D1,0x159A,0x069F,0x067F,0x069F,0x069F,0x067F,0x067F,0x069F,0x069F,0x069F,0x069F,0x069F,0x069F,0x069F,0x069F,
  0x069F,0x067F,0x067F,0x067F,0x067F,0x067F,0x065F,0x065F,0x067F,0x065F,0x067F,0x067F,0x067F,0x067F,0x067F,0x069F,
  0x067F,0x065F,0x065F,0x067E,0x067F,0x069F,0x067F,0x067F,0x069F,0x069F,0x067F,0x067F,0x067F,0x067F,0x067F,0x067F,
  0x067F,0x067F,0x067F,0x067F,0x069F,0x069F,0x069F,0x067F,0x063E,0x05FE,0x0DBD,0x051D,0x14DB,0x1373,0x230F,0x432B,
  0x4AE8,0x7D0E,0x9E91,0x8E4F,0x8E4F,0x8E4F,0x8E4F,0x8E4F,0x8E4F,0x8E4F,0x8E4F,0x8E4F,0x8E4F,0x8E4F,0x8E4F,0x8E4F,
  0xA58E,0xAC4B,0xB42A,0xB42A,0xB42B,0xA42C,0xA42B,0xAC2B,0xAC2B,0xAC2B,0xAC2B,0xAC2B,0xAC2B,0xAC2B,0xAC2B,0xAC2B,
  0xAC2B,0xAC2B,0xAC2B,0xAC2B,0xAC2B,0xAC2B,0xAC2B,0xAC2B,0xAC2B,0xAC2C,0xB42C,0xAC0C,0xAC2D,0xB44C,0xB44B,0xB42B,
  0xB44B,0xAC4C,0xAC4D,0xAC4C,0xAC2C,0xAC2C,0xAC4B,0xAC2B,0xAC4C,0xAC2C,0xAC0B,0xAC2C,0x8B8B,0x0820,0x0083,0x3D18,
  0x26BF,0x067F,0x069F,0x069F,0x06BF,0x06BF,0x069F,0x069F,0x069F,0x069F,0x06BF,0x069F,0x06BF,0x06BF,0x06BF,0x06BF,
  0x06BF,0x06BF,0x069F,0x069F,0x067E,0x0E9F,0x169F,0x169F,0x169F,0x169E,0x067F,0x069F,0x069F,0x069F,0x069F,0x06BF,
  0x0EBF,0x16BF,0x16BF,0x1E9F,0x169F,0x06BF,0x06BF,0x069F,0x069F,0x069F,0x069F,0x069F,0x069F,0x069F,0x069F,0x069F,
  0x069F,0x069F,0x069F,0x069F,0x069F,0x069F,0x069F,0x069F,0x067F,0x0E9F,0x0E3F,0x051E,0x051D,0x0D3C,0x253B,0x0989,
  0x0000,0x63EA,0xA6D2,0x9670,0x9690,0x9690,0x9690,0x9690,0x9690,0x9690,0x9690,0x9690,0x9690,0x9690,0x9690,0x9690,
  0x9D6C,0xA42A,0xB40A,0xABEA,0xAC2C,0xAD32,0xAD94,0xAD94,0xAD94,0xAD94,0xAD94,0xAD94,0xAD94,0xAD94,0xAD94,0xAD94,
  0xAD94,0xAD74,0xAD74,0xAD74,0xAD94,0xAD94,0xAD94,0xAD93,0xAD93,0xAD94,0xAD94,0xAD73,0xB594,0xACAF,0xAC0A,0xB42B,
  0xAC2B,0xAC8E,0xB574,0xB594,0xAD94,0xAD94,0xADB3,0xAD94,0xAD94,0xADB4,0xAD94,0xB5D4,0x94F2,0x1082,0x00A4,0x2537,
  0x069F,0x067F,0x067F,0x067F,0x067F,0x069F,0x069F,0x069F,0x069F,0x069F,0x069F,0x069F,0x069F,0x069F,0x069F,0x069F,
  0x069F,0x069E,0x069F,0x069F,0x163D,0x13F2,0x1B6E,0x138F,0x1B6F,0x1495,0x0E3E,0x067F,0x065F,0x067F,0x065F,0x165E,
  0x1C95,0x1B70,0x1BB1,0x2391,0x1CD7,0x0E7E,0x069F,0x067F,0x067F,0x069F,0x067F,0x067F,0x067F,0x067F,0x069F,0x069F,
  0x069F,0x069F,0x069F,0x069F,0x069F,0x069F,0x069F,0x069F,0x069F,0x069F,0x063F,0x053D,0x051E,0x051D,0x14FC,0x09AA,
  0x0000,0x63CB,0x9EB2,0x8E4F,0x8E4F,0x8E4F,0x8E4F,0x8E4F,0x8E4F,0x8E4F,0x8E4F,0x8E4F,0x8E4F,0x8E4F,0x8E4F,0x8E4F,
  0xA56D,0xAC6A,0xB44B,0xAC0B,0xA48E,0xC6B9,0xBF7E,0xBF5E,0xBF5E,0xBF5E,0xBF5E,0xBF7E,0xBF7E,0xBF7E,0xBF7E,0xBF5E,
  0xBF5E,0xBF5E,0xBF5E,0xBF5E,0xBF5E,0xBF5E,0xBF5E,0xBF5E,0xBF5E,0xB77E,0xB77E,0xB77D,0xC75D,0xAD72,0xA3EA,0xB42B,
  0xAC0A,0xAD10,0xCF3C,0xBF5E,0xBF7E,0xBF7E,0xBF7E,0xBF5E,0xBF5E,0xB77E,0xB77E,0xC7BE,0xAE99,0x10C3,0x0083,0x2557,
  0x0EBF,0x067E,0x069E,0x069F,0x067F,0x067F,0x069F,0x069F,0x069F,0x069F,0x069F,0x06BF,0x069F,0x06BF,0x06BF,0x06BF,
  0x06BF,0x06BF,0x069F,0x0EDF,0x2E3D,0x0146,0x0000,0x0000,0x0000,0x0A6C,0x165E,0x067F,0x067F,0x067E,0x0EBF,0x367E,
  0x120A,0x0000,0x0000,0x0000,0x1AEE,0x269E,0x06BF,0x069F,0x069F,0x069F,0x069F,0x069F,0x069F,0x069F,0x069F,0x069F,
  0x069F,0x069F,0x069F,0x069F,0x069F,0x069F,0x069F,0x069F,0x069F,0x06BF,0x0E3F,0x053D,0x0D1D,0x051D,0x1CFC,0x09AA,
  0x0000,0x63CB,0xA6B3,0x8E70,0x9690,0x9670,0x9670,0x9670,0x9670,0x9670,0x9670,0x9670,0x9670,0x9670,0x9670,0x9670,
  0x9D4D,0xA44A,0xAC0B,0xA3EB,0x9C6E,0xB6B9,0xAF5E,0xA73E,0xA73E,0xA73E,0xA73E,0xA73E,0xA73E,0xA73E,0xA73E,0xA73E,
  0xA73E,0xA73E,0xA73E,0xAF5E,0xAF5E,0xAF5E,0xAF5E,0xAF3E,0xAF3E,0xA75F,0xA75E,0xA73E,0xB73D,0xA552,0xA3CA,0xABEA,
  0xA3C9,0xA4D0,0xAF1C,0xA73E,0xA75E,0xA75E,0xA73E,0xAF3E,0xB71E,0xAF3E,0xAF3E,0xB77F,0xA63A,0x10A3,0x0083,0x2537,
  0x06BF,0x067E,0x069E,0x067F,0x065F,0x067F,0x069E,0x067F,0x067F,0x069F,0x069F,0x069F,0x069F,0x069F,0x069F,0x069F,
  0x069F,0x06BF,0x165E,0x1CD7,0x3474,0x2A8A,0x31A6,0x18C3,0x0000,0x0A8B,0x1E5D,0x065E,0x067E,0x163C,0x1C95,0x3C33,
  0x430C,0x2965,0x18E3,0x0000,0x22EE,0x267E,0x069F,0x067F,0x069F,0x069F,0x067F,0x067F,0x067F,0x067F,0x067F,0x067F,
  0x067F,0x067F,0x069F,0x069F,0x069F,0x069F,0x069F,0x069F,0x069F,0x06BF,0x063F,0x051C,0x04FC,0x04FD,0x14DC,0x09AA,
  0x0000,0x63CB,0x9E92,0x8E4F,0x8E4F,0x8E4F,0x8E4F,0x8E4F,0x8E4F,0x8E4F,0x8E4F,0x8E4F,0x8E4F,0x8E4F,0x8E4F,0x8E4F,
  0x9D4D,0xA44B,0xAC2B,0xAC0B,0xA48E,0xB6D9,0xAF7E,0xAF5E,0xAF5E,0xAF5E,0xAF5E,0xAF5E,0xAF5E,0xAF5E,0xAF5E,0xAF5E,
  0xA75E,0xA75E,0xA75E,0xAF5E,0xAF5E,0xAF5E,0xAF5E,0xAF5E,0xAF3E,0xAF5F,0xAF3E,0xAF3E,0xB75E,0xAD53,0xA3EA,0xB40A,
  0xABEA,0xA511,0xB73D,0xA75F,0xA75E,0xA75F,0xAF5F,0xB75E,0xB73E,0xAF5E,0xAF5F,0xBF9F,0xA63A,0x10A3,0x0084,0x2558,
  0x06BF,0x069F,0x069F,0x069F,0x067F,0x069F,0x06BE,0x069F,0x069F,0x069F,0x069F,0x069F,0x069F,0x069F,0x069F,0x069F,
  0x069F,0x06BF,0x25DB,0x0105,0x0883,0xCEBB,0xFFFF,0x736E,0x0000,0x12AD,0x1E7D,0x069E,0x06BF,0x25FB,0x00C5,0x0802,
  0xBE59,0xFFFF,0x94B2,0x0000,0x22EE,0x267E,0x069F,0x069F,0x069F,0x06BF,0x069F,0x069F,0x069F,0x069F,0x069F,0x069F,
  0x069F,0x069F,0x069F,0x069F,0x069F,0x069F,0x069F,0x069F,0x069F,0x069F,0x065F,0x053C,0x04FD,0x04FD,0x1CDC,0x098A,
  0x0000,0x5BEB,0x9EB2,0x8E4F,0x8E70,0x8E70,0x8E70,0x8E70,0x8E70,0x8E70,0x8E70,0x8E6F,0x8E6F,0x8E6F,0x8E6F,0x8E6F,
  0x9D4C,0xA42A,0xAC2A,0xAC0A,0xA46D,0xB6B9,0xAF5F,0xAF3E,0xAF5E,0xAF5E,0xAF5E,0xAF5E,0xAF5E,0xAF5E,0xAF5E,0xAF5E,
  0xAF5E,0xAF5E,0xAF5E,0xAF5E,0xAF5E,0xAF5E,0xAF5E,0xAF5E,0xAF3E,0xA75E,0xAF3D,0xAF3E,0xAF3E,0xA552,0xA3C9,0xAC0A,
  0xABE9,0xA4F0,0xB71D,0xAF3F,0xAF5E,0xAF5E,0xAF5F,0xAF5E,0xAF3F,0xA75E,0xA75E,0xB79F,0xA659,0x10A2,0x0083,0x2559,
  0x0EBF,0x069F,0x06BF,0x06BF,0x069F,0x069F,0x069F,0x069F,0x069F,0x069F,0x069F,0x069F,0x069F,0x069F,0x069F,0x069F,
  0x069F,0x069F,0x25BA,0x0125,0x10A2,0xC618,0xFFFF,0x634D,0x0000,0x12AD,0x1EBE,0x06BF,0x0EBF,0x2DFB,0x0905,0x0841,
  0xB5D6,0xFFBE,0x8411,0x0000,0x1ACD,0x1E5D,0x069F,0x067F,0x069F,0x069F,0x069F,0x069F,0x069F,0x069F,0x069F,0x069F,
  0x069F,0x069F,0x069F,0x069F,0x069F,0x069F,0x069F,0x069F,0x069F,0x069F,0x063F,0x051C,0x04FD,0x04FD,0x1CDB,0x0989,
  0x0000,0x5BCB,0xA6B2,0x8E6F,0x9670,0x9670,0x8E70,0x8E70,0x8E70,0x8E70,0x8E70,0x8E6F,0x8E6F,0x8E6F,0x8E6F,0x8E6F,
  0x9D2C,0xA42A,0xB40A,0xAC0A,0xA48E,0xB6BA,0xAF7F,0xAF5E,0xAF5E,0xAF5E,0xAF5E,0xAF3E,0xAF3E,0xAF3E,0xAF3E,0xAF5E,
  0xAF5E,0xAF5E,0xAF5E,0xAF5E,0xAF5E,0xAF5E,0xAF5E,0xAF3E,0xAF3E,0xA75E,0xA73E,0xAF3E,0xB75E,0xA553,0xA3EA,0xAC2A,
  0xABE9,0xACF0,0xB71D,0xAF3E,0xAF3E,0xAF3E,0xAF5E,0xAF3E,0xAF3F,0xA73E,0xA73E,0xAF7F,0x9E39,0x10A2,0x00A3,0x2D58,
  0x0EBF,0x069F,0x069F,0x06BF,0x069F,0x067F,0x067F,0x069F,0x069F,0x069F,0x069F,0x069F,0x067F,0x067F,0x067F,0x067F,
  0x067F,0x069F,0x1D78,0x0105,0x0020,0x2985,0x4208,0x18E4,0x0000,0x0A8D,0x1E9E,0x069F,0x0E9F,0x2DFB,0x0925,0x0000,
  0x2944,0x39E6,0x18C3,0x0000,0x1ACC,0x1E5C,0x067F,0x067F,0x067F,0x069F,0x069F,0x069F,0x069F,0x067F,0x069F,0x069F,
  0x069F,0x069F,0x069F,0x069F,0x069F,0x069F,0x069F,0x069F,0x069F,0x069F,0x061E,0x04FC,0x04FD,0x04FC,0x1CBA,0x0989,
  0x0000,0x63CB,0xA692,0x8E4F,0x8E70,0x8E70,0x8E70,0x8E70,0x8E70,0x8E4F,0x8E4F,0x8E4F,0x8E4F,0x8E4F,0x8E4F,0x8E4F,
  0x9D4D,0xAC2B,0xB42B,0xAC2B,0xA4AE,0xBEDA,0xB77F,0xAF5F,0xAF7F,0xAF7F,0xAF7F,0xAF5F,0xAF5E,0xAF5E,0xAF5E,0xAF5E,
  0xAF5E,0xAF5E,0xAF5E,0xAF5E,0xAF5E,0xAF5E,0xAF5E,0xAF5E,0xAF5E,0xAF5E,0xAF5E,0xAF5E,0xBF5D,0xAD73,0xA40B,0xB44B,
  0xAC2A,0xACF1,0xBF3D,0xAF5E,0xAF5E,0xAF5F,0xAF5E,0xAF5E,0xAF5E,0xAF5E,0xAF3E,0xB77F,0x9E39,0x10A2,0x0083,0x2578,
  0x0EDF,0x069F,0x069F,0x06BF,0x06BF,0x069F,0x069F,0x069F,0x069F,0x069F,0x069F,0x069F,0x069F,0x069F,0x069F,0x069F,
  0x069F,0x0E9F,0x1DB9,0x0167,0x0041,0x0041,0x0021,0x0042,0x0041,0x0AAD,0x1E9F,0x069F,0x0E9F,0x25FB,0x0187,0x0022,
  0x0022,0x0021,0x0061,0x0021,0x130E,0x1E5C,0x067F,0x065F,0x067F,0x069F,0x069F,0x069F,0x06BE,0x069F,0x069F,0x0E9F,
  0x069F,0x069F,0x069F,0x069F,0x069F,0x067F,0x0E5F,0x069F,0x069F,0x069F,0x0E1E,0x051D,0x04FD,0x04FC,0x1CBB,0x098A,
  0x0000,0x63EB,0xA6D3,0x9670,0x9690,0x9690,0x9670,0x9670,0x9670,0x9670,0x9670,0x9670,0x9670,0x9670,0x9670,0x9670,
  0x9D2D,0xA40A,0xB40A,0xAC0A,0xA48E,0xB6BA,0xB77E,0xAF5E,0xAF5E,0xAF5E,0xAF5E,0xAF5E,0xAF5E,0xAF5E,0xAF5E,0xAF5E,
  0xAF5E,0xAF5E,0xAF5E,0xAF5E,0xAF5E,0xAF5E,0xAF5E,0xAF3E,0xAF5E,0xAF5E,0xA75E,0xAF3E,0xBF5D,0xAD73,0xA3EA,0xB42A,
  0xAC0A,0xACF1,0xB73D,0xAF5E,0xAF3E,0xAF3E,0xA75E,0xAF5E,0xAF3E,0xAF3E,0xA73E,0xAF7F,0x9E39,0x10A3,0x00A3,0x2578,
  0x0EDF,0x069F,0x06BF,0x06BF,0x069F,0x069F,0x067F,0x067F,0x067F,0x067F,0x067F,0x067F,0x067F,0x067F,0x069F,0x069F,
  0x069F,0x069F,0x0E5C,0x1D17,0x24B5,0x24B5,0x24B6,0x24B5,0x24B5,0x1D59,0x0E9F,0x06BF,0x06BF,0x167D,0x1D16,0x2475,
  0x1C95,0x1C95,0x1C94,0x1C74,0x1D59,0x0E5E,0x067F,0x067F,0x069F,0x067F,0x067F,0x067F,0x069F,0x069F,0x067F,0x067F,
  0x069F,0x069F,0x069F,0x069F,0x067F,0x067F,0x065F,0x067F,0x069F,0x067F,0x0DFE,0x04FC,0x04DD,0x04DC,0x14BB,0x098A,
  0x0000,0x5BCB,0x9EB2,0x8E4F,0x9670,0x9670,0x9670,0x8E50,0x8E50,0x8E50,0x8E50,0x8E50,0x8E50,0x8E50,0x8E50,0x8E50,
  0x9D4D,0xAC2B,0xB42B,0xAC2B,0xA48E,0xBEDA,0xB77F,0xAF5F,0xAF5F,0xAF5F,0xAF5F,0xAF5F,0xAF5F,0xAF5F,0xAF5E,0xAF5F,
  0xAF5E,0xAF5E,0xAF5E,0xAF5E,0xAF5E,0xAF5E,0xAF5E,0xAF5E,0xAF5F,0xAF5E,0xAF5E,0xAF5E,0xBF5E,0xAD73,0xAC0B,0xB44B,
  0xAC0A,0xAD11,0xBF3D,0xAF5E,0xAF5E,0xAF3E,0xAF5E,0xAF5E,0xAF5F,0xAF5E,0xAF3E,0xB79F,0xA63A,0x10A3,0x00A3,0x2D79,
  0x0EFF,0x069F,0x06BF,0x06BF,0x069F,0x0E9E,0x1E7E,0x167E,0x169E,0x169F,0x065E,0x069F,0x069F,0x069F,0x069F,0x069F,
  0x069F,0x069F,0x06BF,0x16BF,0x0EBF,0x16BF,0x1EBF,0x16BF,0x16BF,0x169F,0x069F,0x06DF,0x06BF,0x06BF,0x0EBE,0x169F,
  0x0E9F,0x0E9F,0x0E9F,0x169F,0x0E9F,0x067F,0x069F,0x069F,0x069F,0x069F,0x069F,0x067F,0x069F,0x0EBE,0x16DE,0x16BF,
  0x16DF,0x0EDF,0x069F,0x069F,0x06BF,0x069E,0x067F,0x069F,0x069F,0x0E7F,0x0E1F,0x051C,0x04FD,0x04DC,0x1CDB,0x098A,
  0x0000,0x63EB,0xA6D2,0x9670,0x9670,0x9670,0x9670,0x9670,0x9670,0x9670,0x9670,0x9670,0x9670,0x9670,0x9670,0x9670,
  0x9D2D,0xA40A,0xABEA,0xABEA,0x9C8E,0xB6BA,0xAF5E,0xAF3E,0xAF3E,0xAF3E,0xAF3E,0xA73E,0xA73E,0xA73E,0xA73E,0xAF3E,
  0xAF3E,0xAF3E,0xA73E,0xA73E,0xA73E,0xA73E,0xA73E,0xAF3E,0xAF3E,0xA73E,0xA73E,0xAF3D,0xB73D,0xA553,0xA3EA,0xAC2A,
  0xABEA,0xA4D0,0xB71C,0xA73E,0xA73D,0xAF3E,0xA73E,0xAF3E,0xAF3E,0xAF3E,0xA73E,0xAF7F,0xA639,0x10A3,0x00A3,0x2578,
  0x06DF,0x069F,0x069F,0x069E,0x0E9F,0x1559,0x130F,0x130F,0x0B0D,0x0B4F,0x1599,0x069E,0x067F,0x069F,0x069F,0x067F,
  0x069F,0x069E,0x069F,0x069F,0x069F,0x067F,0x067F,0x069F,0x069F,0x067F,0x069F,0x069F,0x067F,0x067F,0x067F,0x067F,
  0x067F,0x067F,0x067F,0x067F,0x067F,0x069F,0x067F,0x067F,0x067F,0x067F,0x069F,0x067F,0x0E7F,0x0D37,0x134E,0x132E,
  0x12EE,0x1392,0x165D,0x069F,0x069F,0x069F,0x067F,0x069F,0x069E,0x067F,0x0E1F,0x051C,0x04FD,0x04FC,0x1CBB,0x098A,
  0x0000,0x5BAA,0x9E92,0x8E2F,0x8E4F,0x8E4F,0x8E4F,0x8E4F,0x8E4F,0x8E4F,0x8E4F,0x8E4F,0x8E4F,0x8E4F,0x8E4F,0x8E4F,
  0xA56D,0xAC4B,0xB42B,0xAC2B,0xA4AF,0xBEDA,0xB77F,0xAF5F,0xAF7F,0xAF5F,0xAF5F,0xAF5F,0xAF5F,0xAF5F,0xAF5F,0xAF5F,
  0xAF5F,0xAF5F,0xAF5F,0xAF5F,0xAF5F,0xAF5F,0xAF5F,0xAF5F,0xAF5F,0xAF5E,0xAF5E,0xAF5E,0xBF5E,0xAD73,0xA40A,0xB44B,
  0xAC0A,0xACF1,0xBF3D,0xAF7E,0xAF5E,0xAF5F,0xAF5E,0xAF5F,0xAF5F,0xAF5E,0xAF5F,0xB79F,0xA65A,0x10C3,0x00A3,0x2D99,
  0x0EFF,0x06BF,0x069F,0x069F,0x26DF,0x2C53,0x0000,0x0000,0x0000,0x0000,0x24D6,0x0E9F,0x067F,0x067F,0x0E7F,0x0E7F,
  0x06BF,0x069F,0x069F,0x069F,0x06BF,0x069F,0x06BF,0x06BF,0x069F,0x069F,0x069F,0x069F,0x0E9F,0x069F,0x069F,0x069F,
  0x069F,0x06BF,0x06BF,0x069F,0x069F,0x06BF,0x06BF,0x069F,0x067F,0x067F,0x069F,0x067F,0x1E9F,0x0B91,0x0000,0x0000,
  0x0000,0x08C4,0x367D,0x16BF,0x069F,0x069F,0x069F,0x06BF,0x06BF,0x06BF,0x0E3F,0x051D,0x04FD,0x051D,0x1CDC,0x098A,
  0x0000,0x5BCB,0xA6B2,0x9650,0x9670,0x9670,0x9670,0x9670,0x9670,0x9670,0x9690,0x9690,0x9690,0x9690,0x9690,0x9690,
  0x9D2D,0xA40A,0xAC0A,0xAC0A,0x9C6E,0xB6BA,0xAF5E,0xA73E,0xA73E,0xA73E,0xA73E,0xA73E,0xA73E,0xA73E,0xA73E,0xA73E,
  0xA73E,0xA73E,0xA73E,0xA73E,0xA73E,0xA73E,0xA73E,0xAF3E,0xA73E,0xAF3E,0xA73E,0xAF3D,0xB73D,0xA552,0xA3EA,0xAC0A,
  0xA3EA,0xA4D0,0xB71C,0xA73E,0xAF3E,0xAF3E,0xA73E,0xAF3E,0xAF3E,0xAF3E,0xA73E,0xB77F,0xA659,0x10A2,0x00A3,0x2D78,
  0x0EBF,0x067F,0x0E7E,0x1D39,0x2C54,0x2ACD,0x0041,0x00A2,0x0A09,0x026C,0x1558,0x067E,0x067F,0x067F,0x067F,0x067F,
  0x069F,0x067F,0x067F,0x067F,0x067F,0x067F,0x067F,0x067F,0x067F,0x067F,0x069F,0x067F,0x067F,0x069F,0x067F,0x067E,
  0x069F,0x069F,0x067F,0x067F,0x067F,0x067F,0x067F,0x065F,0x065F,0x065F,0x065E,0x065E,0x165F,0x1495,0x026A,0x01C7,
  0x0020,0x10E4,0x3473,0x24D5,0x161C,0x0E9F,0x069F,0x069F,0x069F,0x06BF,0x0E3F,0x051D,0x04FD,0x04FD,0x14DB,0x098A,
  0x0000,0x5BAA,0x9671,0x8E2F,0x8E2F,0x8E2F,0x8E2F,0x8E4F,0x8E4F,0x8E4F,0x8E4F,0x8E4F,0x8E4F,0x8E4F,0x8E4F,0x8E4F,
  0xA56D,0xAC4B,0xB42B,0xAC2B,0xA4AE,0xB6DA,0xAF7E,0xAF5F,0xAF5F,0xAF5F,0xAF5F,0xAF5F,0xAF5F,0xAF5F,0xAF5F,0xAF5E,
  0xAF5E,0xAF5E,0xAF5E,0xAF5E,0xAF5E,0xAF5E,0xAF5E,0xAF5E,0xAF5E,0xAF5E,0xAF5E,0xAF5E,0xBF5E,0xAD73,0xA40A,0xB44B,
  0xAC0A,0xACF1,0xBF3D,0xAF7E,0xAF5E,0xAF5F,0xAF5F,0xAF5F,0xAF5E,0xAF5E,0xAF5E,0xB79F,0xA65A,0x10A2,0x00A3,0x2D78,
  0x0EDF,0x0E7F,0x269E,0x234F,0x0000,0x0000,0x0000,0x1146,0x35BA,0x167E,0x0E7E,0x06BF,0x06BF,0x06BF,0x06BF,0x06BF,
  0x06BF,0x0EBF,0x06BF,0x069F,0x069F,0x069F,0x067F,0x069F,0x069F,0x069F,0x069F,0x069F,0x069F,0x069F,0x069F,0x069F,
  0x069F,0x0E9F,0x06BF,0x069F,0x06BF,0x0EBF,0x069F,0x069F,0x06BF,0x069F,0x069F,0x069F,0x0E7F,0x0E5D,0x1E9D,0x1C93,
  0x0020,0x0000,0x0000,0x0021,0x1D57,0x0EDF,0x06BE,0x06BF,0x069F,0x06BF,0x0E3F,0x053D,0x051D,0x051D,0x1CFC,0x09AA,
  0x0000,0x5BEB,0x9EB2,0x8E50,0x9670,0x9670,0x9670,0x9670,0x9670,0x9670,0x9670,0x9670,0x9670,0x9670,0x9670,0x9670,
  0x9D4D,0xA42B,0xB42A,0xAC0A,0xA48E,0xB6DA,0xAF5E,0xAF3E,0xAF3E,0xAF3E,0xAF3E,0xA73E,0xA73E,0xA73E,0xA73E,0xAF5E,
  0xAF5E,0xAF5E,0xAF5E,0xAF5E,0xAF5E,0xAF5E,0xAF5E,0xAF3E,0xAF5E,0xAF5E,0xAF5E,0xAF3E,0xBF5D,0xAD53,0xA3EA,0xB42A,
  0xAC0A,0xACF1,0xBF1D,0xAF5E,0xAF5E,0xAF5E,0xAF5E,0xAF5E,0xAF5E,0xAF5E,0xAF5E,0xB79F,0xA639,0x10A2,0x00A3,0x2558,
  0x06DF,0x067F,0x1E7E,0x1B6F,0x0020,0x0083,0x0146,0x0AAC,0x1DFC,0x165D,0x1578,0x2557,0x2558,0x1D59,0x1D59,0x1D78,
  0x2558,0x2538,0x1599,0x0E7D,0x069F,0x067F,0x067F,0x067F,0x067E,0x067F,0x067F,0x067F,0x067E,0x069F,0x069F,0x069F,
  0x069F,0x069F,0x06BF,0x06BF,0x163C,0x1D59,0x2558,0x1D59,0x1D58,0x1D37,0x1D38,0x1D17,0x1D18,0x0DBA,0x169F,0x1517,
  0x01C8,0x0105,0x0000,0x0022,0x2538,0x0EBF,0x069F,0x069F,0x069F,0x06BF,0x0E3E,0x051D,0x04FD,0x04FD,0x1CFC,0x09AB,
  0x0000,0x63EB,0x9EB2,0x8E4F,0x8E50,0x9670,0x9670,0x8E50,0x8E50,0x8E50,0x8E50,0x8E70,0x8E70,0x8E70,0x8E70,0x8E70,
  0xA56E,0xA44B,0xB42B,0xAC0B,0xA48E,0xB6DA,0xAF5E,0xAF5E,0xAF5E,0xAF5E,0xAF5E,0xAF5F,0xAF5F,0xAF5F,0xAF5F,0xAF5E,
  0xAF5E,0xAF5E,0xAF5E,0xAF5E,0xAF5F,0xAF5F,0xAF5F,0xAF5F,0xAF5F,0xAF5E,0xAF5E,0xAF5E,0xBF5E,0xAD73,0xA3EA,0xB42A,
  0xAC0A,0xAD11,0xBF3D,0xAF5E,0xAF5E,0xAF3F,0xAF5E,0xAF5E,0xAF7E,0xAF5E,0xAF3E,0xB77F,0x9E39,0x10A2,0x0083,0x2538,
  0x0EDF,0x069E,0x1E7E,0x236F,0x0000,0x11EA,0x2DBB,0x165D,0x0E9E,0x2DFB,0x0126,0x00A2,0x00C3,0x00C4,0x00A3,0x00A3,
  0x00A3,0x00A3,0x0188,0x15FB,0x069E,0x06BE,0x069F,0x069F,0x06BF,0x069F,0x069F,0x06BF,0x06BF,0x06BF,0x06BF,0x06BF,
  0x06BF,0x06DF,0x0EBF,0x16DF,0x24D6,0x00C4,0x00A3,0x00A3,0x00A3,0x00A3,0x00A3,0x00A3,0x0082,0x0B4F,0x169E,0x0E7D,
  0x1E7D,0x24B5,0x0001,0x0022,0x24F8,0x0E9F,0x069F,0x069F,0x06BF,0x06DF,0x065E,0x051D,0x04FD,0x04FD,0x1CFC,0x09CB,
  0x0000,0x640B,0xA6D2,0x9670,0x9670,0x9670,0x9670,0x9670,0x9670,0x9670,0x9670,0x9670,0x9670,0x9670,0x9670,0x8E70,
  0x9D6D,0xA44B,0xB42B,0xAC0A,0xA48E,0xB6DA,0xAF7E,0xAF5E,0xAF5E,0xAF5E,0xAF5E,0xAF5E,0xAF5E,0xAF5E,0xAF5E,0xAF5E,
  0xAF5E,0xAF5E,0xAF5E,0xAF5E,0xAF5F,0xAF5F,0xAF5F,0xAF5F,0xAF5F,0xAF5E,0xAF5E,0xAF5E,0xBF5E,0xAD73,0xA40B,0xB42B,
  0xAC2A,0xAD11,0xBF3D,0xAF5E,0xAF5E,0xAF3E,0xAF5E,0xAF5E,0xAF5E,0xAF5E,0xA73E,0xB77F,0x9E39,0x18A2,0x0083,0x2558,
  0x06DF,0x069E,0x1E9E,0x238F,0x0000,0x122B,0x265D,0x169E,0x1E1C,0x4D58,0x0863,0x1000,0x1001,0x1001,0x1001,0x1001,
  0x1001,0x1000,0x08C5,0x3537,0x25DA,0x1DFA,0x1DDB,0x1DDB,0x1DDB,0x1DFB,0x1DFB,0x1DFB,0x1DFB,0x1E1B,0x1E1B,0x1E1B,
  0x1E1B,0x1E3B,0x1E1B,0x2E5C,0x3C53,0x1022,0x1020,0x1020,0x1000,0x1000,0x1001,0x1001,0x0800,0x1ACC,0x2E19,0x161A,
  0x16FF,0x1558,0x0020,0x0041,0x2517,0x0E9E,0x069E,0x06BE,0x069F,0x067F,0x061E,0x053D,0x051E,0x051D,0x151C,0x09AA,
  0x0000,0x640C,0xA6D3,0x9670,0x9670,0x9670,0x9670,0x9670,0x9670,0x9670,0x9670,0x8E70,0x8E70,0x8E70,0x8E70,0x8E70,
  0x9D6D,0xA42A,0xB42A,0xAC0B,0xA48E,0xB6BA,0xAF5E,0xA73E,0xAF5E,0xAF5E,0xAF5E,0xAF3E,0xAF3E,0xAF3E,0xAF5E,0xAF5E,
  0xAF5E,0xAF5E,0xAF5E,0xAF5E,0xAF5E,0xAF5E,0xAF5E,0xAF3E,0xAF5E,0xAF5E,0xAF5E,0xAF3E,0xBF3D,0xA553,0xA40A,0xB42B,
  0xAC0A,0xAD11,0xBF3D,0xAF5E,0xAF5E,0xAF3E,0xAF5E,0xAF5E,0xAF3E,0xA75E,0xA73E,0xB77F,0x9E18,0x10A2,0x0083,0x2D38,
  0x0E9F,0x067E,0x1E9F,0x23B0,0x0000,0x126B,0x269D,0x1DDB,0x0A4D,0x1906,0x5106,0x70E6,0x70C6,0x70E6,0x70E5,0x68E6,
  0x68E6,0x68E5,0x5106,0x1126,0x0967,0x0967,0x0966,0x0967,0x0966,0x0966,0x0966,0x0966,0x0966,0x0966,0x0966,0x0966,
  0x0966,0x0986,0x0987,0x1187,0x3167,0x6126,0x7105,0x70E6,0x70C6,0x78C6,0x70C5,0x78C5,0x68E6,0x3946,0x0966,0x0B4F,
  0x1E9E,0x1539,0x0020,0x0041,0x2517,0x167E,0x069F,0x06BF,0x063E,0x05FE,0x05BD,0x051D,0x04FD,0x051C,0x151B,0x09AA,
  0x0000,0x6BEB,0xA6B2,0x8E70,0x9670,0x9670,0x9670,0x9670,0x9670,0x8E50,0x8E50,0x8E4F,0x8E4F,0x8E4F,0x8E4F,0x8E4F,
  0xA58E,0xAC4B,0xB42B,0xAC2B,0xA48E,0xB6DA,0xAF7F,0xAF5F,0xAF5F,0xAF5F,0xAF5F,0xAF5F,0xAF5F,0xAF5F,0xAF5F,0xAF5E,
  0xAF5E,0xAF5E,0xAF5E,0xAF5E,0xAF5E,0xAF5E,0xAF5E,0xAF5E,0xAF5F,0xAF5F,0xAF7E,0xAF5E,0xBF5E,0xAD73,0xAC2B,0xB46B,
  0xAC2B,0xAD11,0xBF3D,0xAF5E,0xAF5E,0xAF5F,0xAF5E,0xAF5E,0xAF3E,0xA75E,0xA75E,0xB79F,0x9619,0x0882,0x0083,0x3CF6,
  0x2E9D,0x0E7E,0x269F,0x1BB0,0x0000,0x0A8B,0x269D,0x25B9,0x0106,0x1000,0x70E6,0x90C6,0x90A6,0x88C6,0x80C5,0x88C6,
  0x80C6,0x80C5,0x68C5,0x1000,0x0000,0x0000,0x0000,0x0000,0x0000,0x0000,0x0000,0x0000,0x0000,0x0000,0x0000,0x0000,
  0x0000,0x0000,0x0000,0x0000,0x3842,0x8106,0x88C6,0x88C6,0x90A6,0x90A6,0x90A6,0x90A5,0x90E7,0x4884,0x0000,0x0A4A,
  0x26DF,0x1559,0x0021,0x0021,0x1D17,0x0E7F,0x065F,0x0E7F,0x061E,0x059D,0x0D7D,0x051D,0x0CFC,0x1CDA,0x34B8,0x0988,
  0x0000,0x640A,0xA6D2,0x9670,0x9690,0x9690,0x9670,0x9670,0x9670,0x9670,0x9670,0x9670,0x9670,0x9670,0x9670,0x8E70,
  0x9D4D,0xA42A,0xB40A,0xABEA,0xA46E,0xB6BA,0xAF5E,0xAF3E,0xAF3E,0xA73E,0xA73E,0xA73E,0xA73E,0xA73E,0xA73E,0xA73E,
  0xA73E,0xA73E,0xA73E,0xA73E,0xA73E,0xA73E,0xA73E,0xAF3E,0xAF3E,0xAF3E,0xA73E,0xAF3D,0xBF3D,0xA553,0xA3EA,0xB42A,
  0xAC0A,0xA4F0,0xB71C,0xA73E,0xA73D,0xAF3E,0xA73E,0xAF3E,0xAF1E,0xA73D,0x9F3D,0xA75E,0xA69B,0x6C73,0x5411,0x22CB,
  0x124A,0x1D58,0x16BF,0x1599,0x1432,0x1517,0x1EBF,0x25B9,0x0145,0x1000,0x68E5,0x88A6,0x8865,0x80A5,0x80A5,0x8085,
  0x8085,0x80A6,0x7885,0x5064,0x4883,0x4884,0x5063,0x5063,0x5064,0x5063,0x5063,0x5063,0x5083,0x5063,0x5063,0x5063,
  0x4863,0x5063,0x5083,0x5084,0x6884,0x80A5,0x8885,0x8885,0x8885,0x8886,0x8886,0x8885,0x88C6,0x50A4,0x0000,0x126B,
  0x271F,0x1578,0x0020,0x0042,0x1558,0x069F,0x065F,0x067F,0x05DD,0x051C,0x051D,0x04FC,0x1C99,0x0A2D,0x11C9,0x4B8C,
  0x53EA,0x7D6E,0x9691,0x8E50,0x8E50,0x8E50,0x8E50,0x8E4F,0x8E4F,0x8E4F,0x8E4F,0x8E4F,0x8E4F,0x8E4F,0x8E4F,0x8E4F,
  0xA58E,0xA44B,0xB44B,0xB42B,0xA4AF,0xBEDA,0xAF7F,0xAF5F,0xAF7F,0xAF5F,0xAF5F,0xAF5F,0xAF5F,0xAF5F,0xAF5F,0xAF5F,
  0xAF5F,0xAF5F,0xAF5F,0xAF5F,0xAF5F,0xAF5F,0xAF5F,0xAF5F,0xAF7F,0xAF7E,0xAF7E,0xB75E,0xBF7E,0xAD93,0xAC2B,0xB46B,
  0xAC2B,0xAD11,0xBF3D,0xAF7E,0xAF7E,0xAF5F,0xAF5F,0xAF5E,0xB75E,0xAF5E,0xAF7E,0xAF7E,0xAF3E,0xBFBF,0xAEFD,0x1965,
  0x0000,0x2CD5,0x16BF,0x0EDF,0x1EFF,0x16DF,0x0EBF,0x25BA,0x0145,0x1000,0x68E5,0x88C6,0x80C6,0x78E6,0x78E6,0x80C6,
  0x88A6,0x88A6,0x9086,0x88C6,0x88E6,0x88E6,0x90C6,0x88E5,0x88E6,0x88C6,0x88C6,0x88C6,0x88C6,0x88C6,0x88C6,0x88C6,
  0x88E6,0x88E6,0x88E6,0x8106,0x88E6,0x88C6,0x88A6,0x90A7,0x9087,0x88A7,0x88C6,0x88A6,0x88E7,0x50C5,0x0000,0x126B,
  0x271E,0x1578,0x0001,0x0022,0x1D58,0x0EBF,0x067F,0x069F,0x05FD,0x051C,0x04FD,0x04FC,0x2457,0x0085,0x0000,0x8530,
  0xAF34,0x9EB1,0x9691,0x9691,0x9690,0x9690,0x9690,0x9690,0x9690,0x9690,0x9690,0x9690,0x9690,0x9690,0x9690,0x9670,
  0x9D4D,0xA40A,0xB40A,0xAC0A,0xA46E,0xB6BA,0xAF5E,0xA73E,0xAF3E,0xAF3E,0xAF3E,0xAF3E,0xAF3E,0xAF3E,0xAF3E,0xAF3E,
  0xAF3E,0xAF3E,0xAF3E,0xAF3E,0xAF3E,0xAF3E,0xAF3E,0xAF3E,0xA73E,0xAF3E,0xA75E,0xAF3D,0xBF3D,0xA553,0xA3EA,0xB42A,
  0xA40A,0xA4F0,0xB71C,0xA73E,0xA73D,0xA73E,0xA73E,0xA73E,0xAF3E,0xA73E,0xAF3E,0xAF3E,0xAF3E,0xAF5F,0x9E9B,0x2165,
  0x0000,0x34D5,0x169F,0x067F,0x069F,0x069F,0x0EBF,0x2579,0x0125,0x1000,0x60C5,0x78C6,0x5884,0x4083,0x4083,0x4063,
  0x5063,0x78A5,0x8065,0x8085,0x80A5,0x8086,0x8866,0x8865,0x8866,0x8865,0x8865,0x8865,0x8865,0x8865,0x8885,0x8865,
  0x8865,0x8085,0x8085,0x8085,0x8885,0x8885,0x8885,0x8886,0x8885,0x8086,0x8886,0x8885,0x88C7,0x50A4,0x0000,0x128B,
  0x26DE,0x15FC,0x0B0F,0x0B2F,0x15DB,0x0E9F,0x067F,0x069F,0x05DD,0x04FC,0x04DC,0x04DB,0x2457,0x00C5,0x0840,0x74AE,
  0x8E50,0x8E4E,0x8E4F,0x8E50,0x8E50,0x8E4F,0x8E4F,0x8E4F,0x8E4F,0x8E4F,0x8E4F,0x8E4F,0x8E4F,0x8E4F,0x8E4F,0x8E4F,
  0xA58D,0xA44B,0xB42B,0xB42B,0xA4AE,0xBEDA,0xAF7F,0xAF5E,0xAF5E,0xAF5E,0xAF5E,0xAF5F,0xAF5F,0xAF5F,0xAF5F,0xAF5F,
  0xAF5F,0xAF5F,0xAF5F,0xAF5F,0xAF5F,0xAF5F,0xAF5F,0xAF5E,0xAF5E,0xAF5E,0xAF7E,0xAF5E,0xBF5E,0xAD93,0xA42B,0xB44B,
  0xAC2A,0xA511,0xB73D,0xAF5E,0xA75E,0xAF5F,0xAF5E,0xAF5F,0xAF5F,0xAF7E,0xAF5E,0xAF5E,0xAF5E,0xB79F,0xAEDC,0x2166,
  0x0000,0x3516,0x16DF,0x06BF,0x06DF,0x06BF,0x0EDF,0x1D79,0x00E4,0x0800,0x58E5,0x7926,0x3001,0x0000,0x0000,0x0000,
  0x1800,0x7927,0x80C6,0x8885,0x8885,0x88A6,0x9086,0x9086,0x90A7,0x90A6,0x90C6,0x90C6,0x88C7,0x88E7,0x88E7,0x88E6,
  0x88E6,0x88C7,0x88C7,0x88C6,0x88E6,0x88E6,0x88C6,0x88A5,0x88A5,0x88A5,0x90A6,0x90A6,0x88E7,0x50A4,0x0000,0x12AC,
  0x1EBE,0x0EDF,0x16BE,0x16BE,0x06BF,0x0E9F,0x06BF,0x06BF,0x05FD,0x051D,0x04FD,0x04FC,0x2478,0x00C4,0x0040,0x7CEE,
  0x9EB1,0x8E8F,0x9690,0x9690,0x9670,0x9670,0x9670,0x9670,0x9670,0x9670,0x9670,0x9670,0x9670,0x9670,0x9670,0x8E70,
  0x9D4C,0xA40A,0xB40A,0xAC0A,0x9C8D,0xB6DA,0xAF5E,0xAF3E,0xAF5E,0xAF5E,0xAF5E,0xAF5E,0xAF5E,0xAF5E,0xAF5E,0xA75E,
  0xA75E,0xA75E,0xA75E,0xA75E,0xA75E,0xA75E,0xA73E,0xAF3E,0xAF3E,0xA75E,0xA75D,0xA73D,0xAF3D,0xA552,0xA3E9,0xB409,
  0xABE9,0xA4F0,0xAF1D,0xA73E,0xA73D,0xA73E,0xAF3F,0xAF1E,0xAF3E,0xA73E,0xAF3E,0xAF3E,0xAF5E,0xB77E,0xAE7A,0x2146,
  0x0000,0x34F5,0x0EDE,0x06BE,0x06BF,0x067F,0x069E,0x15BA,0x0ACD,0x19C7,0x20A4,0x3882,0x51C3,0x5A84,0x5264,0x5A85,
  0x51E4,0x4082,0x5883,0x8085,0x8085,0x8885,0x8865,0x8885,0x8085,0x8885,0x88A5,0x80A5,0x6864,0x5884,0x5884,0x5883,
  0x5883,0x5084,0x5064,0x4883,0x4883,0x4883,0x5884,0x7885,0x8086,0x80A6,0x8085,0x7885,0x78A6,0x4884,0x0000,0x0A8C,
  0x169D,0x06DF,0x06BE,0x069F,0x069F,0x069F,0x069F,0x067E,0x05DD,0x051D,0x051D,0x04FD,0x2458,0x00E5,0x0040,0x7CED,
  0x9690,0x8E4F,0x8E6F,0x8E6F,0x8E4F,0x8E6F,0x8E6F,0x8E4F,0x8E4F,0x8E4F,0x8E4F,0x8E4F,0x8E4F,0x8E4F,0x8E4F,0x8E4F,
  0x9D6C,0xA42A,0xB42B,0xAC0B,0xA48E,0xB6BA,0xB75E,0xAF5E,0xAF5E,0xAF5E,0xAF5E,0xAF5E,0xAF5E,0xAF5E,0xAF5E,0xAF5E,
  0xAF5E,0xAF5E,0xAF5E,0xAF5E,0xAF5E,0xAF5E,0xAF5E,0xAF3E,0xB73E,0xAF5E,0xB73D,0xAF3E,0xB73E,0xAD53,0xABEA,0xB44B,
  0xAC2A,0xAD11,0xB73D,0xAF3E,0xAF5D,0xA75E,0xAF5E,0xAF5E,0xAF5F,0xAF5E,0xAF5E,0xB75E,0xAF5E,0xB77E,0xAE9B,0x1925,
  0x0000,0x3CF7,0x1EDF,0x06BF,0x069F,0x067F,0x0E7E,0x165D,0x263C,0x4D77,0x0062,0x0000,0xA448,0xFEA8,0xF687,0xFF2B,
  0xB4EA,0x0000,0x1800,0x70A5,0x88C6,0x90A6,0x8886,0x8885,0x8885,0x88A6,0x88A6,0x78A6,0x2000,0x0800,0x0800,0x0800,
  0x0000,0x0000,0x0800,0x0800,0x0000,0x0000,0x2000,0x70C5,0x80A5,0x80A6,0x80C6,0x70A4,0x60A5,0x3063,0x0000,0x0A4A,
  0x165E,0x06BF,0x069F,0x069F,0x069F,0x06BF,0x069F,0x065F,0x05DF,0x053E,0x053D,0x0D5D,0x2CD8,0x00C4,0x0000,0x7CED,
  0x96B1,0x8E6F,0x9670,0x9670,0x9670,0x9670,0x9670,0x9670,0x9670,0x9670,0x9670,0x8E70,0x8E70,0x8E70,0x8E70,0x9670,
  0x9D2C,0xA409,0xB3EA,0xABEA,0x9C6E,0xB6BA,0xAF3E,0xA73E,0xA75E,0xA75E,0xA75E,0xA75E,0xA75E,0xA75E,0xA75E,0xAF5E,
  0xAF5E,0xAF5E,0xAF5E,0xAF5E,0xAF3E,0xAF3E,0xA73E,0xA73E,0xA73E,0xA73E,0xAF3D,0xAF1E,0xB71D,0xA532,0xA3CA,0xAC0A,
  0xAC0A,0xA4F0,0xB6FC,0xAF3E,0xAF3D,0xA75E,0xA75E,0xA75D,0xAF3D,0xAF3D,0xAF3D,0xAF3D,0xAF1D,0xB75E,0xAEBB,0x326A,
  0x1925,0x3C53,0x2D58,0x15DA,0x067D,0x067E,0x065D,0x161C,0x1D9A,0x44D4,0x0062,0x0000,0xA485,0xFEC5,0xF623,0xF605,
  0xC4C7,0x3163,0x4164,0x60E6,0x70A5,0x8086,0x8086,0x8885,0x8886,0x8086,0x8066,0x70E6,0x48E4,0x38E3,0x38E3,0x38E3,
  0x38E3,0x30E3,0x30E3,0x38E3,0x38C3,0x30E3,0x48C4,0x70C5,0x78A5,0x7885,0x70C5,0x58A4,0x40A4,0x2905,0x1165,0x132E,
  0x165D,0x069F,0x067F,0x067F,0x069F,0x069F,0x061F,0x059F,0x057F,0x051E,0x0CDB,0x1C56,0x3413,0x1A07,0x2163,0x852E,
  0x9670,0x8E4F,0x8E4F,0x8E4F,0x8E4F,0x8E4F,0x8E4F,0x8E4F,0x8E4F,0x8E4F,0x8E4F,0x8E4F,0x8E4F,0x8E4F,0x8E4F,0x8E4F,
  0x9D4C,0xA409,0xB3EA,0xA3EA,0x9C8E,0xAED9,0xAF7E,0xAF3E,0xAF5E,0xAF5E,0xAF5E,0xAF5E,0xAF5E,0xAF5E,0xAF5E,0xAF5E,
  0xAF5E,0xAF5E,0xAF5E,0xAF5E,0xAF5E,0xAF3E,0xAF3E,0xAF3E,0xA73F,0xA75F,0xA75E,0xAF3E,0xB71D,0xAD32,0xA3CA,0xB40A,
  0xABEA,0xACF0,0xBF1C,0xAF5E,0xAF5E,0xA77F,0xA75E,0xAF5E,0xAF5E,0xAF5E,0xAF5E,0xAF5E,0xAF3E,0xAF3E,0xB73E,0xAE9B,
  0xB67B,0x42EC,0x00A3,0x13B0,0x1E5C,0x067E,0x06BE,0x1D38,0x0188,0x08E3,0x0000,0x0000,0xACA5,0xFF04,0xF521,0xEBC0,
  0xE4A2,0xEECC,0xD5CD,0x3102,0x1800,0x6885,0x88A6,0x8086,0x8886,0x8065,0x5802,0x70E5,0xDBD0,0xDBAF,0xDBAE,0xDBAE,
  0xDBAE,0xDBAF,0xE3AF,0xE38E,0xDBAE,0xDBCF,0xCB0E,0x88A5,0x7885,0x6865,0x6085,0x2001,0x0000,0x22CD,0x35DB,0x1DDC,
  0x065E,0x067F,0x067F,0x069F,0x069F,0x067F,0x05BE,0x051D,0x051D,0x055D,0x1416,0x00E6,0x0924,0x8592,0x9E11,0x9E31,
  0x9670,0x8E6F,0x8E70,0x8E6F,0x8E6F,0x8E6F,0x8E6F,0x8E6F,0x8E6F,0x8E6F,0x8E6F,0x8E6F,0x8E6F,0x8E6F,0x8E6F,0x8E6F,
  0x9D4C,0xA42A,0xB40A,0xAC0B,0xA4AE,0xBEB8,0xBF3C,0xBF1C,0xBF3C,0xBF3C,0xBF3C,0xBF1C,0xBF1C,0xBF1C,0xBF1C,0xBF1C,
  0xBF1C,0xBF1C,0xBF1C,0xBF1C,0xBF1C,0xBF1C,0xBF1C,0xBF1C,0xBF1C,0xB71C,0xB71B,0xB71B,0xBEFA,0xAD51,0xA40A,0xB42A,
  0xB40A,0xB4EF,0xCEFA,0xBF1C,0xBF1C,0xBF1D,0xBF1D,0xBF1C,0xB73C,0xBF3C,0xBF1C,0xBF1C,0xBF1C,0xBEFC,0xBF1C,0xC73C,
  0xC73C,0x4AAA,0x0000,0x230D,0x263C,0x161E,0x261B,0x3473,0x0062,0x0000,0x0862,0x0841,0xAC89,0xF6A9,0xED04,0xEBE0,
  0xE4E1,0xFF4A,0xE64B,0x3941,0x1040,0x50C4,0x78E6,0x78A6,0x80A5,0x78A5,0x5822,0x7904,0xF38E,0xFB6E,0xFB6D,0xFB8D,
  0xFB8D,0xFB8E,0xFB8E,0xFBAE,0xFBAE,0xFBCF,0xE34E,0x8105,0x68E6,0x58A5,0x50E5,0x1062,0x0041,0x134F,0x165F,0x067F,
  0x069F,0x067F,0x069F,0x067F,0x067F,0x165F,0x0D9E,0x04FD,0x04FD,0x055E,0x1BF6,0x0042,0x08A0,0x8DD0,0x9ED1,0x9690,
  0x9690,0x9670,0x9670,0x9670,0x9670,0x9670,0x9670,0x9670,0x9670,0x9670,0x9670,0x9670,0x9670,0x9670,0x9670,0x9670,
  0x954C,0xA40A,0xB40A,0xB40B,0xAC4D,0xB511,0xAD32,0xAD11,0xAD11,0xAD11,0xAD11,0xAD11,0xAD11,0xAD11,0xAD11,0xAD31,
  0xAD31,0xAD31,0xAD31,0xA511,0xAD11,0xA511,0xA511,0xAD11,0xAD11,0xAD11,0xACF1,0xAD11,0xACF1,0xAC6C,0xAC09,0xB40A,
  0xABE9,0xAC4C,0xAD11,0xAD31,0xAD32,0xAD32,0xAD32,0xAD32,0xAD51,0xAD31,0xAD30,0xAD31,0xAD31,0xAD11,0xAD10,0xAD10,
  0xA510,0x41E6,0x0000,0x230D,0x2E3C,0x1CB6,0x09C9,0x1145,0x0021,0x0021,0x6BAF,0x8C92,0x5AA9,0x39A2,0xA447,0xFE48,
  0xF5C4,0xED42,0xE524,0xC4A6,0xB489,0x4142,0x2021,0x5864,0x7044,0x9967,0xCACB,0xD2EB,0xF36D,0xFB2C,0xFB2C,0xF32C,
  0xFB2D,0xFB2D,0xF34D,0xF34D,0xF36D,0xF3AE,0xC32C,0x3882,0x1821,0x1821,0x1042,0x2B4E,0x24F5,0x0D99,0x065F,0x067F,
  0x069F,0x067F,0x067F,0x065F,0x059D,0x053C,0x04FC,0x04DC,0x04DD,0x0D1E,0x1BD6,0x0043,0x10A0,0x85AF,0x96AF,0x8E6F,
  0x9670,0x964F,0x8E50,0x8E4F,0x8E4F,0x8E4F,0x8E4F,0x8E4F,0x8E4F,0x8E4F,0x8E4F,0x8E6F,0x8E6F,0x8E6F,0x8E4F,0x8E4F,
  0x9D6D,0xAC4B,0xBC2B,0xB42B,0xB42B,0xB42C,0xB40C,0xAC2B,0xAC2B,0xAC2B,0xAC2B,0xAC2B,0xAC2B,0xAC2B,0xAC2B,0xAC2B,
  0xAC2B,0xAC2B,0xAC2B,0xAC2B,0xAC2B,0xAC2B,0xAC2B,0xAC2B,0xAC0A,0xAC0B,0xB40B,0xAC0B,0xAC0B,0xB42B,0xB42A,0xB42A,
  0xAC2A,0xAC2B,0xAC2C,0xAC2B,0xAC2B,0xAC2B,0xAC2B,0xAC2C,0xAC4C,0xAC4B,0xAC4B,0xAC4B,0xAC4B,0xB42B,0xAC2B,0xA42A,
  0xAC2B,0x3964,0x0000,0x2AED,0x4E7C,0x3432,0x0000,0x0000,0x0000,0x0000,0x94F4,0xB5F8,0x31C8,0x0000,0x8C29,0xFF6E,
  0xFE07,0xE440,0xECA0,0xFDE5,0xFE4A,0x39A2,0x0000,0x4082,0x68A5,0xA1E8,0xFBF0,0xFBCF,0xF3AF,0xF38F,0xF3AF,0xF3AF,
  0xF38F,0xF38E,0xEBAE,0xF3AE,0xF3CE,0xF410,0xBB8E,0x1841,0x0000,0x0000,0x0001,0x2474,0x1F1F,0x06BF,0x069F,0x069E,
  0x069F,0x067F,0x069F,0x0E7F,0x057D,0x04FC,0x04DC,0x04DC,0x0CDB,0x1CFB,0x2B93,0x0001,0x0860,0x8DAF,0x96D0,0x9690,
  0x9E71,0x9690,0x9690,0x9670,0x9670,0x9670,0x9670,0x9670,0x9670,0x9690,0x9690,0x9690,0x9690,0x9690,0x9690,0x9690,
  0x9D2D,0xA3EA,0xB3EA,0xAC0A,0xA40A,0xAC2A,0xB40A,0xAC0B,0xAC0B,0xAC0B,0xAC0B,0xAC0B,0xAC0B,0xAC0B,0xAC0B,0xAC0A,
  0xAC0A,0xAC0A,0xAC0A,0xAC0B,0xAC0B,0xAC0B,0xAC0B,0xAC0B,0xAC2A,0xAC0A,0xAC0A,0xAC0A,0xB40B,0xABEA,0xABEA,0xB3EA,
  0xABEA,0xABEA,0xABEA,0xAC0A,0xB42A,0xB42A,0xAC2A,0xAC2B,0xAC0B,0xB40B,0xB40A,0xAC2B,0xAC0A,0xB3EB,0xB3EA,0xAC0A,
  0xAC0B,0x8369,0x7309,0x4ACB,0x11E8,0x0965,0x0020,0x10C3,0x6BAF,0x6BAE,0x2986,0x2985,0x5B0C,0x7BF0,0x62C8,0x41A2,
  0x72C3,0xF5A4,0xFD41,0xED41,0xDD46,0x3962,0x0020,0x1041,0x2041,0x3082,0x4104,0x48E4,0x48E4,0x48E4,0x4104,0x4904,
  0x48E4,0x48E3,0x40E3,0x48E4,0x4903,0x4904,0x39A8,0x3BB0,0x2C33,0x2C33,0x2454,0x1DDB,0x06BF,0x067F,0x067F,0x067F,
  0x067E,0x063E,0x059D,0x057C,0x04FC,0x04DC,0x04BC,0x0CBB,0x1332,0x0948,0x1A08,0x6C2E,0x746D,0x8DEF,0x8E8F,0x8E70,
  0x9650,0x8E6F,0x8E6F,0x8E4F,0x8E4F,0x8E4F,0x8E4F,0x8E4F,0x8E4F,0x8E4F,0x8E4F,0x8E4F,0x8E4F,0x8E4F,0x8E4F,0x8E4F,
  0x9D4D,0x9C2A,0xAC0A,0xAC0A,0xAC2A,0xA42A,0xAC2A,0xAC2B,0xAC2B,0xAC2B,0xAC2B,0xAC2B,0xAC2B,0xAC2B,0xAC2B,0xAC0B,
  0xAC0B,0xAC0B,0xAC0B,0xB42B,0xB42B,0xB42B,0xB42B,0xAC2B,0xAC2B,0xAC2B,0xAC2B,0xAC0A,0xB40B,0xAC0B,0xB40B,0xB40B,
  0xAC0B,0xAC2A,0xAC2A,0xAC4A,0xAC4A,0xAC4A,0xAC2B,0xAC2B,0xAC2B,0xAC2B,0xAC2A,0xAC2A,0xAC2B,0xAC0B,0xB40B,0xAC2A,
  0xAC2A,0xAC4B,0xB4AD,0x62A8,0x0000,0x0000,0x0000,0x2125,0xADD8,0xA5B7,0x0000,0x0000,0x73AF,0xCE5A,0x4A6A,0x0000,
  0x3122,0xFEEB,0xFE26,0xF5C5,0xE587,0x3900,0x0000,0x0000,0x0000,0x0000,0x0000,0x0000,0x0000,0x0000,0x0000,0x0000,
  0x0000,0x0000,0x0000,0x0000,0x0000,0x0000,0x0106,0x35DA,0x26FF,0x16FF,0x16DF,0x0EBF,0x06DF,0x06BF,0x069F,0x06BF,
  0x0E9F,0x0E3F,0x051C,0x04DC,0x04FC,0x04DC,0x0CBC,0x24FB,0x122C,0x0000,0x1122,0xA673,0x9E92,0x9690,0x8EB0,0x8E90,
  0x9690,0x9670,0x9670,0x9690,0x9690,0x9690,0x9690,0x9690,0x9690,0x9690,0x9690,0x9690,0x9690,0x9690,0x9690,0x9690,
  0x95AE,0x950C,0xA4EC,0xA4CC,0xA4CC,0xA4EC,0xA4EC,0xA4EC,0xA4EC,0xA4EC,0xA4EC,0xA4EC,0xA4EC,0xA4EC,0xA4EC,0xA4EC,
  0xA4EC,0xA4EC,0xA4EC,0xA4EC,0xA4EC,0xA4EC,0xA4EC,0xA4ED,0xA4EC,0xA4EC,0xA4EC,0xA4EC,0xA4EC,0xA4EC,0xA4EC,0xA4EC,
  0xA4EC,0xA4EC,0xA4EC,0x9CEC,0xA4EC,0xA4EC,0xA4EC,0xA4CC,0x9CCC,0x9CEC,0xA4CC,0xA4CC,0x9CCC,0x9CCC,0xA4CC,0xA4EC,
  0xA4EC,0xA4EC,0xA50D,0x846C,0x636A,0x4248,0x0020,0x2125,0x9D35,0x9535,0x4AEC,0x52CB,0x636E,0x73EF,0x5B0C,0x4A8A,
  0x5AA9,0xA448,0xA407,0xA3C7,0x93E9,0x432B,0x2B0E,0x232F,0x230E,0x230E,0x230D,0x230D,0x1B0E,0x1B2E,0x1B2D,0x1B2E,
  0x1B2E,0x232E,0x234E,0x232E,0x232E,0x230E,0x13D2,0x1E1C,0x067F,0x069F,0x069F,0x067F,0x067F,0x069F,0x069F,0x065F,
  0x05DE,0x059E,0x051D,0x051D,0x04DC,0x0C9B,0x13B5,0x1B0F,0x3ACC,0x4AE9,0x53A9,0x960F,0x8E2F,0x8E4F,0x8E6F,0x8E4F,
  0x8E4F,0x8E4F,0x8E4F,0x8E4F,0x8E4F,0x8E4F,0x8E4F,0x8E4F,0x8E4F,0x8E4F,0x8E4F,0x8E4F,0x8E4F,0x8E4F,0x8E4F,0x8E4F,
  0x9E70,0xA670,0xA650,0xA650,0xA650,0xA650,0xA670,0x9E70,0x9E70,0x9E70,0x9E70,0x9E70,0x9E70,0x9E70,0x9E70,0x9E70,
  0x9E70,0x9E70,0x9E70,0x9E70,0x9E70,0x9E70,0x9E70,0x9E70,0x9E70,0x9E70,0x9E70,0xA670,0xA670,0xA670,0xA670,0xA671,
  0xA651,0xA651,0xA651,0xA670,0xA650,0xA650,0xA650,0xA650,0xA650,0xA650,0xA650,0xA650,0xA650,0xA64F,0xAE50,0xA651,
  0xA651,0xA651,0xA651,0xAE52,0xC6F6,0x7C8F,0x0000,0x1103,0x9D55,0x9D55,0x9D96,0xADF7,0x3A49,0x0000,0x636D,0xBE7A,
  0x7450,0x0000,0x0840,0x0800,0x0062,0x3D37,0x36BF,0x269F,0x26BE,0x269E,0x267E,0x267E,0x269E,0x1E9E,0x1EBE,0x1EBE,
  0x269F,0x26BF,0x26BF,0x2E9F,0x269F,0x269E,0x1E9F,0x069F,0x069F,0x069F,0x067F,0x069F,0x069F,0x069F,0x0E9F,0x063E,
  0x053D,0x051C,0x051C,0x051C,0x051C,0x251C,0x0A0B,0x0000,0x42A8,0xAE93,0x9650,0x9650,0x9670,0x9670,0x968F,0x968F,
  0x9690,0x9670,0x9670,0x9690,0x9690,0x9690,0x9690,0x9690,0x9690,0x9690,0x9690,0x9690,0x9690,0x9690,0x9690,0x9690,
  0x9670,0x8E70,0x8E70,0x8E90,0x8E70,0x9690,0x9670,0x8E6F,0x8E6F,0x8E6F,0x8E6F,0x8E6F,0x8E6F,0x8E6F,0x8E6F,0x8E70,
  0x8E70,0x8E70,0x8E70,0x9670,0x9670,0x9670,0x9670,0x9670,0x9670,0x9670,0x9670,0x9670,0x9670,0x9670,0x9670,0x9670,
  0x9670,0x9670,0x9670,0x9670,0x9670,0x9670,0x8E90,0x8E70,0x8E70,0x8E70,0x8E70,0x964F,0x9650,0x9650,0x9650,0x9670,
  0x9670,0x9670,0x9E51,0x9590,0x8D11,0x6BEE,0x2186,0x3A49,0x9D55,0xA576,0x9555,0xA596,0x52EC,0x2945,0x5AEC,0x8C72,
  0x52EC,0x0000,0x0042,0x1187,0x0A4A,0x1DBA,0x0EBF,0x06BF,0x06BF,0x069F,0x069F,0x069F,0x067F,0x067F,0x067F,0x069E,
  0x067F,0x067F,0x067F,0x067F,0x067F,0x069F,0x069F,0x069F,0x06BF,0x067F,0x067F,0x069F,0x06BF,0x065F,0x0E1F,0x0DDE,
  0x053D,0x051D,0x04FD,0x0CFC,0x1C36,0x2BB3,0x2A6A,0x2164,0x538A,0x9671,0x8E4F,0x8E70,0x8E70,0x8E6F,0x8E6F,0x8E6F,
  0x8E6F,0x8E70,0x8E50,0x8E4F,0x8E6F,0x8E6F,0x8E6F,0x8E6F,0x8E6F,0x8E6F,0x8E70,0x8E6F,0x8E6F,0x8E6F,0x8E6F,0x8E6F,
  0x9690,0x9690,0x9690,0x8E90,0x9690,0x9690,0x9670,0x9670,0x9670,0x9670,0x9670,0x9670,0x9670,0x9670,0x9670,0x9670,
  0x9670,0x9670,0x9670,0x9670,0x9670,0x9670,0x9670,0x9670,0x9670,0x9670,0x9670,0x9670,0x9670,0x9670,0x9670,0x9670,
  0x9690,0x9670,0x9670,0x9670,0x9670,0x9670,0x8E6F,0x8E6F,0x8E70,0x9690,0x96B0,0x9690,0x9670,0x9671,0x9690,0x96B0,
  0x9E90,0x9E70,0x9E72,0x5389,0x0040,0x3A29,0x9535,0x9D35,0x9D76,0x9D76,0x9D76,0x9D56,0x9D35,0xAD96,0x52AB,0x0000,
  0x0020,0x0000,0x00A4,0x2DB9,0x267C,0x167F,0x0EBF,0x06BF,0x06BF,0x069F,0x069F,0x069F,0x06BF,0x069F,0x067F,0x069E,
  0x067F,0x0E9F,0x06BF,0x0E9F,0x069F,0x067F,0x067F,0x069F,0x069F,0x069F,0x067F,0x069F,0x069F,0x05FE,0x051D,0x04FD,
  0x04FD,0x051D,0x053D,0x1CFC,0x09EB,0x0000,0x5BEC,0x9651,0x8E50,0x8E70,0x8E6F,0x8E6F,0x8E6F,0x8E6F,0x8E6F,0x966F,
  0x9670,0x8E70,0x8E70,0x8E70,0x8E70,0x8E70,0x8E70,0x8E70,0x8E70,0x8E70,0x8E70,0x9670,0x9670,0x8E70,0x8E70,0x9670,
  0x9670,0x9670,0x9670,0x9670,0x8E70,0x8E70,0x8E70,0x8E70,0x8E70,0x8E70,0x8E70,0x9670,0x8E70,0x8E70,0x8E70,0x8E70,
  0x8E70,0x8E70,0x8E70,0x8E70,0x8E70,0x8E70,0x8E70,0x8E70,0x9670,0x9670,0x9670,0x9670,0x9670,0x9670,0x9670,0x8E70,
  0x8E6F,0x966F,0x966F,0x8E6F,0x966F,0x9670,0x9670,0x9670,0x8DEF,0x8DAF,0x858F,0x85B0,0x8D90,0x8D8F,0x8D8F,0x8D8F,
  0x8D8F,0x8D8F,0x8D70,0x5B4A,0x0861,0x3A29,0x9D36,0x9D15,0x8CB4,0x8493,0x8C94,0x8CB4,0x8CB3,0x94F3,0x4269,0x0000,
  0x0020,0x0882,0x0947,0x15FA,0x169E,0x25BC,0x257A,0x165C,0x06DF,0x06DF,0x06BF,0x06BF,0x06BF,0x069F,0x069F,0x0E7E,
  0x1DBA,0x2537,0x2557,0x2518,0x1DBB,0x067E,0x069F,0x069F,0x069F,0x069F,0x069F,0x067F,0x0E5F,0x05BD,0x04FD,0x149B,
  0x23F8,0x1C17,0x1C36,0x2BF5,0x2209,0x0861,0x5C4B,0x96B1,0x8E6F,0x964F,0x8E6F,0x8E6F,0x8E6F,0x8E6F,0x966F,0x9670,
  0x9670,0x8E70,0x8E70,0x8E70,0x8E70,0x8E70,0x8E70,0x8E70,0x8E70,0x8E70,0x8E70,0x8E70,0x8E70,0x8E70,0x8E70,0x8E6F,
  0x8E70,0x966F,0x8E70,0x8E6F,0x8E6F,0x8E6F,0x8E70,0x9670,0x9670,0x9670,0x9670,0x8E4F,0x8E4F,0x8E4F,0x8E4F,0x8E4F,
  0x8E4F,0x8E4F,0x8E4F,0x8E70,0x8E70,0x8E70,0x8E70,0x9670,0x9670,0x9670,0x9670,0x9670,0x9670,0x9670,0x9670,0x8E70,
  0x8E6F,0x8E8F,0x8E8F,0x8E8F,0x8E6F,0x8E70,0x8E50,0x9651,0x4347,0x08A0,0x08C1,0x08A1,0x08A1,0x08A0,0x0880,0x1080,
  0x0881,0x08C1,0x0060,0x5B4C,0x94F3,0x8CF4,0x9D97,0x7472,0x08C3,0x0862,0x1062,0x0862,0x0862,0x0882,0x0041,0x0000,
  0x1146,0x4D79,0x257A,0x0E3D,0x1E5D,0x0A2C,0x00A4,0x1BF3,0x16FF,0x06DF,0x06DF,0x06BF,0x06BF,0x06BF,0x06BF,0x1E5D,
  0x0A6B,0x0041,0x00A2,0x0042,0x0B2F,0x167D,0x067F,0x0E7F,0x0E9F,0x06BF,0x06BF,0x05BE,0x051C,0x051C,0x04FC,0x0B74,
  0x00A6,0x0084,0x0084,0x00A4,0x74CF,0x8DD1,0x8E30,0x9670,0x8E6F,0x9670,0x8E70,0x8E70,0x8E70,0x8E70,0x9670,0x9670,
  0x9670,0x9670,0x9670,0x9670,0x8E70,0x8E70,0x8E70,0x8E70,0x8E70,0x8E70,0x8E70,0x8E6F,0x8E6F,0x8E4F,0x8E4F,0x8E6F,
  0x9670,0x9670,0x9690,0x9690,0x9670,0x9670,0x9670,0x9670,0x9670,0x9670,0x9670,0x9670,0x9670,0x9670,0x9670,0x9670,
  0x9670,0x9670,0x9670,0x9670,0x9670,0x9670,0x9670,0x9670,0x9670,0x9670,0x9670,0x9670,0x9670,0x9670,0x9670,0x9670,
  0x9670,0x8E70,0x8E8F,0x8E8F,0x8E90,0x9650,0x9631,0x9E52,0x42C8,0x0000,0x0041,0x0062,0x0062,0x0082,0x0041,0x0000,
  0x0000,0x0000,0x0000,0x5AEC,0xA556,0x9D35,0xA576,0x7471,0x0080,0x0020,0x0040,0x0040,0x0000,0x0000,0x0000,0x0000,
  0x1186,0x465C,0x1E1C,0x0E5F,0x1E3C,0x0A2A,0x0042,0x2370,0x369E,0x265D,0x2E5D,0x265D,0x1E7D,0x267D,0x265D,0x3DFB,
  0x120A,0x0001,0x0083,0x0042,0x0B0F,0x165C,0x067E,0x0E5F,0x0E7F,0x067F,0x0E7F,0x153C,0x1C9A,0x1CBA,0x24FB,0x1B31,
  0x0021,0x0000,0x0000,0x0020,0x6D0D,0x9690,0x8E6E,0x8E6F,0x8E8F,0x9670,0x9670,0x9670,0x9670,0x9670,0x9670,0x9670,
  0x9670,0x9670,0x9670,0x9670,0x9670,0x9670,0x9670,0x8E70,0x8E70,0x8E70,0x9670,0x8E70,0x8E70,0x8E70,0x8E70,0x8E70,
  0x8E4F,0x8E4F,0x8E4F,0x8E4F,0x8E4F,0x964F,0x8E4F,0x8E4F,0x8E4F,0x8E4F,0x8E4F,0x8E4F,0x8E4F,0x8E4F,0x8E4F,0x8E4F,
  0x8E4F,0x8E4F,0x8E4F,0x8E4F,0x8E4F,0x8E4F,0x8E4F,0x8E4F,0x8E4F,0x8E4F,0x8E4F,0x8E4F,0x8E4F,0x8E4F,0x8E4F,0x8E50,
  0x9650,0x8E4F,0x8E4F,0x8E4F,0x8E2F,0x8E10,0x32A6,0x10C2,0x0881,0x0000,0x1A4A,0x3516,0x2D17,0x2D17,0x3452,0x0904,
  0x0000,0x5AEB,0x7BF0,0x7C31,0x94F5,0x73B0,0x18E4,0x29C5,0x7CEE,0x850E,0x7CEE,0x852F,0x3246,0x0020,0x0020,0x0000,
  0x0041,0x08E3,0x09A8,0x15DB,0x0E7D,0x1578,0x2D16,0x234F,0x09E9,0x0A0A,0x09E9,0x0A09,0x0A0A,0x09E9,0x09E8,0x09EA,
  0x2311,0x1B94,0x1C55,0x2CD7,0x1579,0x0E7E,0x061E,0x057D,0x055C,0x055C,0x151B,0x0291,0x096A,0x0969,0x0969,0x0906,
  0x0000,0x10E3,0x748E,0x74AE,0x7DAF,0x862F,0x862E,0x8E4E,0x8E2E,0x8E2F,0x8E2F,0x8E2F,0x8E30,0x8E4F,0x8E4F,0x8E50,
  0x8E4F,0x8E4F,0x8E4F,0x8E4F,0x8E4F,0x8E4F,0x8E4F,0x8E4F,0x8E4F,0x8E4F,0x8E4F,0x8E4F,0x8E4F,0x8E4F,0x8E4F,0x8E4F,
  0x9690,0x9690,0x9690,0x9690,0x9690,0x9690,0x9690,0x9690,0x9690,0x9690,0x9690,0x9670,0x9670,0x9690,0x9690,0x9690,
  0x9690,0x9690,0x9690,0x9690,0x9690,0x9690,0x9690,0x9690,0x9690,0x9690,0x9690,0x9690,0x9690,0x9690,0x9690,0x9690,
  0x9690,0x9690,0x9670,0x9670,0x9671,0x9651,0x21E5,0x0000,0x0000,0x0000,0x12CC,0x26DD,0x0EBF,0x1EDF,0x2DDA,0x0105,
  0x0000,0x7C51,0xB5F8,0x9515,0xA556,0x73AE,0x0000,0x08C1,0x9630,0x9EB1,0x9670,0xA6D2,0x3AC6,0x0000,0x0000,0x0001,
  0x0000,0x0000,0x00A3,0x15BA,0x0E7F,0x069E,0x1EDE,0x1ACC,0x0000,0x0000,0x0000,0x0000,0x0000,0x0000,0x0000,0x0003,
  0x1374,0x0D1B,0x0DDE,0x16DF,0x06DF,0x069F,0x0E1F,0x051C,0x04DC,0x04DC,0x1C7A,0x0109,0x0000,0x0000,0x0000,0x0000,
  0x0000,0x2144,0xAED4,0xAEF3,0xA6B2,0xA6B2,0xA6B2,0xA6D2,0xA6D2,0xA6D2,0xAED2,0xA6F3,0xA6D3,0x9E71,0x9691,0x9691,
  0x9690,0x8EAF,0x9690,0x9690,0x9690,0x9690,0x9690,0x9670,0x9670,0x9670,0x9670,0x9670,0x9670,0x9670,0x9670,0x9670,
  0x8E6F,0x8E6F,0x8E6F,0x8E4F,0x8E4F,0x8E4F,0x8E6F,0x8E6F,0x8E6F,0x8E6F,0x8E6F,0x8E4F,0x8E4F,0x8E4F,0x8E4F,0x8E6F,
  0x8E6F,0x8E6F,0x8E6F,0x8E6F,0x8E6F,0x8E6F,0x8E6F,0x8E6F,0x8E6F,0x8E6F,0x8E6F,0x8E4F,0x8E6F,0x8E6F,0x8E6F,0x9670,
  0x8E6F,0x8E70,0x9670,0x9670,0x8DCF,0x7D70,0x338E,0x124D,0x1AF0,0x1B71,0x1496,0x0E7E,0x069F,0x0EBF,0x1E1C,0x1BF3,
  0x234F,0x3B0D,0x426A,0x4249,0x4249,0x4AC9,0x5349,0x5C0A,0x9610,0x9650,0x964F,0x9690,0x74AC,0x5BAB,0x31C6,0x0000,
  0x0020,0x0000,0x00E4,0x1DDB,0x06BF,0x067E,0x0E7E,0x14B6,0x1B6F,0x1B10,0x12AF,0x12CF,0x12CF,0x1AD0,0x12CF,0x1311,
  0x14F9,0x0DFE,0x061E,0x069F,0x06BF,0x069F,0x0E1F,0x051D,0x04DD,0x04FC,0x0CBA,0x1313,0x1A8E,0x1168,0x0001,0x0001,
  0x0000,0x1081,0x42C8,0x42E8,0x42E8,0x4308,0x4307,0x4307,0x4307,0x4307,0x4B07,0x4308,0x4B48,0x8DD0,0x9671,0x8E70,
  0x8E8F,0x866F,0x8E50,0x8E4F,0x8E4F,0x8E4F,0x8E4F,0x8E4F,0x8E4F,0x8E4F,0x8E4F,0x8E4F,0x8E4F,0x8E4F,0x8E4F,0x8E4F,
  0x9690,0x9690,0x9690,0x9690,0x9690,0x9690,0x9690,0x9690,0x9690,0x9690,0x9690,0x9690,0x9690,0x9690,0x9690,0x9690,
  0x9690,0x9690,0x9690,0x9690,0x9690,0x9690,0x9690,0x9690,0x9690,0x9690,0x9690,0x9670,0x9690,0x9690,0x9690,0x9690,
  0x9690,0x96B1,0x9691,0xA691,0x8D4E,0x7D31,0x3CF6,0x0478,0x159C,0x1E7F,0x165F,0x069F,0x06BF,0x06BF,0x0E9F,0x1E9F,
  0x3E9D,0x126B,0x0000,0x0000,0x0000,0x2A05,0xA652,0x9E91,0x8E70,0x9670,0x8E90,0x8E90,0x9EB2,0xB735,0x5389,0x0000,
  0x0020,0x0000,0x00C4,0x1DBB,0x0EBF,0x069F,0x069F,0x0E7F,0x169E,0x1DDD,0x0CDB,0x0CFC,0x0CFC,0x14FC,0x0D1C,0x0D3C,
  0x0E1E,0x0E9F,0x069F,0x06BF,0x06BF,0x0E9F,0x0E1F,0x04FC,0x04BC,0x04DC,0x04DC,0x04BB,0x1CBA,0x128E,0x0000,0x0000,
  0x0000,0x0000,0x0000,0x0000,0x0000,0x0000,0x0000,0x0000,0x0000,0x0000,0x0000,0x0000,0x0060,0x95D1,0xAEF2,0x9E90,
  0x9690,0x9671,0x9671,0x9670,0x9670,0x9670,0x9670,0x9670,0x9670,0x9670,0x9670,0x9690,0x9690,0x9690,0x9690,0x9690,
  0x8E4F,0x8E4F,0x8E4F,0x8E4F,0x8E4F,0x8E4F,0x8E4F,0x8E6F,0x8E6F,0x8E6F,0x8E6F,0x8E4F,0x8E4F,0x8E4F,0x8E4F,0x8E4F,
  0x8E4F,0x8E4F,0x8E4F,0x8E4F,0x8E4F,0x8E4F,0x8E4F,0x8E4F,0x8E4F,0x8E4F,0x8E4F,0x8E4F,0x8E4F,0x8E4F,0x8E4F,0x8E4F,
  0x8E6F,0x8E70,0x9691,0x9610,0x5327,0x3ACA,0x24B7,0x057D,0x05FE,0x0E7F,0x0E5F,0x067F,0x069E,0x069E,0x069F,0x065F,
  0x1E3D,0x128B,0x0000,0x0821,0x0000,0x2A25,0x9610,0x964F,0x8E6F,0x9650,0x8E4F,0x8E70,0x64AB,0x53C9,0x29E5,0x0000,
  0x08A3,0x230E,0x0BB1,0x163D,0x069F,0x069F,0x067F,0x067F,0x067F,0x063F,0x059E,0x059E,0x05BE,0x059D,0x057E,0x059D,
  0x063E,0x069F,0x069F,0x069F,0x069F,0x067F,0x0E3F,0x05BE,0x057D,0x057D,0x059D,0x055D,0x0D5D,0x0BF5,0x124C,0x11C8,
  0x0000,0x0820,0x38E4,0x4104,0x4104,0x4103,0x4965,0x5185,0x5184,0x5184,0x5165,0x4985,0x41C6,0x5B8A,0x5C0A,0x85AE,
  0x8E70,0x8E50,0x8E50,0x8E6F,0x8E6F,0x8E6F,0x8E6F,0x8E4F,0x8E4F,0x8E4F,0x8E4F,0x8E4F,0x8E4F,0x8E4F,0x8E4F,0x8E4F,
  0x9690,0x9690,0x9690,0x9690,0x9690,0x9690,0x9670,0x9690,0x9690,0x9690,0x9690,0x9690,0x9690,0x9690,0x9690,0x9690,
  0x9690,0x9690,0x9690,0x9690,0x9690,0x9690,0x9690,0x9690,0x9690,0x9690,0x9690,0x9690,0x9690,0x9690,0x9690,0x9690,
  0x9690,0x9690,0x9EB2,0x8DF0,0x10E1,0x0021,0x1C76,0x169F,0x069F,0x069F,0x069F,0x06BF,0x069F,0x069F,0x069F,0x067F,
  0x263E,0x126B,0x0000,0x0000,0x0000,0x3225,0x9E51,0x9E90,0x9690,0x9671,0x9E70,0xAEB2,0x4286,0x0000,0x0000,0x0000,
  0x0987,0x36BE,0x1EBE,0x06BF,0x06BF,0x06BF,0x06BF,0x06BF,0x06BF,0x06BF,0x0E9F,0x0E9F,0x06BF,0x0E9F,0x0E9F,0x069F,
  0x069E,0x069E,0x069F,0x069F,0x069F,0x069F,0x0E9F,0x0E7F,0x0E7F,0x0E7F,0x069F,0x0E9F,0x0E7F,0x0DBD,0x255C,0x23D3,
  0x0001,0x1020,0x7A48,0x8A69,0x8A28,0x8A07,0xA2C9,0xB34B,0xB32A,0xAB09,0xAB2A,0xAB29,0x8B09,0x1000,0x0000,0x7CEF,
  0xA6D2,0x9690,0x9670,0x9670,0x9690,0x9690,0x9690,0x9690,0x9690,0x9690,0x9690,0x9690,0x9690,0x9690,0x9690,0x9690,
  0x8E6F,0x8E6F,0x8E6F,0x8E4F,0x8E4F,0x8E4F,0x8E6F,0x8E6F,0x8E6F,0x8E6F,0x8E6F,0x8E6F,0x8E6F,0x8E6F,0x8E6F,0x8E4F,
  0x8E4F,0x8E4F,0x8E4F,0x8E70,0x8E70,0x8E6F,0x8E6F,0x8E6F,0x8E6F,0x8E6F,0x8E6F,0x8E6F,0x8E6F,0x8E70,0x8E70,0x8E70,
  0x8E6F,0x9670,0x9691,0x8DF0,0x1922,0x0042,0x1C55,0x0E7E,0x069E,0x069F,0x069F,0x069F,0x067F,0x0E5F,0x067F,0x061E,
  0x25BD,0x124B,0x0000,0x1903,0x1923,0x42E7,0x9E50,0x9670,0x9690,0x9671,0x7D4E,0x852F,0x3A26,0x0000,0x0904,0x0187,
  0x0AAD,0x167E,0x067E,0x067F,0x067F,0x06BF,0x06BF,0x069F,0x069F,0x069F,0x067F,0x067F,0x069E,0x067F,0x067F,0x067F,
  0x067F,0x067F,0x067F,0x067F,0x069F,0x067F,0x067F,0x067F,0x067F,0x067F,0x067F,0x067E,0x067E,0x05FE,0x05BD,0x0C76,
  0x0188,0x0926,0x51A6,0x69C6,0x79E7,0x89E7,0x9A48,0xAA88,0xAAA8,0xAAC8,0xAAC7,0xA2C6,0x92A7,0x3061,0x1882,0x638B,
  0x6CAD,0x7D6D,0x8E70,0x8E4F,0x8E4F,0x8E6F,0x8E6F,0x9670,0x9670,0x9670,0x8E6F,0x8E6F,0x8E6F,0x8E6F,0x8E6F,0x8E6F,
  0x8E70,0x8E70,0x9670,0x9670,0x9670,0x9670,0x9670,0x8E70,0x8E70,0x8E70,0x8E70,0x9670,0x9670,0x9670,0x9670,0x8E70,
  0x8E70,0x8E70,0x8E70,0x9670,0x9670,0x8E70,0x8E70,0x8E70,0x8E70,0x8E70,0x8E70,0x8E70,0x8E70,0x8E70,0x9670,0x9670,
  0x8E90,0x9670,0x9E91,0x8DD0,0x1902,0x0022,0x1475,0x0EBF,0x067E,0x065F,0x067F,0x067F,0x067F,0x0E7F,0x161E,0x0CFC,
  0x1C9A,0x11CA,0x0000,0x5BCB,0x9E32,0x9611,0x9670,0x9670,0x9690,0x9E51,0x0900,0x0000,0x0000,0x0001,0x2B8F,0x2E3C,
  0x0E3C,0x069E,0x069E,0x067F,0x067F,0x069F,0x069F,0x067F,0x069F,0x069F,0x069F,0x069F,0x069F,0x069F,0x069F,0x069F,
  0x069F,0x069F,0x069F,0x069F,0x069F,0x069F,0x069F,0x069F,0x069F,0x067F,0x067F,0x069F,0x067E,0x065F,0x069E,0x0E3D,
  0x1D9C,0x1C56,0x0000,0x1000,0x6187,0x8A29,0x91E7,0x89C6,0x9A67,0xA2E9,0xA2C7,0xAAC7,0xA2E9,0x71C6,0x59A6,0x1060,
  0x0000,0x5BCA,0xA6B2,0x8E4F,0x9670,0x9670,0x9670,0x9670,0x9670,0x9670,0x9670,0x9670,0x9670,0x9670,0x9670,0x9670,
  0x9670,0x9670,0x9670,0x9670,0x9670,0x9670,0x8E70,0x9670,0x9670,0x9670,0x9670,0x9670,0x9670,0x9670,0x9670,0x9690,
  0x9690,0x9690,0x9690,0x9670,0x9670,0x9670,0x9670,0x9670,0x9670,0x9670,0x9670,0x8E70,0x8E70,0x8E70,0x9670,0x9690,
  0x8E8F,0x9670,0x9691,0x95D0,0x18E2,0x0021,0x1475,0x0EBF,0x065E,0x065F,0x065F,0x0E5F,0x161E,0x1DDC,0x259B,0x24DB,
  0x2C79,0x09E9,0x0000,0x5BEA,0x9E91,0x9650,0x8E6F,0x8E4F,0x9630,0x95D1,0x1102,0x0020,0x0062,0x0063,0x1BF1,0x16BE,
  0x069F,0x069F,0x067F,0x069F,0x069F,0x069F,0x069F,0x067F,0x069F,0x067F,0x067F,0x067F,0x067F,0x069F,0x069F,0x069F,
  0x069F,0x069F,0x067F,0x067F,0x069F,0x069F,0x069F,0x069F,0x069F,0x067F,0x067F,0x069F,0x069F,0x067F,0x06BF,0x069F,
  0x063F,0x14F8,0x0083,0x0042,0x4986,0x7A08,0x81C7,0x81A5,0x9A67,0xA309,0xAAE8,0xAAC7,0xA2C8,0x7985,0x6165,0x1861,
  0x0000,0x63EB,0xA6B2,0x8E4F,0x9670,0x9670,0x9670,0x9670,0x9670,0x9670,0x9670,0x9670,0x9670,0x9670,0x9670,0x9670,
  0x8E6F,0x8E6F,0x8E70,0x8E70,0x8E70,0x8E70,0x8E70,0x8E70,0x8E70,0x8E70,0x8E70,0x8E70,0x8E70,0x8E70,0x9670,0x8E70,
  0x8E70,0x8E70,0x8E70,0x8E6F,0x8E70,0x8E70,0x8E70,0x9670,0x9670,0x9670,0x8E70,0x8E70,0x8E6F,0x8E6F,0x8E6F,0x8E6F,
  0x8E6F,0x8E70,0x9690,0x8DD0,0x10E2,0x0001,0x1434,0x0E5F,0x05FF,0x05DE,0x05DE,0x0DDF,0x24B8,0x09A9,0x0166,0x0947,
  0x0926,0x6CAF,0x8D91,0x9611,0x9690,0x966F,0x9E90,0x7D0D,0x2182,0x2943,0x0020,0x0000,0x23B0,0x1D9A,0x161D,0x069F,
  0x06BF,0x069F,0x069F,0x069F,0x067F,0x067F,0x069F,0x069F,0x069F,0x069F,0x069F,0x069F,0x069F,0x069F,0x069F,0x069F,
  0x069F,0x069F,0x069F,0x069F,0x069F,0x069F,0x069F,0x069F,0x069F,0x069F,0x069F,0x069F,0x069F,0x06BF,0x069F,0x069F,
  0x069F,0x0E3E,0x0D19,0x2497,0x21C8,0x1020,0x5944,0x81C6,0x81C6,0x89E6,0x9A46,0xAAE8,0xA2C8,0x81C6,0x71C7,0x2082,
  0x0000,0x63CA,0x9EB2,0x8E4F,0x9670,0x9670,0x9670,0x966F,0x8E70,0x8E70,0x8E70,0x9670,0x9670,0x9670,0x9670,0x9670,
  0x9690,0x9690,0x9690,0x9670,0x9670,0x9670,0x9670,0x9670,0x9670,0x9670,0x9670,0x9670,0x9670,0x9670,0x9670,0x9670,
  0x9670,0x9670,0x9670,0x9670,0x9690,0x9690,0x9690,0x9690,0x9690,0x9690,0x9690,0x9690,0x9690,0x9690,0x8E90,0x8E90,
  0x8E90,0x8E70,0x9690,0x8DD0,0x10E2,0x0001,0x1413,0x163E,0x05BE,0x0D7B,0x159C,0x259D,0x3435,0x0063,0x0000,0x0000,
  0x0020,0x850E,0xA6D3,0x9E91,0x9E90,0x9670,0xA691,0x74CE,0x0061,0x0021,0x0042,0x0062,0x1C74,0x16DF,0x069F,0x067F,
  0x167E,0x1E7D,0x167D,0x06BF,0x069F,0x067F,0x069E,0x06BF,0x069F,0x069F,0x069F,0x069F,0x069F,0x069F,0x069F,0x069F,
  0x069F,0x069F,0x069F,0x069F,0x069F,0x069F,0x069F,0x069F,0x069F,0x069F,0x0E9F,0x167E,0x165D,0x0E9E,0x069F,0x069F,
  0x069F,0x069F,0x061E,0x1DBD,0x0A4B,0x0021,0x4925,0x79C7,0x79A7,0x81A7,0x9226,0xAAE8,0xAAC8,0x81E6,0x71E7,0x2082,
  0x0000,0x63CA,0xA6B2,0x9670,0x9670,0x9670,0x9670,0x9670,0x9690,0x9690,0x9690,0x9690,0x9690,0x9690,0x9690,0x9670,
  0x8E70,0x8E70,0x8E70,0x8E6F,0x8E6F,0x8E6F,0x8E70,0x8E70,0x8E70,0x8E70,0x8E70,0x8E6F,0x8E6F,0x8E6F,0x8E70,0x8E6F,
  0x8E6F,0x8E6F,0x8E6F,0x8E70,0x8E70,0x8E70,0x9670,0x9670,0x9670,0x9670,0x9670,0x9670,0x8E70,0x8E70,0x8E70,0x8E6F,
  0x8E6F,0x8E4F,0x9670,0x8DCF,0x18E2,0x0001,0x13F3,0x1E1D,0x0BB3,0x09E9,0x0A0A,0x11EA,0x1167,0x0041,0x0020,0x0000,
  0x0020,0x84EF,0xA672,0x9E6F,0xA6B1,0x7D0E,0x3225,0x32CA,0x3494,0x1CB6,0x1C95,0x14B5,0x0DBB,0x065E,0x05DD,0x059D,
  0x1C97,0x120A,0x0ACE,0x163C,0x0EBF,0x067F,0x067F,0x067F,0x065F,0x067F,0x067F,0x067F,0x067F,0x067F,0x067F,0x067F,
  0x067F,0x067F,0x069F,0x069F,0x069F,0x069F,0x069F,0x069F,0x069F,0x069F,0x1E7E,0x0B92,0x09EA,0x1434,0x0E7F,0x067F,
  0x067F,0x067F,0x065E,0x0E1D,0x1517,0x2475,0x2A2A,0x2061,0x5124,0x81C6,0x8A06,0xA2A8,0xA288,0x81C6,0x71C7,0x2062,
  0x0000,0x63CB,0xA6B2,0x964F,0x9670,0x9670,0x9670,0x9670,0x9670,0x9670,0x9670,0x9670,0x9670,0x9670,0x9670,0x8E6F,
  0x9690,0x9690,0x9690,0x9690,0x9690,0x9690,0x9690,0x9690,0x9690,0x9690,0x9690,0x9690,0x9690,0x9690,0x9690,0x9690,
  0x9690,0x9690,0x9690,0x9690,0x9690,0x9690,0x9690,0x9690,0x9690,0x9690,0x9690,0x9690,0x9690,0x9690,0x9690,0x9690,
  0x9690,0x8E70,0x9691,0x8DD0,0x18E2,0x0001,0x13F3,0x1DFD,0x126D,0x0000,0x0000,0x0000,0x0000,0x0000,0x0000,0x0000,
  0x0020,0x84EF,0xA6D3,0x96B1,0xAF14,0x746E,0x0000,0x0167,0x367D,0x16BF,0x16BF,0x0EBF,0x065F,0x0E5F,0x0D9C,0x1D1C,
  0x2393,0x0000,0x00C4,0x1DFA,0x0EBF,0x067F,0x069F,0x069F,0x0E7F,0x069F,0x069F,0x069F,0x069F,0x069F,0x069F,0x069F,
  0x069F,0x069F,0x069F,0x069F,0x069F,0x069F,0x069F,0x069F,0x069F,0x06DF,0x167D,0x020A,0x0000,0x1B0E,0x267E,0x0E5E,
  0x065F,0x067E,0x067F,0x067E,0x0E7D,0x267E,0x1ACE,0x0000,0x38E3,0x7A08,0x8A27,0xA2E9,0xA2C9,0x81E7,0x79E7,0x2082,
  0x0000,0x63EB,0xA6D2,0x9670,0x9690,0x9690,0x9690,0x9690,0x9690,0x9690,0x9690,0x9670,0x9670,0x9690,0x9690,0x9670,
  0x8E4F,0x8E4F,0x8E4F,0x8E4F,0x8E4F,0x8E4F,0x8E4F,0x8E4F,0x8E4F,0x8E4F,0x8E4F,0x8E4F,0x8E4F,0x8E4F,0x8E4F,0x8E4F,
  0x8E4F,0x8E4F,0x8E4F,0x8E4F,0x8E4F,0x8E4F,0x8E4F,0x8E4F,0x8E4F,0x8E4F,0x8E4F,0x8E4F,0x8E4F,0x8E4F,0x8E4F,0x8E6F,
  0x8E6F,0x8E4F,0x8E70,0x85AF,0x18E2,0x0001,0x13F3,0x161D,0x0C76,0x1350,0x1350,0x1350,0x12EF,0x122F,0x11CB,0x0062,
  0x0000,0x4268,0x4B6A,0x4B49,0x534A,0x3B2C,0x1ACD,0x1413,0x163C,0x067E,0x067D,0x065E,0x059D,0x0D3D,0x0BD4,0x124D,
  0x19C9,0x0000,0x00E5,0x15DB,0x069F,0x067F,0x069F,0x069F,0x069F,0x067F,0x067F,0x067F,0x067F,0x067F,0x067F,0x067F,
  0x067F,0x069F,0x069F,0x069F,0x069F,0x069F,0x069F,0x069F,0x069F,0x069F,0x1E3C,0x020B,0x0000,0x1187,0x1ACE,0x1413,
  0x0E3D,0x067F,0x067F,0x067F,0x065E,0x163D,0x0AEE,0x0022,0x1883,0x3904,0x5944,0x8A47,0x9227,0x81C6,0x79E7,0x2082,
  0x0000,0x63CB,0x9E92,0x8E4F,0x9650,0x8E4F,0x8E4F,0x8E4F,0x8E4F,0x8E4F,0x8E4F,0x8E4F,0x8E4F,0x8E4F,0x8E4F,0x8E4F,
  0x9690,0x9690,0x9690,0x9690,0x9690,0x9690,0x9690,0x9690,0x9690,0x9690,0x9690,0x9690,0x9690,0x9690,0x9690,0x9690,
  0x9690,0x9690,0x9690,0x9690,0x9690,0x9690,0x9690,0x9690,0x9690,0x9690,0x9690,0x9690,0x9690,0x9690,0x9690,0x9690,
  0x96B0,0x9690,0x96B1,0x8DD0,0x10E2,0x0001,0x1BF3,0x165E,0x0E7E,0x1EBF,0x169F,0x1EBF,0x1E1F,0x1CBD,0x23D6,0x00C5,
  0x0000,0x0000,0x0000,0x0000,0x0000,0x09E8,0x363B,0x16BD,0x065E,0x067F,0x0E9E,0x165E,0x04DB,0x0C19,0x09EC,0x0000,
  0x0000,0x0000,0x00C4,0x1DBB,0x0EBF,0x069F,0x06BF,0x06BF,0x06BF,0x069F,0x069F,0x069F,0x069F,0x069F,0x069F,0x069F,
  0x069F,0x06BF,0x06BF,0x06BF,0x06BF,0x06BF,0x069F,0x069F,0x069F,0x069F,0x261D,0x01CB,0x0000,0x0000,0x0000,0x124A,
  0x267D,0x0EBF,0x06BF,0x069F,0x069F,0x169F,0x0B72,0x00A6,0x0022,0x0000,0x2840,0x79C6,0x89C6,0x81C7,0x81E8,0x2882,
  0x0000,0x63EB,0xA6D3,0x9670,0x9690,0x9690,0x9690,0x9690,0x9690,0x9690,0x9690,0x9690,0x9690,0x9690,0x9690,0x9690,
  0x8E6F,0x8E6F,0x8E6F,0x8E4F,0x8E4F,0x8E4F,0x8E4F,0x8E4F,0x8E4F,0x8E4F,0x8E4F,0x8E4F,0x8E4F,0x8E4F,0x8E4F,0x8E4F,
  0x8E4F,0x8E4F,0x8E4F,0x8E4F,0x8E4F,0x8E4F,0x8E4F,0x8E4F,0x8E4F,0x8E4F,0x8E4F,0x8E4F,0x8E4F,0x8E4F,0x8E4F,0x8E4F,
  0x8E6F,0x8E4F,0x9670,0x8DD0,0x1902,0x0021,0x1434,0x0E7E,0x065E,0x065E,0x065E,0x065E,0x05FE,0x051C,0x1416,0x08C5,
  0x0000,0x19C8,0x12AC,0x0A8B,0x0A6B,0x0BB1,0x15DC,0x061E,0x05FE,0x0DDD,0x14F8,0x2477,0x1394,0x2313,0x222C,0x1964,
  0x1903,0x0000,0x00C4,0x1D9B,0x067F,0x067F,0x067F,0x069F,0x067F,0x067F,0x067F,0x067F,0x067F,0x067F,0x067F,0x067F,
  0x067F,0x069F,0x069F,0x069F,0x069F,0x069F,0x069F,0x069F,0x069F,0x069F,0x165E,0x0310,0x0189,0x0926,0x0000,0x1208,
  0x2CB5,0x24F8,0x0E5D,0x067F,0x067F,0x165F,0x0C98,0x0B52,0x11C9,0x0000,0x2882,0x8207,0x89E7,0x81C7,0x81E7,0x2882,
  0x0000,0x63CB,0xA692,0x8E50,0x9670,0x9670,0x8E50,0x8E50,0x8E50,0x8E50,0x8E4F,0x8E4F,0x8E4F,0x8E4F,0x8E4F,0x8E4F,
  0x9690,0x9690,0x9690,0x9690,0x9690,0x9690,0x9690,0x9690,0x9690,0x9690,0x9690,0x9670,0x9670,0x9670,0x9670,0x9670,
  0x9670,0x9670,0x9670,0x9670,0x8E70,0x9670,0x9670,0x9670,0x9670,0x9670,0x9670,0x9670,0x9670,0x9670,0x9670,0x9670,
  0x9690,0x9670,0x96B1,0x8E10,0x10E2,0x0001,0x1C54,0x169F,0x067F,0x069F,0x06BE,0x0E9E,0x065E,0x05DE,0x1CFA,0x00E7,
  0x0000,0x3473,0x369E,0x1E5D,0x1E5D,0x165E,0x165F,0x0E5F,0x05DD,0x1D5A,0x01A8,0x0063,0x0043,0x0002,0x538C,0xA6D4,
  0x74AE,0x0000,0x00E4,0x1D7B,0x067F,0x069F,0x069F,0x069F,0x069F,0x069F,0x069F,0x069F,0x069F,0x069F,0x069F,0x069F,
  0x069F,0x069F,0x069F,0x069F,0x069F,0x069F,0x069F,0x069F,0x069F,0x069F,0x0E9F,0x157B,0x24FA,0x1AEF,0x0000,0x0041,
  0x0042,0x0967,0x1E3C,0x069E,0x067F,0x067F,0x0E5E,0x269E,0x1BB0,0x0000,0x2062,0x8228,0x9208,0x8A08,0x8208,0x2882,
  0x0000,0x63EB,0xA6D3,0x9670,0x9690,0x9690,0x9670,0x9670,0x9670,0x9690,0x9670,0x9670,0x9670,0x9670,0x9670,0x9670,
  0x8E70,0x8E70,0x8E70,0x8E70,0x8E70,0x8E70,0x8E70,0x8E70,0x8E70,0x8E70,0x8E70,0x8E6F,0x8E6F,0x8E6F,0x8E6F,0x966F,
  0x9650,0x9650,0x966F,0x966F,0x8E70,0x8E70,0x8E70,0x8E6F,0x8E6F,0x8E70,0x8E70,0x9670,0x9670,0x9670,0x9670,0x8E6F,
  0x8E8F,0x9670,0x9E91,0x95F0,0x3225,0x1965,0x2B70,0x2475,0x1579,0x067E,0x067E,0x067E,0x063E,0x061E,0x157B,0x0A0C,
  0x0105,0x1CB6,0x0E9F,0x065F,0x063E,0x063E,0x0E5F,0x15FD,0x1477,0x2BB3,0x0105,0x0000,0x18C2,0x1923,0x5C0B,0xA6F3,
  0x6CCC,0x0000,0x00E4,0x1D9B,0x067F,0x067E,0x067F,0x065F,0x067F,0x067F,0x069F,0x069F,0x069F,0x069F,0x069F,0x069F,
  0x069F,0x069F,0x069F,0x069F,0x069F,0x069F,0x069F,0x069F,0x069F,0x069F,0x067F,0x057D,0x14FB,0x12B0,0x0000,0x0000,
  0x0000,0x0924,0x1E1B,0x069E,0x067F,0x067F,0x069F,0x0EDF,0x0C74,0x0146,0x1926,0x51A7,0x6986,0x79E6,0x8207,0x2882,
  0x0000,0x63EB,0xA6B2,0x8E6F,0x9670,0x9670,0x9670,0x9670,0x9670,0x9670,0x9670,0x8E6F,0x8E6F,0x8E6F,0x8E6F,0x8E6F,
  0x9690,0x9690,0x9690,0x9690,0x9690,0x9690,0x9690,0x9690,0x9690,0x9690,0x9690,0x9670,0x9670,0x9670,0x9670,0x966F,
  0x9670,0x8E70,0x8E6F,0x8E6F,0x8E70,0x9670,0x9670,0x8E70,0x8E6F,0x8E6F,0x8E6F,0x8E6F,0x8E6F,0x8E6F,0x8E6F,0x8E8F,
  0x8E90,0x9670,0x9690,0x9670,0x9651,0x95D3,0x3227,0x0042,0x1BB2,0x1E7E,0x067E,0x069F,0x069E,0x06BE,0x0E5E,0x25BB,
  0x2599,0x15FC,0x063E,0x061E,0x0DDE,0x05DE,0x05FE,0x14B8,0x0107,0x0043,0x0021,0x0000,0x6BEC,0x9E32,0x8631,0x96B2,
  0x6CCD,0x0000,0x00E4,0x1DBB,0x067F,0x067E,0x067F,0x067F,0x069F,0x069F,0x069F,0x069F,0x069F,0x069F,0x069F,0x069F,
  0x069F,0x069F,0x069F,0x069F,0x069F,0x069F,0x069F,0x069F,0x069F,0x069F,0x0E7F,0x057D,0x14DB,0x12D0,0x0000,0x0020,
  0x0000,0x0925,0x261C,0x069F,0x067F,0x069F,0x06BF,0x0E9F,0x161E,0x255B,0x33F3,0x0062,0x1820,0x61A6,0x71E7,0x2062,
  0x0000,0x5BEB,0xA6B2,0x9670,0x9690,0x9670,0x9670,0x9670,0x9670,0x9670,0x9670,0x8E70,0x8E70,0x8E70,0x8E70,0x8E70,
  0x9670,0x9670,0x9670,0x9670,0x9670,0x9670,0x9670,0x9670,0x9670,0x9670,0x9670,0x9670,0x9670,0x9670,0x9670,0x8E70,
  0x8E90,0x8E8F,0x8E90,0x8E70,0x8E6F,0x966F,0x9650,0x9670,0x9670,0x9670,0x9670,0x966F,0x966F,0x966F,0x966F,0x9670,
  0x9670,0x9670,0x9690,0x8E90,0x9691,0x9652,0x2A05,0x0000,0x22EE,0x2DDA,0x0DDB,0x0E7F,0x06BF,0x06BF,0x069F,0x0E7F,
  0x0E7E,0x065F,0x0E1D,0x155A,0x1CF9,0x251B,0x257B,0x2C13,0x08E3,0x08A1,0x10C1,0x0860,0x6C6C,0x9EF2,0x8E90,0x9EB2,
  0x74CD,0x0000,0x00E3,0x1DDA,0x069F,0x067F,0x067F,0x069F,0x069F,0x069F,0x069F,0x067F,0x067F,0x069F,0x069F,0x067F,
  0x069F,0x069F,0x069F,0x069F,0x069F,0x069F,0x069F,0x069F,0x069F,0x069F,0x0E5F,0x057C,0x0CFB,0x0ACF,0x0000,0x0020,
  0x0000,0x1924,0x3DB9,0x25FC,0x165F,0x06DF,0x06BF,0x069F,0x065E,0x0E1E,0x2476,0x0062,0x0800,0x6187,0x79E8,0x2862,
  0x0000,0x63EB,0xA6D2,0x9670,0x9670,0x9670,0x9670,0x8E4F,0x8E4F,0x8E4F,0x8E4F,0x8E6F,0x8E6F,0x8E6F,0x8E6F,0x8E6F,
  0x8E6F,0x8E6F,0x8E6F,0x8E6F,0x8E6F,0x8E6F,0x8E6F,0x8E6F,0x8E6F,0x8E6F,0x8E6F,0x8E6F,0x8E6F,0x8E6F,0x8E50,0x8E50,
  0x8E4F,0x8E4F,0x8E50,0x8E50,0x8E4F,0x8E4E,0x8E4F,0x8E4F,0x8E4F,0x8E4F,0x8E4F,0x8E4F,0x8E4F,0x8E4F,0x8E4F,0x964F,
  0x9630,0x9650,0x8E4F,0x8E4F,0x8E70,0x8E10,0x29E4,0x0000,0x08C3,0x0966,0x1391,0x167E,0x067F,0x069F,0x069E,0x067E,
  0x065E,0x059D,0x0D1A,0x0B10,0x0127,0x0967,0x0946,0x2A08,0x84F0,0x854F,0x854F,0x7D0E,0x8E10,0x96B0,0x9650,0xA6B2,
  0x7CCE,0x0000,0x0124,0x1DDB,0x069F,0x069F,0x069F,0x067F,0x069F,0x067F,0x067F,0x067F,0x067F,0x067F,0x067F,0x067F,
  0x069E,0x069F,0x069F,0x069F,0x069F,0x069F,0x069F,0x069F,0x069F,0x069F,0x0E5F,0x057C,0x0CFB,0x12CF,0x0000,0x20A2,
  0x61C6,0x51C6,0x1186,0x09E8,0x1D79,0x06BF,0x069F,0x067F,0x065E,0x065E,0x1CB6,0x0083,0x0800,0x69A7,0x81E8,0x2862,
  0x0000,0x5BEB,0x9EB2,0x8E4F,0x8E6F,0x8E6F,0x8E4F,0x8E4F,0x8E4F,0x8E4F,0x8E4F,0x8E4F,0x8E4F,0x8E4F,0x8E4F,0x8E4F,
  0x9690,0x9690,0x9690,0x9690,0x9690,0x9690,0x9690,0x9690,0x9690,0x9690,0x9690,0x9670,0x9670,0x9670,0x9670,0x9690,
  0x9690,0x9670,0x9670,0x8E50,0x9670,0x9691,0x9E71,0x9E91,0x9E91,0x9E92,0x9EB2,0x9EB2,0xA6B2,0xA6B2,0xA6B2,0xA6B1,
  0xA691,0x9E92,0x9E92,0x9E71,0x9E70,0x9E51,0x2A25,0x0000,0x0020,0x0000,0x2AED,0x363B,0x263C,0x265D,0x1E9D,0x1E7E,
  0x263E,0x1D3B,0x24D9,0x1A6C,0x0000,0x0000,0x0000,0x1943,0x9633,0x9EB2,0x9ED2,0x9ED2,0x9EB2,0xA692,0xA693,0xB714,
  0x8D30,0x0000,0x0124,0x25DC,0x0E9F,0x06BF,0x06BF,0x069F,0x0E9F,0x069F,0x069F,0x06BF,0x06BF,0x069F,0x069F,0x069F,
  0x067F,0x069F,0x069F,0x069F,0x069F,0x069F,0x069F,0x069F,0x069F,0x069F,0x0E7F,0x057D,0x0D1C,0x12F0,0x0000,0x38C3,
  0x928A,0x71E7,0x0000,0x0020,0x2D16,0x269E,0x167E,0x067F,0x067F,0x0EBF,0x1D38,0x00E5,0x0840,0x61C7,0x7A09,0x2082,
  0x0000,0x5BEB,0x9ED2,0x8E70,0x9690,0x9690,0x8E90,0x8E70,0x8E90,0x8E90,0x9690,0x9690,0x9690,0x9690,0x9670,0x9670,
  0x8E4F,0x8E4F,0x8E4F,0x8E4F,0x8E4F,0x8E4F,0x8E4F,0x8E4F,0x8E4F,0x8E4F,0x8E4F,0x8E4F,0x8E4F,0x8E4F,0x8E4F,0x8E4F,
  0x8E4F,0x8E4F,0x864E,0x8E2F,0x648B,0x4B09,0x4B09,0x4B09,0x5329,0x5329,0x5329,0x5329,0x5329,0x5329,0x5329,0x5328,
  0x4B28,0x4B29,0x4B09,0x5BCA,0x95EF,0x9650,0x74ED,0x642C,0x642C,0x5BEC,0x3AEB,0x22CB,0x1AED,0x1B0D,0x230D,0x1B0E,
  0x22EE,0x228D,0x1A4B,0x4B6D,0x6C6D,0x644C,0x5C0A,0x648B,0x8E10,0x8E50,0x862F,0x8E71,0x6C6C,0x52E9,0x52E9,0x5B4A,
  0x4267,0x0000,0x0104,0x1DBB,0x069F,0x067F,0x069E,0x067E,0x067F,0x065F,0x067F,0x067F,0x067F,0x067F,0x067F,0x067F,
  0x065F,0x067F,0x069F,0x067F,0x067F,0x067F,0x067F,0x067F,0x067F,0x067F,0x065F,0x057D,0x0D1C,0x12F0,0x0000,0x30C2,
  0x8A49,0x71C6,0x0020,0x0020,0x1A4A,0x1AEE,0x1538,0x0E9F,0x069F,0x0E9F,0x15FC,0x1454,0x338F,0x2966,0x30E4,0x1061,
  0x0000,0x5BAB,0x9E71,0x8E2F,0x8E4F,0x8E4F,0x8E4F,0x8E4F,0x8E4F,0x8E4F,0x8E4F,0x8E4F,0x8E4F,0x8E4F,0x8E4F,0x8E4F,
  0x9690,0x9690,0x9690,0x9690,0x9690,0x9690,0x9690,0x9690,0x9690,0x9690,0x9690,0x9690,0x9690,0x9690,0x9690,0x9690,
  0x96B0,0x966F,0x9690,0xA6B3,0x3AA7,0x0000,0x0000,0x0000,0x0000,0x0000,0x0000,0x0000,0x0000,0x0000,0x0000,0x0000,
  0x0000,0x0000,0x0000,0x1101,0x9E12,0xA6D2,0x9EB1,0x9EB1,0x9690,0x9632,0x29A5,0x0000,0x0000,0x0000,0x0000,0x0000,
  0x0000,0x0000,0x0000,0x5B8B,0xAED4,0xA6B3,0xA6D2,0x9ED2,0x9692,0x9691,0x9671,0xAED4,0x3A87,0x0000,0x0000,0x0000,
  0x0000,0x0000,0x00A3,0x2DDB,0x1EBE,0x069E,0x069F,0x0E9F,0x16BF,0x169E,0x1E7F,0x0E7F,0x067F,0x069F,0x069F,0x069F,
  0x069F,0x06BF,0x06BF,0x069F,0x069F,0x069F,0x069F,0x069F,0x069F,0x069F,0x0E7F,0x05BD,0x155D,0x1331,0x0000,0x30C3,
  0x8A69,0x71C6,0x0000,0x0000,0x0000,0x0000,0x1454,0x0EBF,0x06BF,0x06BF,0x06BF,0x169F,0x3DB9,0x0105,0x0000,0x0020,
  0x0000,0x63CB,0xA6B2,0x8E6F,0x9670,0x9670,0x9670,0x9690,0x9690,0x9690,0x9690,0x9690,0x9690,0x9690,0x9690,0x9690,
  0x8E4F,0x8E4F,0x8E6F,0x8E6F,0x8E6F,0x8E6F,0x8E6F,0x8E6F,0x8E6F,0x8E6F,0x8E6F,0x8E6F,0x8E6F,0x8E6F,0x8E6F,0x8E8F,
  0x8E6F,0x9E51,0x6C6C,0x4AE8,0x636C,0x73CE,0x73AE,0x73AE,0x73AE,0x73AE,0x73AE,0x73AE,0x73AE,0x73AE,0x73AE,0x73AE,
  0x73AE,0x7BAE,0x73AE,0x73EE,0x5B6A,0x4B68,0x858E,0x9691,0x8E50,0x8E30,0x640B,0x42C7,0x42C7,0x3AC7,0x42C7,0x42C8,
  0x42C8,0x42E8,0x3AC8,0x74AD,0x9E91,0x856E,0x4B48,0x4329,0x4B49,0x4B29,0x4B29,0x5B4A,0x2164,0x0000,0x41E4,0x7346,
  0x7324,0x7325,0x5B47,0x334D,0x1370,0x15B9,0x167D,0x1496,0x1370,0x1B90,0x1B71,0x1476,0x163D,0x069F,0x067F,0x067F,
  0x069F,0x069F,0x067F,0x067F,0x067F,0x067F,0x067F,0x067F,0x067F,0x069F,0x0E7F,0x059D,0x153D,0x1311,0x0000,0x30A2,
  0x8A28,0x79A6,0x30A2,0x28A3,0x1041,0x0000,0x1C54,0x0EBF,0x069F,0x069F,0x067F,0x065F,0x2D7A,0x0906,0x0000,0x0020,
  0x0000,0x5BAB,0x9E91,0x8E2F,0x8E4F,0x8E4F,0x8E4F,0x8E4F,0x8E4F,0x8E4F,0x8E4F,0x8E4F,0x8E4F,0x8E4F,0x8E4F,0x8E4F,
  0x9670,0x9690,0x9690,0x9670,0x9670,0x9670,0x9670,0x9670,0x9670,0x9670,0x9670,0x9690,0x9690,0x9690,0x9690,0x9690,
  0x9690,0xA6B3,0x4287,0x0000,0x9492,0xFFFF,0xFFFF,0xFFFF,0xFFFF,0xFFFF,0xFFFF,0xFFFF,0xFFFF,0xFFFF,0xFFFF,0xFFFF,
  0xFFFF,0xFFFF,0xFFFF,0xE71C,0x18C3,0x0000,0x74CC,0xA6F2,0x9671,0x9691,0x9EB1,0xA6D1,0x9EB2,0x9EB2,0x9E91,0x9EB2,
  0x9EB2,0x9EB2,0x9E92,0x9E71,0xA6F2,0x74AD,0x0040,0x0000,0x0000,0x0000,0x0000,0x0000,0x0000,0x0000,0x8C27,0xFF4B,
  0xFEC6,0xFF07,0xDE4A,0x18C0,0x0001,0x24F7,0x36BE,0x124C,0x0000,0x0000,0x0000,0x01A9,0x365D,0x16BF,0x16BF,0x0EBF,
  0x06BF,0x06BF,0x069F,0x067F,0x069F,0x069E,0x069E,0x069F,0x069F,0x06BF,0x0EBF,0x05BE,0x153D,0x1311,0x0000,0x30A2,
  0x8A08,0x89E7,0x6165,0x6186,0x2061,0x0000,0x2473,0x1EFF,0x06BF,0x06BF,0x067E,0x067F,0x2D9B,0x00C4,0x0000,0x0000,
  0x0000,0x63CB,0xA6D2,0x9670,0x9690,0x9690,0x9690,0x9670,0x9670,0x9670,0x9670,0x9690,0x9690,0x9670,0x9670,0x9670,
  0x8E4F,0x8E4F,0x8E4F,0x8E4F,0x8E4F,0x8E4F,0x8E4F,0x8E4F,0x8E4F,0x8E4F,0x8E4F,0x8E6F,0x8E6F,0x8E6F,0x8E6F,0x964F,
  0x866F,0x9E92,0x4AA7,0x0000,0x6B4E,0xC658,0xBDF7,0xBDF7,0xBDF7,0xBDF7,0xBDD7,0xBDD7,0xBDD7,0xBDD7,0xBDD7,0xBDD6,
  0xBDF7,0xBDF7,0xBE18,0xAD34,0x18C3,0x0040,0x74AC,0x9E91,0x8E4F,0x8E6F,0x8E6F,0x8E6E,0x8E4F,0x8E50,0x8E50,0x864E,
  0x866E,0x864E,0x8E50,0x7D4E,0x7CEE,0x5B8B,0x0040,0x18E1,0x5A86,0x5A84,0x5A84,0x62C5,0x2922,0x0020,0x8B65,0xF5C5,
  0xF5A0,0xFEC3,0xE606,0x62C4,0x4A66,0x4431,0x3CF5,0x434B,0x5A65,0x5A64,0x5264,0x4B4A,0x3CB4,0x24D5,0x24D6,0x14F7,
  0x0DDC,0x067E,0x065F,0x065F,0x067F,0x069F,0x069F,0x069F,0x069F,0x069E,0x067F,0x057D,0x0CFC,0x12F0,0x0000,0x30C2,
  0x8A08,0x81E7,0x6945,0x6185,0x1861,0x0000,0x234D,0x24F6,0x15BB,0x0E9E,0x065E,0x065E,0x25BB,0x0A6C,0x11A8,0x0082,
  0x0000,0x5BCB,0x9EB1,0x8E50,0x8E50,0x8E4F,0x8E4F,0x8E4F,0x8E4F,0x8E4F,0x8E4F,0x8E4F,0x8E4F,0x8E4F,0x8E4F,0x8E4F,
  0x9670,0x9670,0x9670,0x8E70,0x8E70,0x8E70,0x8E70,0x8E70,0x8E70,0x8E70,0x8E70,0x9690,0x9690,0x9690,0x9690,0x9690,
  0x8E90,0xA692,0x3A86,0x0000,0x0040,0x1082,0x0861,0x0020,0x0020,0x0020,0x0020,0x0021,0x0021,0x0821,0x0821,0x0820,
  0x0821,0x0041,0x0881,0x0881,0x0000,0x0060,0x74CD,0xA6D2,0x966F,0x9690,0x9690,0x968F,0x9690,0x9670,0x9670,0x9690,
  0x966F,0x9690,0x9EB2,0x5369,0x0020,0x0020,0x0000,0x39A2,0xE6AD,0xFECA,0xF6A8,0xFF0B,0x62A3,0x0000,0x8A45,0xEBE3,
  0xE441,0xFEA5,0xFE65,0xEE68,0xE64C,0x3A04,0x0021,0x7388,0xFEEC,0xF627,0xF689,0xACE8,0x0081,0x0062,0x0021,0x00A4,
  0x14B6,0x169E,0x065F,0x067F,0x069F,0x067F,0x0E7F,0x0E7F,0x067F,0x069F,0x165F,0x055C,0x1CFC,0x12F0,0x0000,0x38C3,
  0x9A69,0x9A69,0x7166,0x6186,0x1882,0x0000,0x0041,0x0042,0x13B0,0x165E,0x065E,0x065E,0x0E3E,0x151A,0x2CD8,0x0968,
  0x0000,0x63EB,0xA6D2,0x9670,0x9670,0x9670,0x9670,0x9670,0x9690,0x9690,0x9690,0x9690,0x9690,0x9690,0x9690,0x9690,
  0x9670,0x9670,0x9670,0x8E50,0x8E50,0x8E50,0x8E50,0x8E50,0x8E50,0x8E4F,0x8E4F,0x9670,0x9670,0x9670,0x966F,0x966F,
  0x9670,0xA692,0x4B48,0x1922,0x0881,0x0000,0x0820,0x2124,0x2124,0x2124,0x1904,0x1904,0x1904,0x1904,0x1904,0x1904,
  0x2124,0x18C3,0x0000,0x0020,0x10E2,0x1982,0x7D0D,0x9EB1,0x966F,0x9670,0x8E70,0x8E6F,0x966F,0x9670,0x9670,0x9670,
  0x9E50,0x8DAF,0x858F,0x5B48,0x28E1,0x2901,0x2901,0x5243,0xCE49,0xDEA6,0xEE84,0xFEE6,0x8363,0x2921,0x8B25,0xC425,
  0xC484,0xE687,0xE645,0xF6A3,0xF687,0x5A62,0x18C0,0x8BC5,0xFEC5,0xFDE3,0xFE05,0xC485,0x30C0,0x20C1,0x28E1,0x2142,
  0x3430,0x2D78,0x15DB,0x0E7F,0x069F,0x06BF,0x069F,0x0E7F,0x163E,0x1D7B,0x1D39,0x1C96,0x2C76,0x1A8D,0x0000,0x30A2,
  0x8248,0x7A47,0x6146,0x5165,0x1862,0x0000,0x00A2,0x00E4,0x13F2,0x165E,0x063E,0x065E,0x063E,0x055D,0x1D1A,0x0989,
  0x0000,0x63EC,0xA6B2,0x9650,0x9670,0x9670,0x9670,0x9670,0x9670,0x9670,0x9670,0x9670,0x9670,0x9670,0x9670,0x8E70,
  0x8E50,0x8E4F,0x8E4F,0x8E4F,0x8E4F,0x8E4F,0x8E4F,0x8E4F,0x8E4F,0x8E4F,0x8E4F,0x964F,0x966F,0x966F,0x966F,0x966F,
  0x964F,0x9E51,0x95F0,0x9DF1,0x4AE8,0x0000,0x31C6,0xDF3C,0xD6FB,0xD6FB,0xCEFB,0xCEDB,0xCEDB,0xCEDB,0xCEDB,0xC6DB,
  0xD71C,0xA556,0x0800,0x2103,0x8530,0x8DCF,0x9630,0x9670,0x966F,0x9670,0x8E70,0x8E6F,0x8E4F,0x964F,0x9670,0x9670,
  0x9671,0x42C6,0x10C1,0x7387,0xDDEA,0xDDE6,0xDE07,0xB5A8,0x64A5,0x6482,0xD624,0xFEA5,0xEE45,0xDE47,0x9566,0x5C65,
  0x64A6,0x6506,0x8D04,0xEE65,0xFE64,0xE5C6,0xDDA7,0xEE05,0xFE64,0xFD63,0xDBA1,0xDBA3,0xD467,0xC4C6,0xD5C8,0xD60C,
  0x4AC8,0x00C3,0x1BD2,0x1E9F,0x069E,0x06BE,0x067F,0x065E,0x159A,0x01CA,0x00A3,0x00C3,0x08C4,0x0062,0x0000,0x0000,
  0x1020,0x1040,0x1000,0x1020,0x0800,0x0000,0x238F,0x2DB9,0x15DD,0x0E5F,0x067F,0x067F,0x0E3F,0x059E,0x1D3B,0x09A8,
  0x0000,0x63CB,0xA6B2,0x8E50,0x9650,0x9650,0x9650,0x9650,0x9650,0x9650,0x8E4F,0x8E4F,0x8E4F,0x8E4F,0x8E4F,0x8E6F,
  0x9E50,0x9E50,0x9E50,0x9E50,0x9E50,0x9E50,0x9E50,0x9E50,0x9E50,0x9E50,0x9E50,0x9E4F,0x9E4F,0x9E4F,0x9E4F,0xA64F,
  0xA650,0xA650,0xAE51,0xBEB3,0x5329,0x0000,0x39E6,0xFFFC,0xFFDA,0xFFDA,0xF7DA,0xF7DA,0xF7DA,0xF7BA,0xF7BA,0xF7BA,
  0xFFFB,0xBDF5,0x0020,0x1923,0x9DD1,0xAE72,0xA650,0xA650,0xA650,0xA650,0x9E70,0x9E70,0x9E70,0x9E4F,0x9E50,0x9E52,
  0x9E52,0x3A46,0x0000,0x8387,0xFEA9,0xFE63,0xFEE5,0xCE26,0x6404,0x5BC3,0xBDC7,0xE686,0xF6A4,0xFEE5,0x9D84,0x4C64,
  0x54A5,0x54A5,0x74E4,0xE647,0xFE65,0xFE65,0xFE63,0xFE23,0xFE05,0xED05,0xC301,0xC382,0xDD46,0xDDA5,0xF6C6,0xFF0B,
  0x5A45,0x0000,0x230F,0x3E1D,0x1E3D,0x0E9E,0x0E3D,0x1DFB,0x2D17,0x0947,0x0022,0x0062,0x0062,0x0063,0x0062,0x0062,
  0x0042,0x0061,0x0061,0x0061,0x0062,0x0043,0x1474,0x16BF,0x0E7F,0x069F,0x069F,0x067F,0x0E5F,0x05BE,0x255B,0x0988,
  0x0000,0x63AB,0xAE92,0x9E50,0xA650,0x9E50,0x9E50,0xA650,0x9E50,0x9E50,0x9E50,0x9E4F,0x9E4F,0x9E4F,0x9E4F,0x9E4F,
  0xBDEF,0xBDEF,0xBDEF,0xBDEF,0xBDEF,0xBDEF,0xBDEF,0xBDEF,0xBDEF,0xBDEF,0xBDEF,0xBDEF,0xBDEF,0xBDEF,0xBDEF,0xBDEF,
  0xBDEF,0xBDEF,0xBDCF,0xC611,0x5AC8,0x0000,0x41A4,0xF6CD,0xEE88,0xEE89,0xEE89,0xEE89,0xEE89,0xEE89,0xEE69,0xEE48,
  0xEE89,0xAD09,0x0020,0x1902,0xAD4F,0xBDD0,0xBDCF,0xBDEF,0xBDEF,0xBDEF,0xBDEF,0xBDEF,0xBDEF,0xBE30,0xADB0,0x42A6,
  0x21A4,0x10E2,0x0000,0x7B26,0xEE06,0xE5E2,0xFE84,0xEDC4,0xB381,0x9B84,0x8CA7,0x84C5,0xCDC4,0xF663,0xDE24,0xBDE5,
  0xBE05,0xBE26,0xC5E6,0xB4A4,0xBCA5,0xE5C5,0xFE03,0xE501,0xC3A2,0xABC5,0x83C5,0x7C25,0x7CA6,0x9525,0xE665,0xFEC8,
  0x5265,0x0000,0x0905,0x0947,0x1B92,0x1E7D,0x1538,0x01E9,0x09C9,0x2BD2,0x24B6,0x1CB6,0x24D6,0x24D7,0x24B6,0x24B5,
  0x2495,0x1C95,0x1C94,0x1C74,0x2455,0x1476,0x0DBB,0x065E,0x067F,0x069F,0x069F,0x067F,0x065E,0x055C,0x14BA,0x0969,
  0x0000,0x738B,0xC652,0xBDF0,0xBDF0,0xBDF0,0xBDF0,0xBDF0,0xBDEF,0xBDEF,0xBDEF,0xB5CF,0xB5CF,0xB5CF,0xB5CF,0xB5EF,
  0xD5AF,0xD5AF,0xD5AF,0xD5AF,0xD5AF,0xD5AF,0xD5AF,0xD5AF,0xD5AF,0xD5AF,0xD5AF,0xD5AF,0xD5AF,0xD5AF,0xD5AF,0xD5AF,
  0xD5AE,0xCDAE,0xCD8E,0xD5D0,0x62A7,0x0000,0x4983,0xFE66,0xFE20,0xFE41,0xFE41,0xFE41,0xFE40,0xFE40,0xFE20,0xFE20,
  0xFE61,0xB4E4,0x0020,0x2102,0xC52F,0xD58F,0xCD8E,0xD58F,0xD58F,0xCDAF,0xD5AF,0xD5AF,0xD5AF,0xD5F0,0xBD50,0x28E2,
  0x0000,0x0800,0x0000,0x8347,0xF6CC,0xE666,0xFE85,0xFDA4,0xDB20,0xBB64,0x7C68,0x6487,0xBDA5,0xF662,0xFE43,0xFE65,
  0xFE84,0xFE86,0xEE08,0x9BE6,0x93C6,0xE5A5,0xFE23,0xDCA1,0xBB02,0x8BC6,0x5C89,0x54C9,0x54C9,0x7D49,0xE6CA,0xFEEC,
  0x6244,0x0000,0x0820,0x0000,0x22AC,0x3E9D,0x24F6,0x0042,0x0063,0x1CD7,0x169F,0x0E7E,0x0E9E,0x169F,0x0EBF,0x169E,
  0x169F,0x0E9F,0x0E9F,0x0E9F,0x167F,0x0E9F,0x0E7F,0x067F,0x069F,0x06BF,0x0EBF,0x0E9F,0x0E7F,0x153B,0x2CBA,0x0969,
  0x0000,0x7B8A,0xD611,0xD58F,0xD5B0,0xD5AF,0xD5AF,0xD5AF,0xD5AF,0xD58F,0xCD8F,0xCD8F,0xCD8F,0xCD8F,0xCD8F,0xCD8F,
  0xD56E,0xD56E,0xD56E,0xD56E,0xD56E,0xD56E,0xD56E,0xD56E,0xD56E,0xD56E,0xD56E,0xD56E,0xD56E,0xD56E,0xD56E,0xD56E,
  0xCD4D,0xCD4D,0xCD2C,0xCD6E,0x5A67,0x0000,0x4183,0xFE65,0xFE20,0xFE40,0xFE40,0xFE40,0xFE40,0xFE40,0xFE40,0xFE20,
  0xFE82,0xBCE5,0x0820,0x2102,0xBCEE,0xCD4E,0xC54D,0xCD4E,0xCD4E,0xCD4E,0xCD4E,0xD54E,0xCD4E,0xCD8F,0xBD10,0x2903,
  0x0000,0x6165,0x89C6,0x69C4,0x41A3,0x7B63,0xF665,0xEE04,0xCC44,0xAC47,0x6488,0x4C87,0xADC5,0xFE83,0xECE0,0xE3A0,
  0xEC80,0xFE23,0xDDE6,0x7C67,0x6C26,0xD5C3,0xFE61,0xEDA1,0xDD04,0xAD28,0x54A7,0x44E9,0x4CEA,0x64C9,0x4AA3,0x59E2,
  0x6123,0x6104,0x3082,0x0000,0x0925,0x0A4B,0x12CE,0x2BD1,0x2434,0x15BB,0x067E,0x067E,0x067E,0x065F,0x067F,0x067E,
  0x067F,0x067F,0x067F,0x067F,0x067F,0x069F,0x067F,0x067F,0x067F,0x069F,0x065E,0x05FE,0x157B,0x0AAF,0x09AB,0x00A5,
  0x0000,0x7B4A,0xDDD1,0xD54E,0xD56E,0xD54E,0xD54E,0xD56E,0xD56E,0xD56E,0xD56E,0xD54E,0xD54E,0xD54E,0xD54E,0xD56E,
  0xDDAF,0xDDAF,0xDDAF,0xDDAF,0xDDAF,0xDDAF,0xDDAF,0xDDAE,0xD5AE,0xD5AF,0xDDAE,0xDD8E,0xDDB0,0xD58F,0xD5AE,0xDD8E,
  0xDDCF,0xDDF0,0xE5D0,0xEE31,0x62C8,0x0000,0x4183,0xF665,0xFE40,0xFE40,0xFE60,0xFE40,0xFE61,0xFE61,0xFE60,0xFE41,
  0xFE83,0xC505,0x0800,0x2923,0xD5B2,0xE632,0xDDF0,0xE610,0xE5D0,0xDDF1,0xDDF0,0xE5D0,0xDDD0,0xE611,0xC591,0x2923,
  0x0000,0xA227,0xF2EA,0x7123,0x0000,0x5202,0xFF29,0xFEE8,0xBDC9,0x9DCC,0x6D2C,0x5D09,0xC689,0xFF48,0xFCC4,0xE301,
  0xF443,0xFEE7,0xDEEA,0x654B,0x64E8,0xDEA8,0xFEE5,0xFEC5,0xFEE7,0xD689,0x6507,0x4D2B,0x5D6C,0x64AB,0x0080,0x0000,
  0x78E4,0xB186,0x50C2,0x0000,0x0020,0x0000,0x0188,0x2E1C,0x1EBF,0x0E9F,0x069F,0x069F,0x067F,0x067F,0x067F,0x069F,
  0x069F,0x069F,0x069F,0x069F,0x069F,0x069F,0x069F,0x069E,0x069F,0x0E7F,0x0E3E,0x15BC,0x3518,0x00E4,0x0000,0x0001,
  0x0000,0x838B,0xE612,0xDD8E,0xDD8F,0xDD8F,0xDD8F,0xDD8F,0xDD8F,0xDD8F,0xDD8F,0xDDAF,0xDD8F,0xDD8F,0xDD8F,0xD5AF,
  0xD56E,0xD56E,0xD56E,0xD56E,0xD56E,0xD56E,0xD58E,0xD58E,0xCD8E,0xD58E,0xDD6E,0xD56E,0xD54E,0xCD6E,0xCD6E,0xC52F,
  0x93EB,0x8B8A,0x938A,0x8BCB,0x39E5,0x0000,0x4183,0xF645,0xF620,0xF620,0xFE40,0xFE40,0xFE40,0xFE40,0xFE40,0xF640,
  0xFEA1,0xC504,0x0820,0x18C2,0x8BAC,0x93EC,0x93AB,0x93AB,0x8BAB,0x83CB,0x8BAA,0x8BAB,0x83AB,0x8BCB,0x7B6A,0x18A2,
  0x0000,0x99E7,0xF269,0xA985,0x6124,0x7245,0x9C47,0x9427,0x7387,0x6387,0x4328,0x3B46,0x7C26,0xACA7,0x9B24,0x9203,
  0x92C3,0xA446,0x8447,0x4347,0x3B06,0x8C06,0xA424,0x9C24,0x9C25,0x8407,0x4B26,0x3B28,0x3B48,0x4AE7,0x4923,0x58A2,
  0x98E3,0xB145,0x50A2,0x0000,0x0020,0x0000,0x01A8,0x1DFB,0x0E9F,0x069F,0x069F,0x069F,0x069F,0x067E,0x067E,0x067E,
  0x067E,0x067E,0x067E,0x065F,0x065F,0x063F,0x065E,0x065E,0x05FE,0x05BE,0x14DA,0x1351,0x22CD,0x0062,0x0000,0x0020,
  0x0000,0x7B6A,0xDDD1,0xCD4E,0xCD6E,0xCD4E,0xCD4E,0xCD6E,0xCD4E,0xCD6E,0xCD4E,0xCD6F,0xCD6E,0xD56E,0xD56E,0xD56E,
  0xD58E,0xD58F,0xD5AF,0xD58E,0xD58E,0xD58E,0xD58F,0xD58F,0xD5AF,0xD5AE,0xDDAE,0xDD8F,0xD58F,0xD58F,0xE5B1,0xD572,
  0x3102,0x0000,0x0000,0x0000,0x0000,0x0000,0x3963,0xF666,0xFE40,0xFE40,0xFE60,0xFE60,0xFE40,0xFE40,0xFE60,0xFE60,
  0xFEA1,0xC505,0x1040,0x0000,0x0000,0x0000,0x0000,0x0000,0x0000,0x0000,0x0000,0x0000,0x0000,0x0000,0x0000,0x0000,
  0x0001,0x99E6,0xF227,0xF1E7,0xEA49,0x91A6,0x1000,0x0000,0x0000,0x0000,0x0000,0x0000,0x0000,0x0000,0x0000,0x0000,
  0x0000,0x0000,0x0000,0x0000,0x0000,0x0000,0x0000,0x0000,0x0000,0x0000,0x0000,0x0000,0x0000,0x2020,0x9945,0xB945,
  0xB903,0xB905,0x5883,0x0000,0x0000,0x0000,0x0188,0x25FC,0x0EBF,0x06BF,0x06BF,0x06BF,0x06BF,0x06BF,0x069F,0x069F,
  0x067F,0x067F,0x06BF,0x069F,0x0E5F,0x0E3F,0x063F,0x0E5F,0x0DBE,0x04FC,0x1BB5,0x0063,0x0000,0x0000,0x0020,0x0000,
  0x0000,0x838A,0xE632,0xDDCF,0xDDD0,0xDDD0,0xDDCF,0xDDCF,0xDDCF,0xDDCF,0xDDAF,0xDDAF,0xDDD0,0xDDD0,0xDDD0,0xD590,
  0xD58E,0xD58E,0xD58E,0xD58E,0xD58E,0xD58E,0xD56E,0xDD6E,0xD56E,0xD58E,0xD58E,0xD56F,0xD58F,0xCD4E,0xAC8D,0xA44E,
  0x49A4,0x28C2,0x28E2,0x28E3,0x1061,0x0000,0x4183,0xF666,0xFE20,0xF640,0xFE40,0xFE40,0xFE40,0xFE20,0xFE40,0xFE40,
  0xFE61,0xBCE5,0x0840,0x0021,0x28C3,0x28E2,0x28E2,0x28C2,0x30C2,0x30C2,0x30C2,0x30A2,0x30C2,0x30C2,0x28C2,0x0020,
  0x0000,0x99C6,0xF1E6,0xF185,0xF1E6,0xB185,0x4861,0x3861,0x3881,0x3861,0x3881,0x3881,0x4061,0x3862,0x3861,0x3861,
  0x3861,0x3861,0x3861,0x3861,0x3861,0x3861,0x3881,0x3862,0x3862,0x3861,0x3861,0x4061,0x3861,0x5061,0xA904,0xC904,
  0xC8E3,0xB924,0x50A2,0x0000,0x0000,0x0000,0x0168,0x1D7B,0x0E1E,0x063E,0x065F,0x065F,0x067F,0x067F,0x067F,0x065F,
  0x063F,0x0DDE,0x1539,0x1518,0x14D8,0x14B7,0x14B7,0x1CD8,0x1C57,0x13D6,0x22F0,0x0061,0x0000,0x0000,0x0020,0x0020,
  0x0000,0x62A8,0xB4CF,0xAC8D,0xAC8D,0xAC8D,0xAC8D,0xAC8D,0xAC8D,0xAC8D,0xAC8D,0xAC8C,0xAC8D,0xAC8D,0xBCEF,0xD590,
  0xD58E,0xD58E,0xD58E,0xD58E,0xD58E,0xD58E,0xD58E,0xDD8E,0xDD6E,0xDDAE,0xDDCF,0xDDAF,0xE5F1,0xA46D,0x1060,0x1861,
  0x8B2A,0xA38A,0xA34A,0xA38B,0x49A5,0x0000,0x4183,0xFE66,0xFE40,0xFE40,0xFE60,0xFE40,0xFE40,0xFE40,0xFE40,0xFE40,
  0xFE81,0xBD05,0x0840,0x20A2,0x932B,0xAB6B,0xA34A,0xA34A,0xA34A,0xA34A,0xA34A,0xA32A,0xA32A,0xAB4A,0x8B09,0x1881,
  0x0000,0x99A6,0xE9C7,0xF185,0xF1A5,0xE1C6,0xD207,0xCA27,0xD227,0xDA27,0xD227,0xD227,0xD208,0xD1E8,0xD1E7,0xD1E6,
  0xD1E7,0xD1E7,0xD1E7,0xD208,0xD227,0xD227,0xD227,0xD208,0xD208,0xD207,0xC9E6,0xD1E6,0xD1E7,0xB945,0xB903,0xC0E3,
  0xC0C3,0xB104,0x58A2,0x0000,0x0000,0x0000,0x0127,0x1479,0x04FC,0x0D7D,0x05BE,0x05BE,0x05DE,0x05DE,0x05DE,0x059D,
  0x05BE,0x0499,0x00C4,0x0083,0x0083,0x0082,0x0082,0x0083,0x0062,0x0062,0x0042,0x0000,0x0000,0x0000,0x0000,0x0000,
  0x0000,0x0040,0x1060,0x1060,0x1060,0x1060,0x1060,0x1061,0x1061,0x1061,0x1060,0x1060,0x1881,0x1060,0x62A7,0xDE11,
  0xD56E,0xD56E,0xD56E,0xD56E,0xD56E,0xD56E,0xD56E,0xD56E,0xD56F,0xCD4E,0xBD2E,0xBD2E,0xCD50,0x93ED,0x0800,0x2021,
  0x9AEA,0xB349,0xB328,0xBB6A,0x5985,0x0000,0x4983,0xFE66,0xFE40,0xFE40,0xFE40,0xFE40,0xFE40,0xFE40,0xFE40,0xFE40,
  0xFE81,0xBD04,0x0840,0x2081,0x9AE9,0xBB09,0xB308,0xB308,0xB328,0xB329,0xB328,0xB328,0xB308,0xB328,0x92E9,0x18A2,
  0x0000,0x89A6,0xD1C8,0xE986,0xF9A6,0xF1A5,0xF1E6,0xF1E7,0xF9C6,0xF9C6,0xF1C6,0xF1C6,0xF1A6,0xF987,0xF986,0xF986,
  0xF186,0xF1A6,0xF1A6,0xF1A6,0xF9A6,0xF9A6,0xF9A6,0xF1C6,0xF9C5,0xF9C6,0xF1C6,0xF1A6,0xD965,0xC924,0xB8E2,0xB8E3,
  0xA0C4,0x9124,0x48A2,0x0000,0x1041,0x1041,0x0968,0x1BD6,0x1439,0x14B9,0x14D9,0x14F9,0x14F9,0x14F9,0x14F9,0x14D9,
  0x1D1A,0x13F5,0x0001,0x0000,0x0820,0x1020,0x1000,0x1000,0x0840,0x0860,0x1040,0x1041,0x1041,0x1042,0x1041,0x1041,
  0x1041,0x1041,0x0841,0x1041,0x1040,0x1040,0x1041,0x1041,0x1041,0x1041,0x1041,0x1041,0x0821,0x0000,0x5227,0xC571,
  0xD56E,0xD56E,0xD56E,0xD56E,0xD56E,0xD56E,0xD56E,0xD56E,0xDDF1,0x6A86,0x1040,0x1060,0x1040,0x3922,0x934A,0x9B0A,
  0xB34A,0xB348,0xB328,0xB36A,0x59A5,0x0000,0x49A3,0xFE65,0xFE20,0xF620,0xFE40,0xFE40,0xFE40,0xFE40,0xFE40,0xFE40,
  0xFE61,0xBCE4,0x0840,0x2081,0x92E9,0xAB29,0xAB08,0xAB08,0xB309,0xAB09,0xB328,0xAB28,0xAB08,0xAB09,0x8AE9,0x18A2,
  0x0000,0x1020,0x1800,0x9965,0xF228,0xF1E6,0xF1E6,0xF1C6,0xF1A5,0xF1A5,0xF1A6,0xF1A6,0xF1A6,0xF186,0xF186,0xF186,
  0xF186,0xE9A5,0xF1A5,0xF1A6,0xF1A6,0xF9A6,0xF1A6,0xF1C6,0xF1E5,0xF1C6,0xF1C6,0xE9A5,0xB8C2,0xB0E3,0xB8E4,0xA125,
  0x4062,0x1000,0x1000,0x0000,0x4144,0x930A,0x6A88,0x0884,0x0064,0x0083,0x0083,0x0083,0x0083,0x0083,0x0083,0x0083,
  0x0083,0x0083,0x0020,0x0800,0x59C6,0x7228,0x71E7,0x71C7,0x7A48,0x8AE9,0x92E9,0x92E8,0x92E8,0x92E9,0x92E9,0x9AE9,
  0x9AE9,0x92E9,0x92E9,0x92E9,0x92E9,0x92E9,0x92E9,0x9B0A,0x9B2A,0x9B2A,0x9B2A,0x934B,0x4985,0x0000,0x0841,0x0820,
  0xD58E,0xD58E,0xD58E,0xD58E,0xD58E,0xD58E,0xD58F,0xD590,0xDE33,0x6267,0x0000,0x0000,0x0000,0x38C2,0xAB6A,0xB349,
  0xB349,0xB329,0xB328,0xB38B,0x51A5,0x0000,0x49A3,0xFE86,0xFE40,0xFE40,0xFE60,0xFE60,0xFE40,0xFE40,0xFE40,0xFE40,
  0xFE62,0xBCC4,0x0820,0x2081,0x9309,0xAB29,0xAB28,0xAB08,0xB309,0xB308,0xB308,0xAB28,0xAB08,0xB329,0x92E9,0x1861,
  0x0000,0x0000,0x0000,0x79A7,0xE2CA,0xEA47,0xF1E7,0xF9C6,0xF9A6,0xF9A6,0xF987,0xF986,0xF985,0xF1A5,0xF1A6,0xF1A6,
  0xF9A5,0xF9A5,0xF9A6,0xF986,0xF1A5,0xF1A5,0xF1A6,0xF9A6,0xF9C6,0xF1E7,0xF207,0xE9C5,0xC0E3,0xB8E4,0xB924,0x9966,
  0x3082,0x0000,0x0000,0x0000,0x4103,0xA309,0x7246,0x0800,0x0000,0x0000,0x0000,0x0000,0x0000,0x0000,0x0000,0x0000,
  0x0000,0x0000,0x0000,0x1000,0x6186,0x81E7,0x89C7,0x81A6,0x9247,0xB309,0xAB09,0xAB28,0xB307,0xAB28,0xAB29,0xAB28,
  0xB309,0xB309,0xAB28,0xAB28,0xAB28,0xAB28,0xAB28,0xAB28,0xB329,0xB349,0xB36A,0xB38B,0x5184,0x0000,0x0020,0x0000,
  0xD56E,0xD56E,0xDD6D,0xD56E,0xD56E,0xD54D,0xCD2D,0x6285,0x41E5,0x20E3,0x0000,0x3103,0x7A68,0x9288,0xAB09,0xAB08,
  0xB308,0xB308,0xAAE8,0xAB29,0x51A5,0x0000,0x41A3,0xF665,0xFE20,0xF620,0xFE40,0xFE40,0xFE40,0xFE40,0xFE40,0xFE20,
  0xFE41,0xBCE5,0x0820,0x2081,0x9B08,0xAB08,0xA2E8,0xAAE8,0xAAE8,0xAAE8,0xAAE7,0xAB08,0xAAE8,0xAAE8,0xA2E8,0x8A87,
  0x82A8,0x3123,0x0000,0x2883,0x50C3,0x9104,0xE9C7,0xF9A5,0xF185,0xF185,0xF185,0xF165,0xF185,0xF185,0xF1A5,0xF1A6,
  0xF1A5,0xF9A5,0xF186,0xF186,0xF185,0xF185,0xF185,0xF186,0xF9A6,0xE986,0xC924,0xC944,0xC8E3,0xB904,0x6882,0x4082,
  0x1021,0x0000,0x3944,0x7268,0x8A67,0xAB09,0x9AE8,0x7A47,0x7227,0x61A6,0x5986,0x5986,0x6186,0x5986,0x5966,0x5986,
  0x6186,0x6186,0x6185,0x6985,0x9288,0xA2E9,0xA2C8,0xA2A8,0xAAC8,0xAAE8,0xAAE8,0xAAE8,0xAAE7,0xAAE8,0xAB08,0xAB08,
  0xAAE8,0xAAE8,0xAAE7,0xAAE7,0xA307,0xAAE7,0xAAE8,0xAAE7,0xAAE7,0xA308,0x61C5,0x3103,0x4125,0x5986,0x4104,0x0000,
  0xDD8E,0xDD8E,0xDD8E,0xDD8E,0xD56F,0xDDD0,0xD5B1,0x3984,0x0000,0x0000,0x0000,0x4123,0xB38B,0xBB4A,0xB349,0xB329,
  0xB328,0xB329,0xB328,0xAB4A,0x5984,0x0000,0x4163,0xFEA8,0xFEA3,0xFEA4,0xFEA4,0xFEA4,0xFEA4,0xFEA4,0xFEA4,0xFEA3,
  0xFEE5,0xBD28,0x0800,0x2861,0x9B29,0xB329,0xAB08,0xB308,0xAB28,0xAB28,0xB328,0xB328,0xB328,0xB328,0xB329,0xB349,
  0xB38B,0x3963,0x0000,0x0000,0x0000,0x58C3,0xDA6A,0xEA07,0xF1A6,0xF1A6,0xF9A6,0xF9A6,0xF9A6,0xF9A6,0xF9A6,0xF9C7,
  0xF9C7,0xF9C6,0xF9C6,0xF9C6,0xF9C6,0xF9A6,0xF1A6,0xF1A6,0xF1A6,0xE1A6,0xB103,0xB125,0xB945,0xA166,0x3041,0x0000,
  0x0000,0x0000,0x59C5,0xAB8B,0xAB09,0xAB08,0xAB29,0xAB29,0xA2E9,0x8A27,0x81E7,0x8207,0x8207,0x8207,0x81E7,0x8207,
  0x8207,0x8207,0x89E7,0x8A06,0xAB0A,0xB36A,0xB349,0xB349,0xB349,0xB329,0xB329,0xB329,0xB329,0xB328,0xB328,0xB328,
  0xB328,0xB328,0xB328,0xB328,0xAB29,0xAB28,0xAB28,0xAB28,0xB34A,0xA38C,0x3923,0x0000,0x38C4,0x8209,0x5965,0x0000,
  0xD56E,0xD56D,0xD56D,0xD54D,0xC50E,0x8349,0x62E9,0x2103,0x0000,0x2904,0x5185,0x7A26,0xA309,0xAB29,0xAB09,0xAB08,
  0xAAE8,0xAAE8,0xAB08,0xAB29,0x71E6,0x4103,0x51A4,0x7B45,0x7B63,0x7B63,0x7B63,0x8363,0x8363,0x8363,0x8363,0x8383,
  0x8384,0x7B05,0x5184,0x61A4,0xA308,0xAB08,0xAAE8,0xAAE8,0xAB08,0xAB08,0xAB08,0xAB08,0xAB08,0xAB08,0xAB08,0xAB08,
  0xB309,0x69C5,0x4924,0x28C3,0x0000,0x2862,0x6144,0x8944,0xE1A6,0xF165,0xF185,0xF185,0xF985,0xF985,0xF185,0xF185,
  0xF185,0xF1A5,0xF1A5,0xF1A5,0xF1A5,0xF1A5,0xF185,0xE985,0xE985,0xB145,0x6081,0x5882,0x58A2,0x48C3,0x1820,0x0820,
  0x38E3,0x5124,0x7A26,0xAB29,0xAAE8,0xAAE7,0xAAE7,0xA2E8,0xA2C8,0x9A67,0x9267,0x9267,0x9288,0x9A88,0x9267,0x9267,
  0x9267,0x9267,0x9268,0x9A87,0xA2E8,0xAB08,0xAB08,0xAB08,0xAB08,0xAB08,0xAB08,0xAB08,0xAB08,0xAB08,0xAB08,0xAB08,
  0xAB08,0xAB08,0xAB08,0xAB08,0xAB08,0xAB08,0xA2E7,0x9AE8,0x69E6,0x51A6,0x4124,0x38E3,0x5125,0x71A7,0x5124,0x0000,
  0xD58E,0xD58F,0xD5AF,0xE611,0xCD50,0x20A0,0x0000,0x0000,0x0000,0x59C6,0xAB6C,0xB329,0xB328,0xAB28,0xAB29,0xAB29,
  0xAB29,0xAB29,0xAB28,0xAB29,0x9288,0x8247,0x61A5,0x0000,0x0000,0x0000,0x0000,0x0000,0x0000,0x0000,0x0000,0x0000,
  0x0000,0x30A1,0x92C9,0x9AA8,0xAB29,0xB329,0xB329,0xB329,0xB328,0xB328,0xB328,0xB328,0xB329,0xB329,0xB349,0xB349,
  0xB32A,0x9A47,0x8207,0x4124,0x0000,0x0000,0x0000,0x3840,0xD228,0xFA07,0xFA07,0xFA28,0xFA28,0xFA28,0xFA27,0xFA27,
  0xFA07,0xFA07,0xFA07,0xFA07,0xFA07,0xF207,0xF207,0xF1E7,0xF207,0x9186,0x1000,0x0000,0x0000,0x0000,0x0000,0x0800,
  0x61A6,0x8A68,0x9AC8,0xB349,0xBB28,0xB328,0xB328,0xAB28,0xB328,0xB329,0xB329,0xB329,0xB329,0xB329,0xB329,0xB329,
  0xB329,0xB329,0xAB29,0xAB29,0xB329,0xAB28,0xAB28,0xAB28,0xAB28,0xAB28,0xB329,0xB329,0xB329,0xB329,0xB349,0xB349,
  0xB349,0xB349,0xB328,0xAB28,0xAB28,0xAB29,0xB34A,0x9B4A,0x1861,0x0000,0x4104,0x71C7,0x71A7,0x79C8,0x5145,0x0000,
  0xCD6E,0xD58F,0xC52E,0x93EB,0x8BAB,0x4984,0x3903,0x3903,0x38E3,0x7227,0xAB09,0xAAE8,0xAAE7,0xAB08,0xAAE8,0xAB08,
  0xA308,0xA2E8,0xA307,0xA309,0x9A67,0x9227,0x71E6,0x30A2,0x28A2,0x30A2,0x30A2,0x30C3,0x30C3,0x30A2,0x30A2,0x30A2,
  0x30A2,0x5123,0x92A8,0x9A88,0xA308,0xAAE8,0xB2E8,0xAB08,0xAB08,0xAB08,0xAB08,0xAB08,0xAB08,0xAB08,0xAB08,0xAB08,
  0xAB09,0x9A66,0x8A26,0x5964,0x2082,0x20A2,0x28A2,0x48A3,0x8186,0x9186,0x9186,0x91A6,0x91A6,0x91A6,0x91A6,0x91A6,
  0x9186,0x9186,0x9185,0x9185,0x9186,0x9165,0x9165,0x9165,0x9186,0x5925,0x0000,0x0041,0x20A2,0x28A2,0x28A2,0x30A2,
  0x71C6,0x9A68,0xA2A8,0xB328,0xB308,0xAB07,0xAB08,0xAB08,0xAB08,0xAAE8,0xAAE8,0xAAE8,0xAAE8,0xAAE8,0xAAE8,0xAAE8,
  0xAAE8,0xAAE8,0xAAE8,0xAAE8,0xAB08,0xAAE7,0xAB07,0xAB07,0xAB08,0xAB08,0xAB08,0xAB08,0xAB08,0xAB08,0xAB08,0xAB08,
  0xAB08,0xAB08,0xAB28,0xB308,0xAB08,0x9AE9,0x7207,0x6227,0x30E3,0x2882,0x5945,0x7166,0x7186,0x71A7,0x5145,0x0000,
  0xD58F,0xEE32,0xA46D,0x0000,0x0800,0x932A,0xB3CB,0xB38B,0xB3AB,0xB36A,0xB329,0xB308,0xB328,0xB328,0xB328,0xAB28,
  0xAB29,0xAB08,0xAB28,0xAB29,0xAAE9,0xB309,0x9AEA,0x8228,0x8A28,0x8A28,0x8A48,0x8A48,0x8A49,0x8A48,0x8A48,0x8A29,
  0x8209,0x8A68,0xAB2A,0xAB29,0xAB28,0xB327,0xB308,0xB328,0xB328,0xB328,0xB328,0xB328,0xB328,0xB328,0xB328,0xB328,
  0xAB08,0xAB09,0xAB4A,0x8AA8,0x7A07,0x7A29,0x824A,0x61A6,0x0800,0x0000,0x0000,0x0000,0x0000,0x0000,0x0000,0x0000,
  0x0000,0x0000,0x0000,0x0000,0x0000,0x0000,0x0000,0x0000,0x0000,0x0000,0x0000,0x1882,0x7A29,0x8228,0x8228,0x7A27,
  0x9AA9,0xB34B,0xB329,0xB329,0xB349,0xB349,0xAB29,0xAB29,0xB328,0xAB28,0xAB28,0xAB28,0xAB28,0xAB28,0xAB28,0xAB28,
  0xAB28,0xAB28,0xAB28,0xAB28,0xAB28,0xB328,0xAB28,0xAB28,0xAB28,0xAB28,0xB328,0xB328,0xB328,0xB328,0xB328,0xB328,
  0xB328,0xB329,0xB349,0xBB28,0xBB49,0x82C9,0x0800,0x0800,0x61A6,0x79E8,0x71A7,0x7187,0x79C7,0x79E8,0x5145,0x0000,
  0xC52F,0xBD10,0x93ED,0x2081,0x3061,0x8A86,0xAB07,0xA2E7,0xAAE8,0xAAE8,0xB308,0xAAE8,0xAB08,0xAB08,0xAB08,0xAB08,
  0xAB08,0xAAE8,0xAB07,0xA2E8,0xAAE8,0xAAC8,0x9A87,0x81C5,0x81C5,0x81C5,0x81C5,0x89E6,0x89E6,0x89E6,0x8A06,0x89E6,
  0x81C7,0x8A27,0xAAC8,0xAAE8,0xAB07,0xAB07,0xAB08,0xAB08,0xAB08,0xAB08,0xAB08,0xAB08,0xAAE8,0xAAE8,0xAAE8,0xAAE7,
  0xAAE8,0xAAC8,0xA308,0x8AA7,0x81E5,0x89C6,0x81E7,0x6185,0x2020,0x1840,0x1840,0x1840,0x2041,0x2041,0x2041,0x2041,
  0x2041,0x1840,0x1840,0x1840,0x1840,0x1840,0x1040,0x1020,0x1020,0x1840,0x1020,0x2082,0x71C7,0x81A6,0x81C6,0x81C5,
  0x9A87,0xAB08,0xAAE8,0xAB08,0xAB08,0xAB08,0xAB08,0xAB08,0xAB08,0xAB08,0xAB08,0xAB08,0xAB08,0xAB08,0xAB08,0xAB08,
  0xAB08,0xAB08,0xAB08,0xAB08,0xAB08,0xAB08,0xAB08,0xAB08,0xAB08,0xAB08,0xAB08,0xAB08,0xAB08,0xAB08,0xAB08,0xAB08,
  0xAB08,0xAB08,0xAB08,0xA308,0x92E9,0x7289,0x1861,0x2841,0x6965,0x7986,0x7166,0x6987,0x6186,0x59A6,0x4984,0x20A1,
  0x93EB,0x0000,0x3903,0x934A,0xA329,0xAB08,0xAB29,0xAB09,0xB308,0xB308,0xAB08,0xAB28,0xB309,0xB329,0xAB28,0xAB28,
  0xAB08,0xAB08,0xAB08,0xAB08,0xAB09,0xAAE8,0xAB08,0xA2E8,0xA2E9,0xA2E8,0xA2E8,0xA2E8,0xAAE8,0xAAE8,0xAB09,0xAB09,
  0xA2E8,0xAAE8,0xB2E8,0xAB08,0xAB28,0xAB28,0xAB09,0xAB28,0xAB08,0xAB08,0xAB08,0xAB08,0xAB08,0xAB08,0xAB08,0xAB08,
  0xAB08,0xAB29,0xAB09,0xA309,0xAB09,0x9AA8,0x8206,0x81E7,0x79E7,0x7207,0x7A07,0x7A07,0x7A27,0x7A28,0x8227,0x8227,
  0x8227,0x8228,0x8208,0x8228,0x7A28,0x7A07,0x7A07,0x7A07,0x7207,0x7207,0x71E7,0x71E7,0x81C7,0x8206,0x9AE9,0xAAE9,
  0xAAE8,0xAB07,0xAB08,0xAB28,0xAB28,0xAB28,0xB309,0xB308,0xAB08,0xAB28,0xAB08,0xAB08,0xAB08,0xAB08,0xAB08,0xAB08,
  0xAB08,0xAB08,0xAB08,0xAB08,0xAB08,0xAB08,0xAB08,0xAB08,0xAB08,0xAB08,0xAB08,0xAB08,0xAB08,0xAB08,0xAB08,0xAB08,
  0xAB08,0xAB08,0xB369,0x82A7,0x1000,0x2882,0x69C7,0x71C7,0x79A7,0x7986,0x7987,0x71A7,0x38C2,0x0000,0x49E6,0xCD72,
  0x8BEC,0x0800,0x4103,0xA34A,0xB328,0xB328,0xAB28,0xB329,0xB308,0xB328,0xAB28,0xAB28,0xAB29,0xB309,0xAB29,0xAB08,
  0xAB09,0xAB08,0xAB08,0xAB08,0xAB09,0xAB08,0xAB08,0xAB08,0xAAE8,0xAAE8,0xAAE8,0xAB08,0xAB08,0xAB08,0xAB08,0xAB08,
  0xAB08,0xAB08,0xAB08,0xAB08,0xAB28,0xAB28,0xAB08,0xB308,0xAB08,0xAB08,0xAB08,0xAB08,0xAB08,0xAB08,0xAB08,0xAB08,
  0xAB08,0xAB29,0xAB09,0xAAE9,0xAB09,0x9AC7,0x8205,0x81E6,0x89E6,0x8A06,0x8A06,0x8A06,0x8A06,0x8A06,0x8A06,0x8A06,
  0x8A06,0x9207,0x8A06,0x9206,0x8A06,0x8A06,0x8A06,0x8A06,0x8A06,0x89E6,0x89E7,0x89E6,0x89C6,0x8A05,0xA2E9,0xAB09,
  0xAB08,0xAB08,0xAB08,0xAB28,0xAB28,0xAB28,0xAB08,0xAB28,0xAB28,0xAB28,0xB308,0xB308,0xB308,0xB308,0xAB08,0xAB08,
  0xAB08,0xAB08,0xAB08,0xAB08,0xAB09,0xAB09,0xAB09,0xAB09,0xAB09,0xAB09,0xAB09,0xAB08,0xAB08,0xAB08,0xA328,0xAB28,
  0xAB08,0xA309,0xA34B,0x72A9,0x0800,0x3061,0x79C7,0x81A7,0x79A7,0x79A7,0x71A7,0x61C6,0x30E3,0x0000,0x5205,0xD590,
  0x5A06,0x8AA8,0x92C8,0xA309,0xAAE8,0xAAE8,0xAAE8,0xAB08,0xAB08,0xAB08,0xAAE8,0xAAE8,0xAB08,0xAB08,0xAB08,0xAB08,
  0xAB08,0xAB08,0xAB08,0xAAE8,0xAAE8,0xAAE8,0xAB08,0xAB08,0xAB08,0xAB08,0xAB08,0xAAE8,0xAAE8,0xAAE8,0xAAE8,0xAB08,
  0xAB08,0xAB08,0xAB08,0xAB08,0xAB08,0xAB08,0xAB08,0xAB08,0xAB08,0xAB08,0xAB08,0xAB08,0xAB08,0xAB08,0xAB08,0xAB08,
  0xAB08,0xAB08,0xAB08,0xAB08,0xAAE8,0xAAE8,0xA2C8,0xA2E8,0xA2C8,0xA2E8,0xA2E8,0xA2C8,0xA2E8,0xA2E8,0xA2E8,0xA2E8,
  0xA2E8,0xA2E8,0xA2E8,0xA2E8,0xA2E8,0xAAE8,0xAAE8,0xAAE8,0xAAE8,0xA2C8,0xA2C8,0xA2C8,0xA2C8,0xA2C8,0xAB08,0xAB08,
  0xAB08,0xAB08,0xAB08,0xAB08,0xAB08,0xAB08,0xAB08,0xAB08,0xAB08,0xAB08,0xAB08,0xAB08,0xAB28,0xAB28,0xAB08,0xAB08,
  0xAB08,0xAB08,0xAB08,0xAB08,0xAB08,0xAB08,0xAB08,0xAB08,0xAB08,0xAAE8,0xAAE8,0xAAE8,0xAAE8,0xAAE8,0xA2E8,0xA2E7,
  0xA329,0x59A5,0x1882,0x30C3,0x5186,0x6166,0x79A6,0x79A6,0x79A7,0x79C7,0x38C3,0x1841,0x5A68,0xA48F,0xACAD,0xD56F,
  0x51C5,0xB3AC,0xAB69,0xAB69,0xAB4A,0xA34A,0xA34A,0xAB2A,0xAB2A,0xAB2A,0xAB2A,0xAB2A,0xAB2A,0xAB2A,0xAB2A,0xA34A,
  0xA34A,0xA34A,0xAB49,0xAB49,0xAB49,0xAB4A,0xAB4A,0xAB49,0xAB49,0xAB49,0xAB49,0xAB49,0xAB49,0xAB49,0xAB49,0xAB49,
  0xAB49,0xAB69,0xAB69,0xAB69,0xAB69,0xAB69,0xAB69,0xAB69,0xAB6A,0xAB6A,0xAB6A,0xAB6A,0xAB6A,0xAB6A,0xAB6A,0xAB6A,
  0xAB69,0xAB69,0xAB69,0xAB49,0xAB6A,0xAB6A,0xAB6A,0xAB6A,0xAB6A,0xAB6A,0xAB6A,0xAB6A,0xAB4A,0xAB4A,0xAB4A,0xAB4A,
  0xAB4A,0xAB6A,0xAB6A,0xAB6A,0xAB6A,0xAB6A,0xAB6A,0xAB6A,0xAB6A,0xAB6A,0xAB6A,0xAB6A,0xAB4A,0xAB4A,0xAB49,0xAB49,
  0xA349,0xAB2A,0xAB2A,0xAB4A,0xAB4A,0xAB4A,0xAB4A,0xAB4A,0xAB4A,0xAB4A,0xAB6A,0xAB6A,0xAB6A,0xAB6A,0xB38A,0xB38A,
  0xB38A,0xAB6A,0xAB69,0xAB69,0xAB69,0xAB69,0xAB69,0xAB49,0xAB49,0xAB49,0xA34A,0xA34A,0xA34A,0xA32A,0xAB2A,0xA30A,
  0xA38B,0x41A5,0x0000,0x2861,0x69C7,0x71C7,0x79A6,0x79A6,0x79C7,0x7208,0x2883,0x0000,0x6B09,0xDE13,0xD590,0xDD6F,
  0x20C2,0x4144,0x4143,0x4143,0x4123,0x3944,0x3924,0x4124,0x4124,0x4124,0x4124,0x4124,0x4124,0x4124,0x4124,0x3924,
  0x3924,0x3923,0x3923,0x3923,0x3923,0x3924,0x4124,0x4123,0x4123,0x4123,0x4123,0x4124,0x4124,0x4124,0x4124,0x4123,
  0x4123,0x4123,0x4123,0x4123,0x4123,0x4123,0x4123,0x4123,0x3924,0x3924,0x3924,0x3924,0x3924,0x3924,0x3924,0x4124,
  0x4123,0x4123,0x4123,0x4123,0x4124,0x4124,0x4123,0x4124,0x4124,0x4124,0x4124,0x4124,0x4124,0x4123,0x4123,0x4123,
  0x4123,0x4124,0x4124,0x4124,0x4124,0x4124,0x4124,0x4124,0x4124,0x4124,0x4124,0x4124,0x4123,0x4123,0x4123,0x3923,
  0x3923,0x4124,0x4124,0x4124,0x4124,0x4124,0x4124,0x4124,0x4124,0x4124,0x4124,0x4124,0x4124,0x4124,0x4124,0x4124,
  0x4124,0x4124,0x4123,0x4143,0x4143,0x4143,0x4143,0x4123,0x4124,0x4123,0x3923,0x3943,0x3923,0x3923,0x3924,0x3924,
  0x3924,0x4124,0x4165,0x5166,0x6986,0x71A6,0x79A6,0x71A5,0x38C2,0x2882,0x1021,0x0000,0x6AE8,0xDDD0,0xD54E,0xD56E,
  0x0000,0x0000,0x0000,0x0000,0x0000,0x0000,0x0000,0x0000,0x0000,0x0000,0x0000,0x0000,0x0000,0x0000,0x0000,0x0000,
  0x0000,0x0000,0x0000,0x0000,0x0000,0x0000,0x0000,0x0000,0x0000,0x0000,0x0000,0x0000,0x0000,0x0000,0x0000,0x0000,
  0x0000,0x0000,0x0000,0x0000,0x0000,0x0000,0x0000,0x0000,0x0000,0x0000,0x0000,0x0000,0x0000,0x0000,0x0000,0x0000,
  0x0000,0x0000,0x0000,0x0000,0x0000,0x0000,0x0000,0x0000,0x0000,0x0000,0x0000,0x0000,0x0000,0x0000,0x0000,0x0000,
  0x0000,0x0000,0x0000,0x0000,0x0000,0x0000,0x0000,0x0000,0x0000,0x0000,0x0000,0x0000,0x0000,0x0000,0x0000,0x0000,
  0x0000,0x0000,0x0000,0x0000,0x0000,0x0000,0x0000,0x0000,0x0000,0x0000,0x0000,0x0000,0x0000,0x0000,0x0000,0x0000,
  0x0000,0x0000,0x0000,0x0000,0x0000,0x0000,0x0000,0x0000,0x0000,0x0000,0x0000,0x0000,0x0000,0x0000,0x0000,0x0000,
  0x0000,0x38C3,0x69E8,0x69A7,0x71C7,0x69C7,0x71C8,0x61C6,0x1020,0x0000,0x0000,0x0000,0x6AE8,0xE5F1,0xDD8F,0xDDAF,
  0x2082,0x4104,0x38E3,0x38E3,0x38E4,0x38E4,0x38E4,0x38E3,0x38E3,0x38E3,0x38E3,0x38E3,0x38E3,0x38E3,0x38E3,0x3903,
  0x3903,0x38E3,0x38E3,0x4104,0x4104,0x40E4,0x40E4,0x4103,0x4103,0x4103,0x4103,0x3903,0x3903,0x3903,0x3903,0x3904,
  0x3904,0x3904,0x3904,0x38E4,0x38E4,0x38E4,0x38E4,0x38E4,0x38E3,0x38E3,0x38E3,0x38E3,0x3903,0x3903,0x4104,0x4104,
  0x4104,0x4104,0x4104,0x4104,0x4104,0x4104,0x4104,0x4104,0x3904,0x3904,0x3903,0x38E3,0x38E3,0x3904,0x3904,0x3904,
  0x3904,0x3903,0x38E3,0x3904,0x3904,0x3904,0x3904,0x3904,0x3904,0x3903,0x4104,0x3904,0x3904,0x3904,0x3904,0x3904,
  0x38E4,0x3903,0x3903,0x3903,0x38E3,0x38E3,0x3903,0x3904,0x3904,0x3904,0x4104,0x4104,0x4104,0x4104,0x4104,0x4104,
  0x4104,0x4104,0x4104,0x4104,0x4104,0x4104,0x4104,0x4104,0x4104,0x4104,0x4104,0x3904,0x3904,0x3904,0x3904,0x0841,
  0x0000,0x38E3,0x69C7,0x5944,0x30C3,0x30E3,0x38E4,0x30E3,0x30E3,0x3904,0x1081,0x0000,0x6AC9,0xDDF1,0xD56E,0xD56E,
  0x4124,0x8229,0x7A08,0x7227,0x7A07,0x81E7,0x7A07,0x7A08,0x7A08,0x7A08,0x7A08,0x7A08,0x7A08,0x7A08,0x7A08,0x8208,
  0x8208,0x8208,0x8208,0x8228,0x8228,0x8208,0x8208,0x8228,0x8228,0x8228,0x8228,0x8228,0x8228,0x8228,0x8228,0x8228,
  0x8228,0x8228,0x8228,0x8208,0x7A08,0x7A08,0x7A08,0x7A07,0x8207,0x8207,0x8207,0x8207,0x8207,0x8207,0x8227,0x8227,
  0x8228,0x8228,0x8228,0x8228,0x8228,0x8228,0x8228,0x8228,0x8228,0x8208,0x8208,0x7A08,0x7A08,0x7A08,0x7A08,0x7A08,
  0x7A08,0x7A08,0x7A08,0x7A08,0x8208,0x8208,0x8208,0x8208,0x8208,0x8208,0x8228,0x8228,0x8228,0x8228,0x8208,0x8208,
  0x8208,0x8208,0x8208,0x8208,0x7A08,0x7A08,0x7A08,0x7A08,0x7A08,0x8208,0x8208,0x8208,0x8228,0x8208,0x8228,0x8208,
  0x8208,0x8208,0x8208,0x8208,0x8208,0x8208,0x8228,0x8228,0x8228,0x8228,0x8228,0x8228,0x8228,0x8208,0x7A29,0x2082,
  0x0000,0x40E4,0x79E8,0x4944,0x0000,0x0000,0x0000,0x0000,0x5966,0x71C8,0x28A2,0x0000,0x72E9,0xDE12,0xD5AF,0xDDAF,
  0x38E3,0x79C7,0x79A6,0x79C6,0x79C6,0x79A6,0x79A6,0x79C7,0x79C7,0x79C7,0x79C7,0x79C7,0x79C7,0x79C7,0x79C7,0x79C6,
  0x79C6,0x79C6,0x79C6,0x79C7,0x79C6,0x79C7,0x79C7,0x81C7,0x81C7,0x81C7,0x79C7,0x79C7,0x79C7,0x79C7,0x79C7,0x79C6,
  0x79C6,0x79C6,0x79C6,0x79C6,0x79C6,0x79C6,0x79C6,0x79C6,0x79A6,0x79C6,0x79C6,0x79C6,0x79C6,0x79C6,0x79C6,0x79C6,
  0x79C6,0x79C6,0x79C6,0x79E7,0x79C6,0x79C6,0x79C6,0x79C6,0x79C6,0x79C7,0x79C7,0x79A6,0x79A6,0x79A6,0x79A6,0x79A6,
  0x79A6,0x79A6,0x79A6,0x79A6,0x79A6,0x79A6,0x79A6,0x79A6,0x79A6,0x79C6,0x79C6,0x79C6,0x79C6,0x79C6,0x79C6,0x79C6,
  0x79C6,0x79C6,0x79C6,0x79C6,0x79C6,0x79C6,0x79A6,0x79A6,0x79C7,0x79C7,0x79C6,0x79C6,0x79C6,0x79C6,0x81C7,0x79C6,
  0x79C6,0x79C6,0x79C6,0x79C6,0x79C6,0x79C7,0x79A6,0x79C7,0x79C7,0x79C7,0x81C7,0x81C7,0x79C7,0x79C6,0x79C7,0x2862,
  0x0000,0x30E3,0x61A7,0x3904,0x0020,0x0820,0x1041,0x1841,0x5945,0x6987,0x28A2,0x0000,0x6AE9,0xDDF1,0xD56E,0xD56E,
  0x3903,0x7A07,0x81C6,0x81C6,0x81E7,0x79E8,0x81E7,0x81E7,0x81E7,0x81E7,0x81E7,0x81E7,0x89E7,0x89E7,0x89E7,0x8207,
  0x8207,0x8A08,0x8207,0x81E7,0x81E7,0x81E7,0x81E7,0x81E7,0x81E7,0x81E7,0x81E7,0x81E7,0x89E7,0x89E8,0x81E8,0x81E7,
  0x81E7,0x81E7,0x81E7,0x81E7,0x81E7,0x81E7,0x81E7,0x81E7,0x81E7,0x81E7,0x81E7,0x81E7,0x81E7,0x81E7,0x81E7,0x81E7,
  0x81E7,0x81E7,0x81E7,0x8207,0x8207,0x81E7,0x89E7,0x89E7,0x81E7,0x81E7,0x81E7,0x81E7,0x81E7,0x81E7,0x81E7,0x81E7,
  0x81E7,0x81E7,0x81C7,0x81C7,0x89E7,0x81C7,0x81C7,0x81C7,0x81C7,0x81E7,0x81E7,0x89E7,0x89E7,0x8207,0x8207,0x8A07,
  0x8A07,0x81E7,0x89E7,0x89E7,0x81E7,0x81E7,0x81E7,0x81E7,0x81E7,0x81E7,0x81E7,0x81E7,0x81E7,0x81E7,0x81E7,0x81E7,
  0x81E7,0x81C7,0x81E7,0x81E7,0x81E7,0x81E7,0x81E7,0x81E7,0x89E7,0x89E7,0x89E8,0x81E8,0x7A08,0x7A07,0x8208,0x3062,
  0x0000,0x0020,0x0800,0x0000,0x0000,0x1861,0x5986,0x6186,0x6986,0x69A7,0x28A2,0x0000,0x6AC8,0xDDF1,0xDD8F,0xDD8F,
  0x4985,0x61C6,0x61A6,0x61C6,0x61A6,0x61A7,0x69A7,0x69A7,0x69C7,0x61E7,0x69E7,0x69E7,0x69C7,0x71E7,0x71E7,0x71E7,
  0x71E7,0x71E8,0x71E7,0x71E7,0x71E7,0x69C6,0x69A6,0x69C7,0x61C6,0x61C6,0x61A6,0x61A6,0x69A7,0x69A7,0x69C7,0x69C7,
  0x69E7,0x69E7,0x69E7,0x69E7,0x71E7,0x71E7,0x71E7,0x71E7,0x71E7,0x69E7,0x69E7,0x71C7,0x69C7,0x61E7,0x61E7,0x69C7,
  0x69C6,0x69A7,0x69C7,0x69E6,0x69E7,0x69E7,0x69E7,0x71E7,0x69E6,0x69E7,0x71E7,0x71E7,0x69E7,0x6A06,0x61E6,0x69C7,
  0x69A6,0x61C6,0x69A6,0x69A6,0x69A6,0x69A6,0x61A7,0x69A7,0x69A7,0x61C6,0x61C6,0x71C6,0x71C7,0x69E6,0x69E6,0x7207,
  0x71E7,0x71E8,0x71E7,0x71E7,0x6A07,0x71E7,0x69E7,0x61E7,0x69C7,0x69A7,0x69C7,0x69A7,0x69A7,0x6986,0x69A6,0x69A7,
  0x69A6,0x69C6,0x61C6,0x69C7,0x69C7,0x71C7,0x71E7,0x71E7,0x71E7,0x71C7,0x71C7,0x69E7,0x69E7,0x69C7,0x69E8,0x2081,
  0x0000,0x18E2,0x3144,0x20C2,0x0000,0x1862,0x5986,0x6965,0x6965,0x6186,0x2883,0x0000,0x6AC8,0xD5B0,0xD56E,0xD58E,
  0x7B4B,0x1020,0x1021,0x1021,0x1021,0x1020,0x1021,0x1020,0x1021,0x1040,0x1040,0x1841,0x1020,0x1841,0x1041,0x1041,
  0x1020,0x1020,0x1020,0x1020,0x1021,0x1041,0x1020,0x1021,0x1020,0x1040,0x1020,0x0820,0x1041,0x0820,0x1020,0x1020,
  0x1020,0x1020,0x1020,0x1020,0x1021,0x1021,0x1021,0x1021,0x1020,0x0820,0x0820,0x1020,0x0820,0x0820,0x0820,0x0820,
  0x0840,0x0841,0x1041,0x1020,0x1020,0x1040,0x1020,0x1020,0x1020,0x1820,0x1821,0x1820,0x1820,0x1020,0x1040,0x1841,
  0x1020,0x1021,0x1020,0x1040,0x1020,0x1020,0x1020,0x1020,0x0820,0x1041,0x1041,0x1040,0x1841,0x1841,0x1821,0x1021,
  0x1021,0x1020,0x1020,0x1820,0x1820,0x1820,0x1040,0x0840,0x1020,0x1021,0x1020,0x1040,0x1040,0x1040,0x0820,0x0820,
  0x0840,0x0840,0x0840,0x1021,0x1041,0x1041,0x1041,0x1041,0x1040,0x1041,0x1041,0x1040,0x1020,0x1841,0x1841,0x0800,
  0x0000,0x7B6C,0xDE15,0x7B8C,0x0000,0x1862,0x61A6,0x6966,0x6966,0x6186,0x2882,0x0000,0x6AC8,0xD5D0,0xD56E,0xD58E,
  0x8389,0x1020,0x0840,0x0840,0x0040,0x0000,0x0000,0x0800,0x0800,0x0800,0x1000,0x1000,0x1000,0x0800,0x0000,0x0000,
  0x1060,0x1060,0x1060,0x0840,0x0000,0x0000,0x0000,0x0800,0x0800,0x0000,0x0000,0x0000,0x0000,0x0040,0x0840,0x0840,
  0x0840,0x0840,0x0840,0x0840,0x0841,0x0841,0x0841,0x1041,0x1041,0x0861,0x0861,0x0861,0x0841,0x0860,0x0860,0x0840,
  0x0840,0x0000,0x0000,0x0000,0x0042,0x0042,0x0041,0x0041,0x0041,0x0062,0x0043,0x0043,0x0043,0x0063,0x0021,0x0800,
  0x0001,0x0000,0x0000,0x0000,0x0800,0x0000,0x0000,0x0800,0x0800,0x0000,0x0000,0x0000,0x0000,0x0001,0x0022,0x0042,
  0x0062,0x0062,0x0062,0x0062,0x0042,0x0043,0x0043,0x0062,0x0061,0x0020,0x0000,0x0000,0x0000,0x0000,0x0000,0x0000,
  0x0000,0x0020,0x0000,0x0000,0x0000,0x0000,0x0000,0x0800,0x0800,0x0800,0x0800,0x0800,0x0820,0x0000,0x0000,0x1041,
  0x1040,0x8BAB,0xEE95,0x8BCC,0x0000,0x1861,0x6166,0x6966,0x6966,0x6186,0x2882,0x0000,0x6AC8,0xD5B0,0xD54E,0xD56E,
  0xBCED,0xA44B,0x9C4C,0x9C6D,0x8C0D,0x20C2,0x0800,0x4125,0x5986,0x5986,0x6166,0x5966,0x59A7,0x4125,0x0000,0x0820,
  0xA46E,0xB4CF,0xACAE,0xACAF,0x5227,0x0000,0x1841,0x4925,0x4904,0x4125,0x4125,0x1041,0x0000,0x62C9,0xACAE,0xA46C,
  0xA48D,0xA48D,0xA48D,0xAC8D,0xACAE,0xACAE,0xACAE,0xACAE,0xB48E,0xACAD,0xAC8D,0xAC8E,0xAC6D,0xAC6C,0xAC6C,0xAC6D,
  0xA4AF,0x39A5,0x0000,0x220A,0x2BB4,0x1BB5,0x1BB5,0x1BB4,0x1BD4,0x1BF5,0x1BF6,0x13F6,0x1BD6,0x2416,0x120A,0x0000,
  0x0021,0x0020,0x1000,0x4965,0x5986,0x5165,0x5185,0x5165,0x5966,0x30E4,0x0000,0x0020,0x0000,0x00A4,0x2331,0x23F5,
  0x1C14,0x1C15,0x1C16,0x1C16,0x1C16,0x1BF7,0x1BF7,0x1C16,0x23D3,0x0906,0x0000,0x0021,0x0000,0x20A3,0x5186,0x5946,
  0x5945,0x5966,0x5966,0x4966,0x1862,0x0000,0x38E3,0x5986,0x5965,0x5966,0x5965,0x5986,0x51A6,0x1020,0x1061,0x8BED,
  0xACAE,0xBD0E,0xDE11,0x8BCB,0x0000,0x2041,0x6166,0x6946,0x6966,0x6186,0x2882,0x0000,0x6AC8,0xD5B0,0xCD4D,0xD56E,
  0xDDCF,0xE5F0,0xDDEF,0xE611,0xC571,0x2903,0x0800,0x59A6,0x7A08,0x79E7,0x79C7,0x79E7,0x7A08,0x5165,0x0800,0x0840,
  0xD5D2,0xE611,0xDDEF,0xDE31,0x62C8,0x0000,0x2061,0x6186,0x6165,0x6186,0x5966,0x1841,0x0000,0x83AB,0xE632,0xDDD0,
  0xDDF0,0xDDF0,0xDDF0,0xDDF0,0xDDF0,0xDDF0,0xDDF0,0xDDF0,0xE5F0,0xE5F0,0xDDF0,0xDDF0,0xDDD0,0xDDCF,0xDDD0,0xE612,
  0xE674,0x4A26,0x0000,0x22CF,0x251B,0x0D1C,0x0D1D,0x0D1D,0x151C,0x151C,0x1D3D,0x1D3C,0x251D,0x355D,0x1A8E,0x0000,
  0x0000,0x0000,0x1000,0x61A7,0x79C8,0x79C7,0x71C7,0x69C7,0x7208,0x4145,0x0000,0x0020,0x0000,0x00C5,0x1C57,0x153D,
  0x0D3D,0x0D5D,0x0D5F,0x153F,0x1D3E,0x1D5D,0x1D3E,0x255E,0x34D9,0x0948,0x0000,0x0000,0x0000,0x3904,0x71E7,0x71C7,
  0x79C7,0x79E8,0x7208,0x6A08,0x20A2,0x0000,0x4924,0x71E7,0x71C6,0x79C7,0x79C7,0x79E7,0x6A08,0x1800,0x1861,0xB50F,
  0xEE31,0xDDAF,0xDDD0,0x93CB,0x0000,0x2062,0x69A7,0x7187,0x7186,0x6986,0x28A2,0x0000,0x6AC8,0xD5D0,0xD56E,0xDD8E,
  0xD56E,0xCD6E,0xCD6D,0xD58F,0xBD0F,0x28E2,0x0800,0x5966,0x79A7,0x7986,0x7986,0x7986,0x71C7,0x5145,0x0000,0x0840,
  0xC52F,0xD56E,0xCD4C,0xCD8E,0x5A86,0x0000,0x2061,0x6146,0x6125,0x6125,0x5925,0x1821,0x0000,0x7B6A,0xD590,0xCD4D,
  0xD56E,0xD56E,0xD56E,0xD56E,0xD56E,0xD56E,0xD56E,0xD56E,0xD54E,0xCD6E,0xCD6E,0xCD6E,0xCD6E,0xD54E,0xC52E,0x7308,
  0x6288,0x32AC,0x0A6E,0x13D6,0x0CDB,0x04BB,0x04DC,0x04DC,0x04DC,0x0C7A,0x0AD0,0x122D,0x122D,0x1A2D,0x29A8,0x40E4,
  0x4904,0x40E3,0x50E3,0x71A6,0x7986,0x7966,0x71A6,0x5144,0x30C3,0x1882,0x0000,0x0883,0x1A4D,0x0B12,0x0C7A,0x0CDD,
  0x04FE,0x04FD,0x04FD,0x0D1D,0x13F6,0x0A6E,0x126E,0x124E,0x222C,0x3946,0x4103,0x4103,0x40C3,0x5924,0x71A7,0x5965,
  0x38C3,0x28E3,0x30E3,0x28C3,0x0841,0x0000,0x48E4,0x7186,0x7186,0x7166,0x7166,0x7986,0x69A7,0x1801,0x1062,0xA48D,
  0xDDAE,0xD56E,0xDDD0,0x8BCB,0x0000,0x2062,0x6987,0x7166,0x7166,0x6986,0x28A2,0x0000,0x6AC8,0xD5B0,0xD54E,0xD56E,
  0xD5AF,0xD5AF,0xD5AF,0xDDD0,0xC550,0x2903,0x0800,0x6186,0x81C8,0x81A7,0x81A7,0x79A7,0x79E8,0x5166,0x0000,0x0840,
  0xC530,0xE5AF,0xD56D,0xD5D0,0x62A7,0x0000,0x2062,0x6167,0x6146,0x6966,0x6946,0x1821,0x0000,0x83AB,0xE5D1,0xD56E,
  0xDD8F,0xDDAF,0xDDAF,0xDDAF,0xDDAF,0xDDAF,0xDDAF,0xDDAF,0xDDB0,0xDDAE,0xD5AE,0xD5AF,0xDDAF,0xE5CF,0xC54F,0x28E2,
  0x0000,0x2BB2,0x1D1B,0x0CDB,0x04FC,0x04DC,0x0CFC,0x0CDB,0x14FB,0x2C98,0x00C6,0x0000,0x0001,0x0000,0x3965,0x7A69,
  0x8249,0x8A49,0x8248,0x8248,0x8207,0x8207,0x8249,0x3903,0x0000,0x0000,0x0000,0x0906,0x2C98,0x14FC,0x0CFC,0x0CFC,
  0x051D,0x051D,0x0D1C,0x1D5C,0x1B51,0x0002,0x0001,0x0000,0x0801,0x59A7,0x7228,0x7208,0x79E8,0x71C7,0x7208,0x4965,
  0x0000,0x0000,0x0000,0x0000,0x0000,0x0000,0x4905,0x71A7,0x71A6,0x7986,0x7986,0x79A7,0x69A7,0x1000,0x0881,0xACCE,
  0xE5F0,0xDDAF,0xDE11,0x940C,0x0000,0x2082,0x69A7,0x7187,0x71A7,0x71C7,0x30A3,0x0000,0x6AC8,0xDDD1,0xD58E,0xDD8E,
  0xCD8F,0xCD8F,0xD56E,0xDDAF,0xC52F,0x2902,0x0800,0x5966,0x79A7,0x79A6,0x7986,0x71A6,0x71C7,0x4945,0x0000,0x0040,
  0xC50F,0xDD6E,0xD54D,0xD590,0x5A88,0x0000,0x2061,0x6166,0x6146,0x6946,0x6146,0x1821,0x0000,0x83AB,0xDDD0,0xD56D,
  0xCD6E,0xD56E,0xD56E,0xD56E,0xD56E,0xD56E,0xD56E,0xD56E,0xD56F,0xD56E,0xD56E,0xD58F,0xD56E,0xCD2D,0xAC8E,0x2903,
  0x0000,0x23D3,0x0D1C,0x04FC,0x04FD,0x04FD,0x04DC,0x1458,0x0A90,0x1A0B,0x0062,0x0020,0x0020,0x0000,0x20A2,0x4103,
  0x4103,0x4104,0x3903,0x3923,0x4123,0x4104,0x4125,0x2082,0x0000,0x0906,0x124D,0x0AB1,0x0CBA,0x051D,0x04FD,0x04FD,
  0x04FD,0x0CFB,0x1394,0x0A6E,0x11A9,0x0021,0x0000,0x0020,0x0020,0x28C3,0x40E4,0x40E3,0x40E3,0x38E3,0x38E3,0x3904,
  0x38C3,0x38A3,0x30A3,0x30A3,0x0821,0x0000,0x4104,0x69A6,0x69A6,0x7186,0x7186,0x7186,0x61A6,0x0820,0x0881,0xA48D,
  0xDD8F,0xD54D,0xD5D0,0x8BEC,0x0000,0x2062,0x6186,0x7166,0x7186,0x69A7,0x28A3,0x0000,0x6AC8,0xD5D0,0xD56E,0xD56E,
  0xD5B0,0xDDB0,0xDDAF,0xE5F0,0xC54F,0x2902,0x0800,0x5986,0x81C7,0x79C7,0x79C7,0x71C7,0x71C7,0x5145,0x0000,0x0840,
  0xC54F,0xD5AF,0xD5AE,0xD5B0,0x6288,0x0000,0x2081,0x61A6,0x6966,0x6966,0x6186,0x1841,0x0800,0x8BCB,0xE611,0xD58F,
  0xD5AF,0xD5AF,0xD58E,0xD58E,0xD58E,0xD58E,0xD58E,0xD58E,0xD58F,0xDD8F,0xDDAF,0xDDCF,0xD56E,0xBCAC,0x9C0C,0x20C2,
  0x0000,0x2BF5,0x153D,0x053D,0x051D,0x051D,0x0D1D,0x1C16,0x00A4,0x0000,0x0000,0x0000,0x0000,0x0000,0x0000,0x0000,
  0x0000,0x0000,0x0000,0x0000,0x0000,0x0000,0x0000,0x0000,0x0000,0x126D,0x253B,0x14FD,0x0CFE,0x0CFD,0x051D,0x051E,
  0x0D1D,0x251B,0x126E,0x0001,0x0000,0x0000,0x0000,0x0000,0x0000,0x0000,0x0000,0x0000,0x0000,0x0000,0x0000,0x2882,
  0x7229,0x7A08,0x7A08,0x6A08,0x2082,0x0000,0x4124,0x71A6,0x7186,0x71A6,0x7186,0x71A6,0x61A6,0x0820,0x1061,0xAC8E,
  0xDDAF,0xDD6E,0xDDD0,0x93EC,0x0000,0x2062,0x69A7,0x7187,0x7187,0x71A7,0x30A2,0x0000,0x6B08,0xDE32,0xDDB0,0xDDAF,
  0xD56F,0xD56F,0xD56E,0xDDAF,0xC52E,0x2902,0x0000,0x5965,0x79A6,0x7186,0x7186,0x7186,0x71A6,0x5125,0x0000,0x0820,
  0xBD2F,0xCD8E,0xCD4D,0xD590,0x6287,0x0000,0x2061,0x6186,0x6945,0x6946,0x5966,0x1841,0x0000,0x8BAB,0xDDD0,0xCD6E,
  0xD56E,0xD56E,0xD56E,0xD56E,0xD56E,0xD56E,0xD56E,0xD56E,0xD56D,0xD56E,0xD56E,0xD58E,0xCD2D,0xB44B,0x93CC,0x20C2,
  0x0000,0x23D4,0x153D,0x053D,0x053D,0x053D,0x0D3D,0x1C16,0x00A4,0x0000,0x1062,0x2062,0x2082,0x2082,0x1882,0x2082,
  0x2082,0x2082,0x2882,0x2882,0x2082,0x1021,0x0000,0x0000,0x0000,0x0A4E,0x153D,0x053E,0x051E,0x051E,0x053D,0x0CFC,
  0x1C16,0x2392,0x19AA,0x0000,0x0841,0x2082,0x2082,0x2082,0x2082,0x2082,0x2062,0x2082,0x2082,0x2082,0x2082,0x38C3,
  0x5986,0x5965,0x5165,0x4965,0x1862,0x0000,0x4124,0x71A6,0x7166,0x7166,0x7186,0x7166,0x5986,0x0800,0x1061,0xA46D,
  0xD56E,0xCD2C,0xD58F,0x8BCB,0x0000,0x1862,0x6186,0x7186,0x7187,0x69A7,0x30A2,0x0000,0x6AE8,0xD5F1,0xD56F,0xD56F,
  0xD58F,0xD58F,0xD58F,0xD5AF,0xBD0E,0x2102,0x0000,0x5165,0x71A6,0x79A6,0x71A6,0x71A7,0x71C7,0x5145,0x0000,0x0820,
  0xC52F,0xD58E,0xD56D,0xDDB0,0x6288,0x0000,0x2862,0x6186,0x6966,0x6966,0x6186,0x1841,0x0000,0x8BCB,0xDDF1,0xD58E,
  0xD58F,0xD58F,0xD58E,0xD58E,0xD58E,0xD58E,0xD56E,0xD56E,0xD58E,0xD56E,0xD56E,0xD58F,0xCD2D,0xAC0B,0x8B6B,0x18A2,
  0x0000,0x2BD4,0x155D,0x055D,0x055D,0x055D,0x0D7E,0x1C57,0x00C4,0x0800,0x5187,0x69C8,0x69C7,0x69E7,0x69E7,0x69E7,
  0x69E7,0x71E8,0x71E7,0x71E8,0x6A08,0x2062,0x0000,0x0000,0x0000,0x0A4E,0x155D,0x055E,0x055E,0x055E,0x055E,0x1CFB,
  0x11EA,0x0042,0x0042,0x0000,0x3103,0x7208,0x71C7,0x69E7,0x69C7,0x71E6,0x71C7,0x71C7,0x71E7,0x71E8,0x7208,0x5186,
  0x1020,0x0020,0x0800,0x0800,0x0000,0x0000,0x4944,0x71C6,0x7186,0x7187,0x7187,0x7187,0x6186,0x1000,0x1061,0xA46E,
  0xD5AF,0xD54D,0xDDAF,0x8BCB,0x0000,0x1861,0x6186,0x6986,0x7186,0x69C7,0x30C2,0x0000,0x6AE9,0xDE12,0xD590,0xDD90,
  0xD58F,0xD58F,0xD56E,0xD58F,0xBCEE,0x20E2,0x0000,0x5165,0x79A6,0x7986,0x7986,0x79A7,0x79A7,0x5145,0x0000,0x0820,
  0xBD2F,0xD5AF,0xD58E,0xDDD0,0x62A7,0x0000,0x2882,0x6987,0x6946,0x6946,0x6186,0x1841,0x0000,0x8BCB,0xDDF0,0xCD6E,
  0xD58F,0xD58F,0xD58E,0xD58E,0xD56E,0xD56E,0xD56E,0xD56E,0xD56E,0xD56E,0xD56E,0xD58E,0xC50D,0xA3EB,0x836B,0x18A2,
  0x0000,0x23D4,0x155D,0x055D,0x055D,0x057E,0x0D9E,0x1C77,0x00E5,0x0800,0x4986,0x61C7,0x61A6,0x61A6,0x61A6,0x61A6,
  0x61A6,0x61C6,0x69C6,0x69C6,0x59E7,0x1861,0x0000,0x0020,0x0000,0x0A6E,0x155D,0x057E,0x057E,0x055E,0x057E,0x251B,
  0x11A9,0x0000,0x0020,0x0000,0x28E3,0x61C7,0x61A7,0x61A7,0x69A6,0x61A6,0x69A7,0x69A6,0x61C6,0x69C6,0x69E7,0x4965,
  0x0000,0x0020,0x18A1,0x18A1,0x0820,0x0800,0x4944,0x79C7,0x7187,0x7187,0x7187,0x7987,0x61A7,0x1000,0x1041,0xA46D,
  0xD5AF,0xD56E,0xD5AF,0x8BCB,0x0000,0x1862,0x6186,0x6966,0x6986,0x69C7,0x30C2,0x0000,0x6AE9,0xDDF2,0xD570,0xDD90,
  0xD56E,0xD56E,0xD54E,0xD58F,0xBCEE,0x20E2,0x0000,0x5165,0x79A7,0x79A6,0x79A7,0x7987,0x7987,0x5125,0x0000,0x0820,
  0xC570,0xDDAF,0xD58E,0xDDD0,0x62A7,0x0000,0x2862,0x6187,0x6946,0x6946,0x5945,0x1840,0x0800,0x8BAB,0xDDD0,0xCD6F,
  0xD58F,0xD58F,0xD58E,0xD58E,0xD58E,0xD58E,0xD58E,0xD56E,0xD56E,0xD56E,0xD56D,0xD58E,0xC4ED,0x9369,0x72E9,0x18A1,
  0x0000,0x23B3,0x155C,0x053C,0x055D,0x057E,0x0D7E,0x1C77,0x00E5,0x0000,0x1041,0x1841,0x1841,0x1041,0x1041,0x1041,
  0x1041,0x1041,0x1041,0x1041,0x1041,0x0000,0x0000,0x0000,0x0000,0x0A4D,0x155D,0x055E,0x055E,0x053D,0x055E,0x2D1C,
  0x11CA,0x0000,0x0021,0x0000,0x0821,0x1841,0x1042,0x1042,0x1841,0x1041,0x1061,0x1841,0x1041,0x1041,0x1841,0x1041,
  0x0000,0x20C3,0xACCF,0xB4F0,0x3984,0x0000,0x5125,0x79A7,0x7166,0x6966,0x7186,0x79C8,0x69E7,0x1020,0x1041,0xA48D,
  0xD5AF,0xCD4D,0xD5AF,0x8BCC,0x0000,0x1862,0x6186,0x6966,0x6966,0x69A7,0x28A2,0x0000,0x6AE9,0xD5F2,0xD56F,0xD58F,
  0xD58F,0xD58F,0xD56F,0xD590,0xC50F,0x20E2,0x0000,0x59A6,0x81E8,0x81E8,0x8209,0x81E8,0x79A7,0x5946,0x0000,0x0840,
  0xCD90,0xDDD0,0xD5CF,0xE611,0x62C7,0x0000,0x2881,0x6187,0x6946,0x6946,0x5945,0x1841,0x0000,0x8BAB,0xDDD1,0xD58F,
  0xD5B0,0xD5B0,0xD5B0,0xD5B0,0xD5B0,0xD5AF,0xD5AF,0xD5AF,0xD58F,0xD58F,0xD58E,0xD5AF,0xC50E,0x936A,0x72E9,0x10A1,
  0x0000,0x2BB3,0x1D1C,0x0D1C,0x153C,0x0D3D,0x157E,0x2497,0x00E5,0x0000,0x0000,0x0000,0x0000,0x0000,0x0000,0x0000,
  0x0000,0x0000,0x0000,0x0000,0x0000,0x0000,0x0000,0x0000,0x0000,0x0A4C,0x1D3C,0x055E,0x0D5E,0x153E,0x153E,0x351B,
  0x11C9,0x0000,0x0020,0x0800,0x0000,0x0000,0x0000,0x0000,0x0000,0x0000,0x0000,0x0000,0x0000,0x0000,0x0000,0x0000,
  0x0000,0x28E3,0xD5B1,0xDE13,0x41C5,0x0000,0x5146,0x81C9,0x7967,0x6966,0x71A7,0x8209,0x7228,0x1020,0x1061,0xACAE,
  0xDDF0,0xD56E,0xD5B0,0x8BCC,0x0000,0x1862,0x61A6,0x6986,0x7187,0x69C7,0x30C3,0x0000,0x6B09,0xD612,0xD590,0xD5B0,
};

const uint16_t img_travaille[20480] PROGMEM = {
  0xFCA9,0xFC88,0xFC67,0xFC68,0xFC88,0xFC88,0xFC88,0xFC68,0xFC68,0xFC68,0xFC68,0xFC68,0xFC68,0xFC68,0xFC68,0xFC68,
  0xFC68,0xFC68,0xFC68,0xFC68,0xFC68,0xFC68,0xFC68,0xFC68,0xFC68,0xFC68,0xFC68,0xFC68,0xFC68,0xFC68,0xFC68,0xFC68,
  0xFC88,0xFC88,0xFC88,0xFC88,0xFC68,0xFC68,0xFC68,0xFC68,0xFC68,0xFC68,0xFC68,0xFC68,0xFC68,0xFC68,0xFC68,0xFC68,
  0xFC68,0xFC68,0xFC68,0xFC68,0xFC68,0xFC68,0xFC68,0xFC68,0xFC68,0xFC68,0xFC68,0xFC68,0xFC68,0xFC68,0xFC68,0xFC68,
  0xFC68,0xFC68,0xFC68,0xFC68,0xFC68,0xFC68,0xFC68,0xFC68,0xFC68,0xFC68,0xFC68,0xFC68,0xFC68,0xFC68,0xFC68,0xFC68,
  0xFC68,0xFC68,0xFC68,0xFC68,0xFC68,0xFC68,0xFC68,0xFC68,0xFC68,0xFC68,0xFC68,0xFC68,0xFC68,0xFC68,0xFC68,0xFC68,
  0xFC68,0xFC68,0xFC88,0xFC88,0xFC88,0xFC88,0xFC68,0xFC68,0xFC68,0xFC68,0xFC68,0xFC68,0xFC68,0xFC68,0xFC68,0xFC68,
  0xFC68,0xFC68,0xFC68,0xFC68,0xFC68,0xFC68,0xFC68,0xFC68,0xFC68,0xFC68,0xFC68,0xFC68,0xFC68,0xFC68,0xFC68,0xFC88,
  0xFC68,0xFC47,0xFC46,0xFC47,0xFC67,0xFC47,0xFC47,0xFC67,0xFC47,0xFC47,0xF447,0xFC47,0xFC47,0xFC46,0xFC46,0xFC46,
  0xFC46,0xFC46,0xFC46,0xFC46,0xFC46,0xFC46,0xFC46,0xFC47,0xFC47,0xFC47,0xFC47,0xFC47,0xFC47,0xFC47,0xFC47,0xFC47,
  0xFC47,0xFC47,0xFC47,0xFC47,0xFC47,0xFC47,0xFC47,0xFC47,0xFC47,0xFC47,0xFC47,0xFC46,0xFC46,0xFC46,0xFC46,0xFC46,
  0xFC46,0xFC46,0xFC46,0xFC46,0xFC46,0xFC46,0xFC46,0xFC47,0xFC47,0xFC47,0xFC47,0xFC47,0xFC47,0xFC47,0xFC47,0xFC47,
  0xFC47,0xFC47,0xFC47,0xFC47,0xFC47,0xFC47,0xFC47,0xFC47,0xFC47,0xFC47,0xFC47,0xFC47,0xFC47,0xFC47,0xFC47,0xFC47,
  0xFC47,0xFC47,0xFC47,0xFC47,0xFC47,0xFC47,0xFC47,0xFC47,0xFC47,0xFC47,0xFC47,0xFC47,0xFC47,0xFC47,0xFC47,0xFC47,
  0xFC47,0xFC47,0xFC47,0xFC47,0xFC47,0xFC47,0xFC47,0xFC47,0xFC47,0xFC47,0xFC47,0xFC47,0xFC47,0xFC47,0xFC47,0xFC47,
  0xFC46,0xFC46,0xFC46,0xFC46,0xFC46,0xFC46,0xFC46,0xFC46,0xFC46,0xFC46,0xFC46,0xFC47,0xFC47,0xFC47,0xFC47,0xFC47,
  0xFC67,0xFC68,0xFC87,0xFC67,0xFC67,0xFC68,0xFC68,0xFC68,0xFC88,0xFC67,0xFC67,0xFC67,0xFC67,0xFC67,0xFC67,0xFC67,
  0xFC67,0xFC67,0xFC67,0xFC67,0xFC67,0xFC67,0xFC67,0xFC67,0xFC67,0xFC67,0xFC67,0xFC67,0xFC87,0xFC87,0xFC87,0xFC87,
  0xFC87,0xFC87,0xFC87,0xFC87,0xFC87,0xFC67,0xFC67,0xFC67,0xFC67,0xFC67,0xFC67,0xFC67,0xFC67,0xFC67,0xFC67,0xFC67,
  0xFC67,0xFC67,0xFC67,0xFC67,0xFC67,0xFC87,0xFC87,0xFC87,0xFC67,0xFC67,0xFC67,0xFC67,0xFC67,0xFC67,0xFC67,0xFC67,
  0xFC67,0xFC67,0xFC67,0xFC87,0xFC87,0xFC67,0xFC87,0xFC87,0xFC88,0xFC87,0xFC87,0xFC87,0xFC87,0xFC67,0xFC67,0xFC67,
  0xFC67,0xFC67,0xFC87,0xFC87,0xFC87,0xFC87,0xFC87,0xFC87,0xFC67,0xFC67,0xFC87,0xFC87,0xFC87,0xFC87,0xFC67,0xFC67,
  0xFC67,0xFC67,0xFC67,0xFC67,0xFC67,0xFC87,0xFC67,0xFC67,0xFC87,0xFC87,0xFC87,0xFC87,0xFC87,0xFC87,0xFC67,0xFC67,
  0xFC67,0xFC67,0xFC67,0xFC67,0xFC67,0xFC67,0xFC67,0xFC67,0xFC67,0xFC67,0xFC67,0xFC67,0xFC67,0xFC87,0xFC67,0xFC67,
  0xFC26,0xFC47,0xF447,0xFC47,0xFC47,0xFC47,0xFC47,0xFC47,0xFC47,0xFC47,0xFC47,0xF447,0xF447,0xF447,0xF447,0xF447,
  0xF447,0xF447,0xF447,0xFC47,0xF447,0xF447,0xF447,0xF447,0xFC47,0xFC47,0xF447,0xF447,0xFC47,0xFC47,0xFC47,0xFC47,
  0xFC47,0xFC47,0xFC47,0xFC47,0xFC47,0xFC47,0xFC47,0xFC47,0xFC47,0xFC47,0xFC47,0xFC47,0xFC47,0xFC47,0xFC47,0xFC47,
  0xFC47,0xFC47,0xFC47,0xFC47,0xFC47,0xFC47,0xFC47,0xFC47,0xFC47,0xFC47,0xFC47,0xFC47,0xFC47,0xFC47,0xFC47,0xFC47,
  0xFC47,0xF447,0xF447,0xFC47,0xFC47,0xFC47,0xFC47,0xFC47,0xFC47,0xFC47,0xFC47,0xFC47,0xFC47,0xFC47,0xFC47,0xFC47,
  0xFC47,0xFC47,0xFC47,0xFC47,0xFC47,0xFC47,0xFC47,0xFC47,0xFC47,0xF447,0xFC47,0xFC47,0xFC47,0xFC47,0xFC47,0xFC47,
  0xFC47,0xFC47,0xFC47,0xFC47,0xFC47,0xFC47,0xF447,0xF447,0xFC47,0xFC47,0xFC47,0xFC47,0xFC47,0xFC47,0xFC47,0xFC47,
  0xFC47,0xF447,0xF447,0xF447,0xF447,0xF447,0xF447,0xF447,0xFC47,0xFC47,0xFC47,0xFC47,0xFC47,0xFC47,0xFC47,0xFC47,
  0xFC26,0xFC27,0xF467,0xFC87,0xFC87,0xFC87,0xFC87,0xFC87,0xFC87,0xFC87,0xFC67,0xFC47,0xFC47,0xFC47,0xFC47,0xFC47,
  0xFC47,0xFC47,0xFC47,0xFC47,0xFC67,0xFC67,0xFC67,0xFC67,0xFC67,0xFC67,0xFC67,0xFC67,0xFC67,0xFC67,0xFC67,0xFC67,
  0xFC67,0xFC67,0xFC67,0xFC67,0xFC67,0xFC67,0xFC47,0xFC47,0xFC47,0xFC47,0xFC47,0xFC47,0xFC47,0xFC47,0xFC47,0xFC47,
  0xFC47,0xFC47,0xFC47,0xFC47,0xFC47,0xFC67,0xFC67,0xFC47,0xFC67,0xFC67,0xFC67,0xFC67,0xFC47,0xFC47,0xFC47,0xFC47,
  0xFC47,0xFC47,0xFC47,0xFC67,0xFC67,0xFC67,0xFC67,0xFC67,0xFC67,0xFC67,0xFC67,0xFC67,0xFC67,0xFC47,0xFC47,0xFC47,
  0xFC47,0xFC47,0xFC67,0xFC67,0xFC67,0xFC67,0xFC67,0xFC67,0xFC47,0xFC47,0xFC67,0xFC67,0xFC67,0xFC67,0xFC47,0xFC47,
  0xFC47,0xFC47,0xFC47,0xFC67,0xFC67,0xFC67,0xFC47,0xFC47,0xFC47,0xFC67,0xFC67,0xFC67,0xFC67,0xFC67,0xFC67,0xFC67,
  0xFC67,0xFC67,0xFC67,0xFC67,0xFC67,0xFC67,0xFC67,0xFC47,0xFC47,0xFC67,0xFC67,0xFC47,0xFC67,0xFC67,0xFC47,0xFC47,
  0xFC27,0xFC27,0xF447,0xEC48,0xD44A,0xDC6A,0xE44A,0xE46A,0xDC4A,0xDC4A,0xEC68,0xFC47,0xFC47,0xFC66,0xFC66,0xFC47,
  0xFC47,0xFC67,0xFC67,0xFC67,0xFC67,0xFC67,0xFC67,0xFC67,0xFC67,0xFC67,0xFC67,0xFC67,0xFC67,0xFC47,0xFC47,0xFC47,
  0xFC47,0xFC47,0xFC67,0xFC67,0xFC67,0xFC67,0xFC67,0xFC67,0xFC67,0xFC47,0xFC46,0xFC46,0xFC47,0xFC46,0xFC46,0xFC47,
  0xFC66,0xFC66,0xFC66,0xFC47,0xFC67,0xFC47,0xFC47,0xFC66,0xFC47,0xFC67,0xFC67,0xFC47,0xFC47,0xFC47,0xFC47,0xFC47,
  0xFC47,0xFC47,0xFC47,0xFC47,0xFC47,0xFC47,0xFC47,0xFC47,0xFC47,0xFC47,0xFC47,0xFC47,0xFC47,0xFC47,0xFC47,0xFC47,
  0xFC47,0xFC47,0xFC67,0xFC67,0xFC67,0xFC67,0xFC67,0xFC67,0xFC67,0xFC67,0xFC67,0xFC67,0xFC67,0xFC47,0xFC67,0xFC67,
  0xFC67,0xFC67,0xFC47,0xFC47,0xFC47,0xFC47,0xFC47,0xFC47,0xFC47,0xFC47,0xFC47,0xFC47,0xFC47,0xFC47,0xFC47,0xFC47,
  0xFC47,0xFC47,0xFC47,0xFC47,0xFC47,0xFC47,0xFC47,0xFC47,0xFC47,0xFC47,0xFC47,0xFC47,0xFC47,0xFC47,0xFC47,0xFC47,
  0xFC27,0xF446,0xF467,0xAAE4,0x2020,0x2040,0x2820,0x2040,0x2020,0x2820,0xB326,0xFC69,0xFC26,0xFC66,0xFC66,0xFC47,
  0xFC47,0xF468,0xFC67,0xFC66,0xF467,0xFC67,0xFC67,0xFC67,0xFC67,0xFC67,0xFC67,0xFC67,0xFC67,0xFC67,0xFC47,0xFC47,
  0xFC47,0xFC47,0xFC47,0xFC47,0xFC46,0xFC47,0xFC47,0xFC47,0xFC67,0xFC67,0xFC47,0xFC47,0xFC47,0xF447,0xF467,0xFC47,
  0xFC46,0xF466,0xFC47,0xFC47,0xFC66,0xFC47,0xFC47,0xFC66,0xFC66,0xFC46,0xFC66,0xFC46,0xFC46,0xFC47,0xFC47,0xFC47,
  0xFC47,0xFC47,0xFC67,0xFC67,0xFC67,0xFC47,0xFC47,0xFC47,0xFC47,0xFC67,0xFC67,0xFC67,0xFC67,0xFC47,0xFC47,0xFC47,
  0xFC47,0xFC47,0xFC47,0xFC47,0xFC47,0xFC47,0xFC47,0xFC47,0xFC47,0xFC47,0xFC47,0xFC47,0xFC47,0xFC47,0xFC67,0xFC67,
  0xFC67,0xFC67,0xFC47,0xFC47,0xFC47,0xFC47,0xFC47,0xFC47,0xFC47,0xFC47,0xFC47,0xFC47,0xFC47,0xFC47,0xFC47,0xFC47,
  0xFC47,0xFC47,0xFC67,0xFC67,0xFC67,0xFC67,0xFC67,0xFC47,0xFC47,0xFC47,0xFC67,0xFC47,0xFC47,0xFC47,0xFC47,0xFC47,
  0xE449,0xE448,0xE48A,0x9B27,0x0000,0x0000,0x0000,0x0000,0x0000,0x0800,0x9328,0xF4CC,0xEC69,0xEC89,0xEC8A,0xEC8A,
  0xEC6A,0xEC8B,0xF48A,0xFC68,0xFC87,0xFC87,0xFC68,0xFC67,0xFC67,0xFC67,0xFC67,0xFC67,0xFC47,0xFC47,0xFC47,0xFC47,
  0xFC67,0xFC67,0xFC67,0xFC67,0xFC67,0xFC67,0xFC67,0xFC66,0xFC66,0xFC67,0xFC67,0xFC67,0xFC47,0xFC67,0xFC68,0xF449,
  0xEC8A,0xE48A,0xEC6B,0xEC6A,0xFC48,0xFC47,0xFC47,0xFC47,0xFC67,0xFC67,0xFC67,0xFC67,0xFC67,0xFC67,0xFC67,0xFC67,
  0xFC67,0xFC67,0xFC67,0xFC67,0xFC67,0xFC67,0xFC67,0xFC67,0xFC67,0xFC67,0xFC67,0xFC67,0xFC67,0xFC67,0xFC67,0xFC67,
  0xFC67,0xFC67,0xFC67,0xFC67,0xFC67,0xFC67,0xFC67,0xFC67,0xFC67,0xFC67,0xFC67,0xFC67,0xFC67,0xFC67,0xFC67,0xFC67,
  0xFC67,0xFC67,0xFC67,0xFC67,0xFC67,0xFC67,0xFC67,0xFC67,0xFC67,0xFC67,0xFC67,0xFC67,0xFC67,0xFC67,0xFC67,0xFC67,
  0xFC67,0xFC67,0xFC67,0xFC67,0xFC67,0xFC67,0xFC67,0xFC67,0xFC67,0xFC67,0xFC67,0xFC67,0xFC67,0xFC67,0xFC67,0xFC67,
  0x4122,0x4122,0x4122,0x30E2,0x0000,0x1861,0x69E7,0x6A07,0x1881,0x0000,0x30E2,0x4943,0x4942,0x4942,0x4942,0x4942,
  0x4942,0x4122,0x5983,0xDC29,0xFC87,0xFC67,0xFC67,0xFC47,0xFC47,0xFC46,0xFC46,0xFC46,0xFC26,0xFC26,0xFC26,0xFC27,
  0xFC27,0xFC27,0xFC47,0xFC47,0xFC46,0xF447,0xF467,0xFC66,0xFC46,0xFC67,0xFC67,0xFC46,0xFC45,0xFC66,0xFC68,0xBB87,
  0x4142,0x4142,0x4122,0x5962,0xCBC7,0xFC67,0xFC46,0xFC27,0xFC27,0xFC47,0xFC47,0xF468,0xFC67,0xFC47,0xFC47,0xFC47,
  0xFC47,0xFC47,0xFC47,0xFC47,0xFC47,0xFC47,0xFC47,0xFC47,0xFC47,0xFC47,0xFC47,0xFC47,0xFC47,0xFC47,0xFC47,0xFC47,
  0xFC47,0xFC47,0xFC47,0xFC47,0xFC47,0xFC47,0xFC47,0xFC47,0xFC47,0xFC47,0xFC47,0xFC47,0xFC47,0xFC47,0xFC47,0xFC47,
  0xFC47,0xFC47,0xFC47,0xFC47,0xFC47,0xFC47,0xFC47,0xFC47,0xFC47,0xFC47,0xFC47,0xFC47,0xFC47,0xFC47,0xFC47,0xFC47,
  0xFC47,0xFC47,0xFC47,0xFC47,0xFC47,0xFC47,0xFC47,0xFC47,0xFC47,0xFC47,0xFC47,0xFC47,0xFC47,0xFC47,0xFC47,0xFC47,
  0x0000,0x0000,0x0000,0x0000,0x0000,0x2082,0x9208,0x9A48,0x2882,0x0000,0x0000,0x0000,0x0000,0x0000,0x0000,0x0000,
  0x0000,0x0000,0x1841,0xCC2B,0xFCA9,0xF4A9,0xF4CA,0xF4A9,0xFCA9,0xF488,0xFC47,0xFC47,0xFC67,0xFC67,0xFC67,0xFC67,
  0xFC47,0xFC67,0xFC47,0xFC47,0xFC67,0xFC68,0xFC68,0xFC67,0xFC67,0xFC68,0xFC68,0xFC67,0xFC87,0xF489,0xFCEC,0xA389,
  0x0020,0x0000,0x0000,0x1840,0xBBA7,0xFCA8,0xF488,0xF4A9,0xF4AA,0xFCA9,0xFC89,0xFC68,0xFC67,0xFC67,0xFC67,0xFC67,
  0xFC67,0xFC67,0xFC67,0xFC67,0xFC67,0xFC67,0xFC67,0xFC67,0xFC67,0xFC67,0xFC67,0xFC67,0xFC67,0xFC67,0xFC67,0xFC67,
  0xFC67,0xFC67,0xFC67,0xFC67,0xFC67,0xFC67,0xFC67,0xFC67,0xFC67,0xFC67,0xFC67,0xFC67,0xFC67,0xFC67,0xFC67,0xFC67,
  0xFC67,0xFC67,0xFC67,0xFC67,0xFC67,0xFC67,0xFC67,0xFC67,0xFC67,0xFC67,0xFC67,0xFC67,0xFC67,0xFC67,0xFC67,0xFC67,
  0xFC67,0xFC67,0xFC67,0xFC67,0xFC67,0xFC67,0xFC67,0xFC67,0xFC67,0xFC67,0xFC67,0xFC67,0xFC67,0xFC67,0xFC67,0xFC67,
  0x7C0B,0x73C9,0x7BCA,0x4A87,0x0000,0x2061,0x99E8,0xA208,0x2882,0x0000,0x31E6,0x5329,0x4AE8,0x52E8,0x52E8,0x5308,
  0x4267,0x0860,0x1861,0xCC0B,0xF48A,0x9264,0x59A4,0x59C4,0x61A4,0x9AA5,0xEC27,0xF426,0xFC26,0xFC26,0xFC26,0xFC27,
  0xFC26,0xFC27,0xFC27,0xFC27,0xFC47,0xFC47,0xFC27,0xFC26,0xFC26,0xFC26,0xFC27,0xFC26,0xFC49,0xAB07,0x61A5,0x62A7,
  0x5BA9,0x5308,0x0861,0x1860,0xBBA8,0xEC68,0x8A03,0x59C4,0x61C4,0x59A4,0xA2E6,0xFC47,0xFC46,0xF446,0xF446,0xFC46,
  0xFC47,0xFC46,0xFC46,0xFC46,0xFC46,0xFC46,0xFC47,0xFC47,0xFC47,0xFC46,0xFC46,0xFC46,0xFC46,0xFC46,0xFC46,0xFC46,
  0xFC46,0xFC46,0xFC47,0xFC47,0xFC47,0xFC46,0xFC47,0xFC47,0xFC47,0xFC47,0xFC47,0xFC47,0xFC47,0xFC47,0xFC46,0xFC46,
  0xFC46,0xFC46,0xFC46,0xFC46,0xFC46,0xFC46,0xFC46,0xFC46,0xFC46,0xFC46,0xFC46,0xFC46,0xFC46,0xFC46,0xFC46,0xFC46,
  0xFC46,0xFC46,0xFC47,0xFC47,0xFC47,0xFC47,0xFC47,0xFC47,0xFC46,0xFC46,0xFC46,0xFC46,0xFC46,0xFC46,0xFC46,0xFC46,
  0xC62F,0xBDCC,0xC5ED,0x73C9,0x0000,0x2861,0x9A08,0x9A48,0x3082,0x0000,0x5307,0x7CCB,0x748A,0x74AB,0x6C8A,0x74AB,
  0x638A,0x0060,0x1061,0xC42B,0xF4CC,0x5141,0x0000,0x0000,0x0000,0x61C4,0xF4EB,0xFCA9,0xFC68,0xFC68,0xFC67,0xFC67,
  0xFC67,0xFC67,0xFC67,0xFC67,0xFC68,0xFC47,0xFC67,0xFCC9,0xFCC9,0xFCC9,0xFCC9,0xFCA9,0xFCEC,0x8267,0x0000,0x2A24,
  0x7D6D,0x6CAB,0x08A1,0x1840,0xC42B,0xECEC,0x3880,0x0000,0x0000,0x0000,0x6204,0xFD0B,0xFCA8,0xFC67,0xFC67,0xFC67,
  0xFC67,0xFC67,0xFC67,0xFC67,0xFC67,0xFC67,0xFC67,0xFC67,0xFC67,0xFC67,0xFC67,0xFC67,0xFC67,0xFC67,0xFC67,0xFC67,
  0xFC67,0xFC67,0xFC67,0xFC67,0xFC67,0xFC67,0xFC67,0xFC67,0xFC67,0xFC67,0xFC67,0xFC67,0xFC67,0xFC67,0xFC67,0xFC67,
  0xFC67,0xFC67,0xFC67,0xFC67,0xFC67,0xFC67,0xFC67,0xFC67,0xFC67,0xFC67,0xFC67,0xFC67,0xFC67,0xFC67,0xFC67,0xFC67,
  0xFC67,0xFC67,0xFC67,0xFC67,0xFC67,0xFC67,0xFC67,0xFC67,0xFC67,0xFC67,0xFC67,0xFC67,0xFC67,0xFC67,0xFC67,0xFC67,
  0xA52A,0x9CC8,0xA4CA,0x6348,0x0000,0x2861,0x9A08,0xA248,0x28A2,0x0000,0x42C6,0x6C4A,0x6428,0x5C28,0x5C28,0x6428,
  0x5328,0x0861,0x1040,0x92E8,0xB328,0x4122,0x0041,0x10E5,0x2967,0x5228,0x8B29,0xA327,0xF427,0xF447,0xF447,0xF447,
  0xF446,0xFC46,0xFC26,0xFC26,0xFC46,0xF426,0xDC07,0xA327,0x8B29,0x9328,0x9B28,0x9328,0x934A,0x49C5,0x0000,0x3244,
  0x6D0A,0x5C49,0x08A1,0x1040,0x7AC8,0x936A,0x5204,0x21C3,0x2A04,0x21C3,0x5AA6,0x8B49,0xAB47,0xF467,0xFC47,0xFC46,
  0xFC46,0xFC46,0xFC46,0xFC46,0xFC26,0xFC26,0xFC46,0xFC46,0xFC46,0xFC46,0xFC46,0xFC46,0xFC46,0xFC46,0xFC46,0xFC46,
  0xFC46,0xFC46,0xFC46,0xFC46,0xFC46,0xFC46,0xFC46,0xFC46,0xFC46,0xFC46,0xFC46,0xFC46,0xFC46,0xFC46,0xFC26,0xFC46,
  0xFC46,0xFC46,0xFC46,0xFC46,0xFC46,0xFC46,0xFC46,0xFC47,0xFC46,0xFC46,0xFC46,0xFC46,0xFC46,0xFC46,0xFC46,0xFC46,
  0xFC46,0xFC46,0xFC46,0xFC46,0xFC46,0xFC46,0xFC46,0xFC26,0xFC26,0xFC26,0xFC26,0xFC46,0xFC46,0xFC46,0xFC46,0xFC26,
  0x8427,0x7BE6,0x8428,0x5AC6,0x0000,0x2862,0xA269,0xAA89,0x30C2,0x0000,0x4AE7,0x748B,0x6429,0x6449,0x5C29,0x6C49,
  0x5B49,0x0861,0x0800,0x40E1,0x50E0,0x28E2,0x08C4,0x3A6C,0x7496,0x426C,0x0000,0x2061,0xEC89,0xFC88,0xFC88,0xFC88,
  0xFC67,0xFC67,0xFC67,0xFC67,0xFC46,0xFCA9,0xBBC8,0x0800,0x0000,0x0000,0x0000,0x0000,0x0000,0x0000,0x0000,0x3A44,
  0x7D8C,0x6CAB,0x10A1,0x0000,0x0000,0x0000,0x63C9,0x858C,0x7D2B,0x8D8C,0x4B26,0x0000,0x30E2,0xFC88,0xFC67,0xFC47,
  0xFC67,0xFC67,0xFC67,0xFC67,0xFC67,0xFC67,0xFC67,0xFC67,0xFC67,0xFC67,0xFC67,0xFC67,0xFC67,0xFC67,0xFC67,0xFC67,
  0xFC67,0xFC67,0xFC67,0xFC67,0xFC67,0xFC67,0xFC67,0xFC67,0xFC67,0xFC67,0xFC67,0xFC67,0xFC67,0xFC67,0xFC67,0xFC67,
  0xFC67,0xFC67,0xFC88,0xFC88,0xFC68,0xFC88,0xFC67,0xFC66,0xFC67,0xFC67,0xFC67,0xFC67,0xFC67,0xFC67,0xFC67,0xFC67,
  0xFC67,0xFC67,0xFC67,0xFC67,0xFC67,0xFC67,0xFC67,0xFC67,0xFC67,0xFC67,0xFC67,0xFC67,0xFC67,0xFC67,0xFC67,0xFC67,
  0xA4A8,0x9486,0x9CC8,0x7346,0x0000,0x2882,0xA268,0xAA68,0x38A2,0x0000,0x42E7,0x6C6A,0x6429,0x6429,0x6408,0x6C29,
  0x5329,0x0862,0x0000,0x28E2,0x38E2,0x20A2,0x0882,0x324D,0x6456,0x3A8C,0x0020,0x30C2,0xEC8A,0xFC67,0xFC67,0xFC67,
  0xFC67,0xFC67,0xFC67,0xFC67,0xE448,0xC3E9,0x9B89,0x2962,0x1922,0x2142,0x2142,0x0881,0x0020,0x0020,0x0000,0x3244,
  0x6D4A,0x5C49,0x08A1,0x0020,0x1943,0x1982,0x5407,0x754A,0x5C69,0x5BC8,0x52A6,0x30E2,0x6A04,0xF447,0xFC46,0xF426,
  0xFC46,0xFC46,0xFC46,0xFC46,0xFC46,0xFC47,0xFC47,0xFC47,0xFC47,0xFC47,0xFC47,0xFC47,0xFC47,0xFC47,0xFC47,0xFC47,
  0xFC47,0xFC47,0xFC47,0xFC47,0xFC47,0xFC67,0xFC47,0xFC47,0xFC47,0xFC47,0xFC47,0xFC47,0xFC47,0xFC67,0xFC47,0xFC27,
  0xFC27,0xF468,0xCBE8,0xB3A9,0xBBA9,0xBBA9,0xDC08,0xF466,0xFC47,0xFC68,0xFC47,0xFC47,0xFC47,0xFC47,0xFC47,0xFC47,
  0xFC47,0xFC47,0xFC47,0xFC47,0xFC47,0xFC47,0xFC47,0xFC47,0xFC47,0xFC47,0xFC47,0xFC47,0xFC47,0xFC47,0xFC47,0xFC47,
  0xEE8E,0xDE4B,0xE68D,0x9C6A,0x0000,0x2861,0xA268,0xAA68,0x38A2,0x0000,0x42E7,0x6C6A,0x6429,0x6429,0x6428,0x6C29,
  0x5349,0x0862,0x0000,0x0000,0x0000,0x0000,0x0000,0x29EB,0x6436,0x328C,0x0000,0x28A1,0xF4AA,0xFCA7,0xFC66,0xFC87,
  0xFC87,0xFC67,0xFC67,0xFCA8,0xBBA7,0x1860,0x2121,0x746B,0x6CCA,0x64A9,0x748B,0x2984,0x0000,0x0020,0x0000,0x3265,
  0x7D8C,0x6C8A,0x0880,0x00A0,0x644A,0x754C,0x6D09,0x7D4B,0x3B26,0x0020,0x51E5,0xDC8B,0xEC48,0xFC47,0xFC67,0xFC67,
  0xFC67,0xFC47,0xFC47,0xFC47,0xFC47,0xFC47,0xFC47,0xFC47,0xFC47,0xFC47,0xFC47,0xFC47,0xFC47,0xFC47,0xFC67,0xFC67,
  0xFC67,0xFC67,0xFC67,0xFC67,0xFC67,0xFC67,0xFC67,0xFC67,0xFC67,0xFC67,0xFC47,0xFC47,0xFC47,0xFC67,0xFC67,0xFC47,
  0xFC68,0xF489,0x61C3,0x0800,0x1040,0x0800,0x7205,0xFCC9,0xFC86,0xFC67,0xFC67,0xFC67,0xFC67,0xFC47,0xFC47,0xFC67,
  0xFC67,0xFC67,0xFC67,0xFC67,0xFC67,0xFC67,0xFC67,0xFC47,0xFC47,0xFC47,0xFC47,0xFC47,0xFC47,0xFC47,0xFC47,0xFC47,
  0xE66D,0xD60B,0xE66D,0x944A,0x0000,0x2882,0xA248,0xAA68,0x38A2,0x0000,0x42C7,0x6C4A,0x6408,0x6429,0x6408,0x6429,
  0x5328,0x0861,0x0000,0x2061,0x2062,0x0821,0x0000,0x29EA,0x6435,0x3AAE,0x0083,0x3124,0xC44C,0xD428,0xF467,0xFC88,
  0xFC68,0xFC67,0xFC67,0xFCA8,0xC3A7,0x38C1,0x2943,0x63CA,0x5428,0x5468,0x6CAB,0x2A24,0x08A1,0x0881,0x0000,0x3225,
  0x7D2D,0x6C6B,0x1101,0x1141,0x5C89,0x756B,0x648A,0x746B,0x4AA5,0x2060,0x7A03,0xF448,0xFC26,0xFC47,0xFC47,0xFC67,
  0xFC47,0xFC47,0xFC47,0xFC47,0xFC47,0xFC47,0xFC47,0xFC47,0xFC47,0xFC47,0xFC47,0xFC47,0xFC47,0xFC47,0xFC67,0xFC67,
  0xFC67,0xFC67,0xFC47,0xFC47,0xFC47,0xFC47,0xFC47,0xFC47,0xFC47,0xFC47,0xFC67,0xFC67,0xFC67,0xFC67,0xFC47,0xFC48,
  0xDC08,0xC40A,0x61C5,0x2061,0x2081,0x1860,0x71E6,0xD4AC,0xDC68,0xF467,0xFC66,0xFC66,0xFC67,0xFC47,0xFC47,0xFC47,
  0xFC47,0xFC47,0xFC47,0xFC47,0xFC47,0xFC47,0xFC47,0xFC47,0xFC47,0xFC47,0xFC47,0xFC47,0xFC47,0xFC47,0xFC47,0xFC47,
  0x9C87,0x8C46,0x9488,0x6B05,0x0000,0x2882,0xA268,0xAA69,0x38A2,0x0000,0x42A7,0x6C4A,0x5C08,0x6408,0x5C08,0x6429,
  0x5328,0x0861,0x1020,0x8A68,0xAAEB,0x38E3,0x0000,0x29EA,0x53B4,0x5393,0x5B92,0x530F,0x1081,0x30A1,0xCBE8,0xFCA8,
  0xFC68,0xFC67,0xFC67,0xFC67,0xEC48,0xDC4A,0xA3AA,0x20C2,0x08C1,0x4BA7,0x5C89,0x5C49,0x644B,0x3A46,0x0000,0x19A3,
  0x4387,0x4BA7,0x53A8,0x53C8,0x5C68,0x6489,0x1982,0x10A1,0x59E4,0xCC2B,0xDC08,0xF447,0xFC27,0xFC46,0xFC46,0xFC47,
  0xFC47,0xFC47,0xFC47,0xFC47,0xFC47,0xFC47,0xFC47,0xFC47,0xFC47,0xFC47,0xFC47,0xFC47,0xFC47,0xFC47,0xFC46,0xFC46,
  0xFC46,0xFC47,0xFC47,0xFC47,0xFC47,0xFC47,0xFC67,0xFC67,0xFC67,0xFC67,0xFC67,0xFC67,0xFC67,0xFC47,0xFC68,0xEC29,
  0x5983,0x20A2,0x9288,0xCB4A,0xC308,0xC34A,0x8A46,0x28A2,0x5163,0xE469,0xFC87,0xFC67,0xFC67,0xFC47,0xFC47,0xFC47,
  0xFC47,0xFC47,0xFC47,0xFC47,0xFC47,0xFC47,0xFC47,0xFC47,0xFC47,0xFC47,0xFC47,0xFC47,0xFC47,0xFC47,0xFC47,0xFC47,
  0x8C47,0x7C06,0x8428,0x62C5,0x0000,0x2882,0xAA89,0xB2A9,0x38A2,0x0000,0x42A6,0x6C4A,0x6408,0x6429,0x6428,0x6C29,
  0x5B49,0x0861,0x1040,0xA267,0xCAA8,0x48E2,0x0000,0x29CA,0x5B94,0x5394,0x5BF5,0x4B30,0x0000,0x1020,0xC3A7,0xFC87,
  0xF467,0xF467,0xFC47,0xFC47,0xFC47,0xFC68,0xCBC7,0x0800,0x0000,0x5BA8,0x64CA,0x5487,0x64A9,0x3A85,0x0000,0x2183,
  0x4366,0x3B86,0x4BC6,0x4BA6,0x6469,0x6C4A,0x0060,0x0000,0x61A2,0xFCA9,0xFC67,0xFC67,0xFC47,0xFC67,0xFC67,0xFC67,
  0xFC67,0xFC67,0xFC67,0xFC67,0xFC67,0xFC47,0xFC67,0xFC67,0xFC67,0xFC67,0xFC67,0xFC67,0xFC67,0xFC67,0xFC67,0xFC67,
  0xFC67,0xFC67,0xFC67,0xFC67,0xFC67,0xFC67,0xFC67,0xFC67,0xFC67,0xFC67,0xFC67,0xFC67,0xFC67,0xFC67,0xFC67,0xE468,
  0x38E1,0x0000,0xA287,0xF3AA,0xE2E7,0xF349,0x9204,0x0000,0x28E2,0xDCAC,0xF4CA,0xF488,0xF486,0xFC67,0xFC67,0xFC67,
  0xFC67,0xFC67,0xFC67,0xFC67,0xFC67,0xFC67,0xFC67,0xFC67,0xFC67,0xFC67,0xFC67,0xFC67,0xFC67,0xFC67,0xFC67,0xFC67,
  0xAD0A,0x9CA8,0xA50A,0x7367,0x0000,0x2862,0xA268,0xAA89,0x38A2,0x0000,0x42A6,0x6429,0x5BE8,0x5BE8,0x5C08,0x6408,
  0x5328,0x0861,0x1820,0xAA47,0xC287,0x48C1,0x0000,0x29A9,0x5373,0x4B73,0x4BB4,0x42EF,0x0000,0x1820,0xC387,0xFC46,
  0xF446,0xFC46,0xFC46,0xFC26,0xF446,0xF447,0xE447,0x9AE7,0x8308,0x39E5,0x29C4,0x5C28,0x7D4B,0x3AA6,0x0000,0x29E4,
  0x5C09,0x4BE7,0x5C88,0x5C48,0x3245,0x2984,0x6266,0x82C7,0xBB66,0xF467,0xF446,0xFC47,0xFC47,0xFC47,0xFC47,0xFC47,
  0xFC47,0xFC46,0xFC46,0xFC46,0xFC46,0xFC46,0xFC26,0xFC46,0xFC46,0xFC46,0xFC46,0xFC46,0xFC46,0xFC46,0xFC46,0xFC46,
  0xFC46,0xFC46,0xFC46,0xFC46,0xFC46,0xFC46,0xFC46,0xFC46,0xFC46,0xFC46,0xFC46,0xFC47,0xFC47,0xFC47,0xFC47,0xEC67,
  0xAB27,0x8AE8,0x7246,0x5144,0x99E4,0xE307,0x91C4,0x0800,0x1041,0x4965,0x69A4,0xDC28,0xFC66,0xF447,0xFC27,0xFC47,
  0xFC47,0xFC47,0xFC47,0xFC47,0xFC47,0xFC47,0xFC47,0xFC26,0xFC26,0xFC26,0xFC26,0xFC26,0xFC26,0xFC26,0xFC26,0xFC46,
  0xBD8C,0xB54A,0xBD8C,0x7BC8,0x0000,0x2882,0xA268,0xAA69,0x38A2,0x0000,0x4AC7,0x6C4A,0x6429,0x6429,0x6429,0x6C6A,
  0x5B69,0x0881,0x2020,0xB268,0xD2E9,0x48E3,0x0000,0x29C9,0x63B2,0x53B2,0x53B4,0x4B10,0x0000,0x1020,0xBBC9,0xF4AA,
  0xF468,0xFC67,0xFC67,0xFC67,0xFC87,0xFCA8,0xFCC8,0xFD6C,0xED6F,0x20A2,0x0000,0x63EA,0x8D6E,0x42A6,0x0000,0x3205,
  0x642A,0x5C09,0x74EB,0x748B,0x1102,0x0000,0xABEB,0xFD4D,0xF4CA,0xF488,0xF487,0xFC67,0xFC87,0xFC67,0xFC67,0xFC67,
  0xFC67,0xFC67,0xFC67,0xFC67,0xFC67,0xFC67,0xFC67,0xFC67,0xFC67,0xFC67,0xFC67,0xFC67,0xFC67,0xFC67,0xFC67,0xFC67,
  0xFC67,0xFC67,0xFC67,0xFC67,0xFC67,0xFC67,0xFC67,0xFC67,0xFC67,0xFC67,0xFC67,0xFC67,0xFC67,0xFC88,0xFC8A,0xFCEA,
  0xFD2B,0xFD8F,0x6A67,0x0000,0x8163,0xEB49,0x99C4,0x1800,0x0000,0x0000,0x1840,0xCC4A,0xFCA9,0xFC68,0xFC67,0xFC67,
  0xFC67,0xFC67,0xFC67,0xFC67,0xFC67,0xFC67,0xFC67,0xFC67,0xFC67,0xFC67,0xFC67,0xFC67,0xFC67,0xFC67,0xFC67,0xFC67,
  0xB54A,0xA509,0xAD2A,0x7367,0x0000,0x2081,0x9A27,0xA228,0x3082,0x0000,0x4286,0x6C29,0x5C08,0x6409,0x6408,0x6449,
  0x5B69,0x0881,0x2040,0xB247,0xCAA8,0x48E3,0x0000,0x10C4,0x2187,0x326C,0x5394,0x4B32,0x21EB,0x3A0A,0x5A26,0x61E4,
  0xC3A7,0xFC47,0xF426,0xFC46,0xFC27,0xFC69,0xDBE7,0x7A04,0x6205,0x1081,0x0040,0x29A4,0x3246,0x1903,0x0000,0x10E3,
  0x2A05,0x21E4,0x2A05,0x29E5,0x0882,0x0000,0x4984,0x71E5,0x71E5,0x69C4,0xA306,0xF468,0xFC46,0xFC46,0xFC46,0xFC46,
  0xFC46,0xFC47,0xFC47,0xFC47,0xFC47,0xFC46,0xFC46,0xFC46,0xFC46,0xFC46,0xFC46,0xFC46,0xFC46,0xFC46,0xFC46,0xFC46,
  0xFC46,0xFC46,0xFC46,0xFC46,0xFC46,0xFC46,0xFC26,0xFC26,0xFC26,0xFC46,0xFC47,0xFC46,0xFC67,0xDBC6,0x8A65,0x7265,
  0x7264,0x7286,0x3144,0x0800,0x8143,0xE309,0xBA45,0x7963,0x5944,0x0820,0x0860,0x51E6,0x7A05,0xD3A7,0xFC47,0xFC26,
  0xFC47,0xFC47,0xFC47,0xFC47,0xFC47,0xFC47,0xFC47,0xFC47,0xFC47,0xFC47,0xFC47,0xFC47,0xFC47,0xFC27,0xFC46,0xFC47,
  0xB56B,0xAD29,0xB54B,0x7388,0x0000,0x2081,0xA248,0xA248,0x3082,0x0000,0x4AA7,0x6C6A,0x6449,0x6469,0x6C49,0x6C6A,
  0x5B89,0x0881,0x2041,0xB288,0xD309,0x4903,0x0000,0x0001,0x0000,0x2167,0x5BB4,0x4BB5,0x5BF5,0x5BB2,0x10C4,0x0000,
  0xAB46,0xFCA8,0xFC47,0xFC67,0xFC67,0xFCA9,0xBB87,0x1000,0x0000,0x0000,0x0000,0x0000,0x0000,0x0000,0x0000,0x0000,
  0x0000,0x0000,0x0000,0x0000,0x0000,0x0000,0x0000,0x0000,0x0000,0x0000,0x69E4,0xF4A8,0xFC67,0xFC67,0xFC67,0xFC67,
  0xFC67,0xFC67,0xFC67,0xFC67,0xFC67,0xFC67,0xFC67,0xFC67,0xFC67,0xFC67,0xFC67,0xFC67,0xFC67,0xFC67,0xFC67,0xFC67,
  0xFC67,0xFC67,0xFC67,0xFC67,0xFC67,0xFC68,0xFC67,0xFC46,0xFC66,0xFC67,0xFC47,0xFC68,0xFCEB,0xBB88,0x1000,0x0000,
  0x0000,0x0000,0x0000,0x0800,0x7184,0xE309,0xE2A7,0xEAC8,0xAA67,0x1020,0x0000,0x0000,0x0000,0xB369,0xFCCB,0xFC88,
  0xFC87,0xFC67,0xFC67,0xFC67,0xFC67,0xFC67,0xFC67,0xFC67,0xFC87,0xFC67,0xFC67,0xFC67,0xFC67,0xFC67,0xFC67,0xFC67,
  0xAD0A,0x9CC8,0xA50A,0x7368,0x0000,0x2061,0x9A28,0xA248,0x3082,0x0000,0x4286,0x6C29,0x5C08,0x6428,0x6408,0x6449,
  0x5368,0x0080,0x2040,0xB267,0xCAC8,0x48E2,0x0000,0x0020,0x0000,0x2186,0x5392,0x4393,0x4B73,0x5371,0x10E6,0x0800,
  0xAB46,0xFC87,0xFC46,0xFC67,0xFC67,0xF489,0xC388,0x1820,0x0840,0x3123,0x4143,0x4944,0x4944,0x4144,0x4144,0x4144,
  0x4944,0x4964,0x4964,0x4964,0x4944,0x4944,0x4964,0x4964,0x28E3,0x0000,0x6A04,0xEC88,0xF466,0xFC47,0xFC47,0xFC47,
  0xFC46,0xFC46,0xFC46,0xFC46,0xFC46,0xFC46,0xFC46,0xFC46,0xFC46,0xFC47,0xFC46,0xFC46,0xFC46,0xFC46,0xFC46,0xFC46,
  0xFC46,0xFC46,0xFC46,0xFC46,0xFC46,0xFC46,0xFC46,0xFC46,0xF446,0xFC26,0xFC47,0xCBA6,0x6A03,0x6205,0x59C5,0x61C5,
  0x5984,0x6185,0x28C2,0x0000,0x48E2,0x8184,0xA9C5,0xE267,0xAA06,0x1800,0x0021,0x4945,0x59A5,0x69C5,0x69A3,0xB367,
  0xF489,0xF447,0xF447,0xFC47,0xFC46,0xF447,0xF447,0xFC46,0xFC46,0xFC46,0xFC46,0xFC46,0xFC46,0xFC46,0xFC46,0xFC46,
  0xB54A,0xA508,0xAD2B,0x7368,0x0000,0x2061,0x9A48,0xA249,0x3082,0x0000,0x42A7,0x6C6A,0x6449,0x6449,0x6449,0x6C8A,
  0x5B89,0x0881,0x2040,0xBA88,0xD309,0x48E2,0x0000,0x0020,0x0000,0x2187,0x5BD4,0x53D5,0x53B4,0x5BB2,0x1105,0x0800,
  0xB387,0xFCC8,0xFC66,0xFC87,0xFC86,0xFCA8,0xC388,0x1000,0x1061,0x8B2A,0xAB6C,0xAB2A,0xAB0A,0xAB0A,0xAB0A,0xAB2A,
  0xAB2A,0xB32A,0xB32A,0xB32A,0xB32A,0xAB6A,0xAB6A,0xB3EC,0x6207,0x0000,0x6205,0xF4C9,0xFC87,0xFC67,0xFC67,0xFC67,
  0xFC67,0xFC67,0xFC67,0xFC67,0xFC67,0xFC67,0xFC67,0xFC67,0xFC67,0xFC67,0xFC67,0xFC67,0xFC67,0xFC67,0xFC67,0xFC67,
  0xFC67,0xFC67,0xFC67,0xFC67,0xFC67,0xFC67,0xFC67,0xFC66,0xFC67,0xFC67,0xFC88,0xAB47,0x0000,0x30C1,0xDC49,0xF42A,
  0xE327,0xDB4B,0x61A5,0x0000,0x0000,0x0800,0x60E3,0xDA47,0xA9C6,0x1800,0x1821,0xBAEA,0xDBAB,0x38C1,0x0000,0x8AC7,
  0xFCEA,0xFC67,0xFC67,0xFC67,0xFC67,0xFC67,0xFC67,0xFC67,0xFC67,0xFC67,0xFC67,0xFC67,0xFC67,0xFC67,0xFC67,0xFC67,
  0xAD09,0x9CC8,0xA4EA,0x6B47,0x0000,0x2061,0x9A27,0xA249,0x30A2,0x0000,0x4286,0x6429,0x5C08,0x5C08,0x5C08,0x6429,
  0x5369,0x0061,0x2020,0xB267,0xCAC8,0x50E2,0x0000,0x1881,0x3902,0x49E7,0x4AF0,0x4331,0x53D5,0x5BB3,0x1106,0x0820,
  0xAB67,0xFCA8,0xFC47,0xFC67,0xFC46,0xFC47,0xC386,0x38A0,0x30C0,0x6A26,0x8247,0x9A87,0xA2C7,0xA2A7,0xA2C7,0xA2C7,
  0xA2C7,0xAAC8,0xAAC8,0xAAE8,0xAAE7,0xAAE8,0x92A6,0x8AC8,0x61C5,0x3080,0x8244,0xF468,0xFC27,0xFC26,0xFC26,0xFC26,
  0xFC26,0xFC46,0xFC46,0xFC46,0xFC46,0xFC46,0xFC46,0xFC46,0xFC46,0xFC46,0xFC46,0xFC46,0xFC46,0xFC46,0xFC46,0xFC46,
  0xFC46,0xFC46,0xFC46,0xFC46,0xFC46,0xF447,0xF446,0xFC26,0xF427,0xF407,0xFC27,0xA307,0x0000,0x20C1,0xAB47,0xC326,
  0xD266,0xE2A8,0x7964,0x3020,0x3881,0x3861,0x7923,0xCA48,0xB1E7,0x4040,0x4840,0xBA67,0xD308,0x40A1,0x0000,0x8AA7,
  0xFCA9,0xF426,0xF447,0xF447,0xF447,0xF427,0xFC26,0xFC27,0xFC26,0xFC27,0xFC27,0xFC46,0xFC46,0xFC46,0xFC46,0xFC46,
  0xAD0A,0xA4C8,0xA50A,0x7368,0x0000,0x2061,0x9A48,0xA249,0x3082,0x0000,0x42A7,0x6C4A,0x5C08,0x6429,0x6428,0x6449,
  0x5368,0x0881,0x2020,0xB268,0xD2E9,0x5102,0x0000,0x6A66,0xE52D,0x8B07,0x0021,0x10E5,0x5BD4,0x63B2,0x10E6,0x0800,
  0xB389,0xFD0B,0xFCA8,0xFC67,0xFC47,0xFC47,0xF447,0xE408,0xC409,0x28C1,0x1020,0x7A26,0xAB09,0xAAC8,0xAAE8,0xAAE8,
  0xAAE8,0xAAE8,0xAB08,0xB308,0xB308,0xA329,0x4102,0x1020,0x69C4,0xE48A,0xEC68,0xFC67,0xFC47,0xFC47,0xFC47,0xFC47,
  0xFC47,0xFC47,0xFC47,0xFC47,0xFC47,0xFC67,0xFC67,0xFC67,0xFC67,0xFC67,0xFC67,0xFC67,0xFC67,0xFC47,0xFC47,0xFC67,
  0xFC67,0xFC67,0xFC67,0xFC67,0xFC67,0xFC67,0xFC67,0xFC67,0xFC67,0xFC47,0xFC68,0xAB27,0x0000,0x0020,0x1040,0x3081,
  0xA9A6,0xD1E7,0xC1C6,0xB9C6,0xBA07,0xBA07,0xC206,0xDA06,0xD226,0xC206,0xC207,0xD267,0xCAA8,0x4081,0x0000,0x8AC7,
  0xFCE9,0xFC66,0xFC88,0xFC67,0xFC46,0xFC46,0xFC26,0xFC47,0xFC47,0xFC47,0xFC47,0xFC47,0xFC67,0xFC67,0xFC67,0xFC67,
  0xAD2A,0xA4E8,0xAD0A,0x7347,0x0000,0x2061,0x9A28,0xA249,0x3082,0x0000,0x4286,0x6C2A,0x5C08,0x6429,0x6408,0x6429,
  0x5368,0x0061,0x2020,0xB288,0xD309,0x4902,0x0000,0x7A66,0xFD4C,0x92C5,0x0000,0x10A3,0x63D3,0x5BD3,0x1947,0x1082,
  0x936A,0xCC4B,0xE448,0xFCA7,0xFC67,0xF467,0xFC66,0xFC67,0xE449,0x20A1,0x0000,0x7227,0xAAE9,0xAAC8,0xAAC8,0xAAC8,
  0xAAE8,0xAAE8,0xAAE8,0xAAE8,0xAAE8,0xA309,0x38E2,0x0000,0x69E3,0xFCE9,0xFC86,0xFC67,0xFC67,0xFC47,0xFC47,0xFC47,
  0xFC47,0xFC67,0xFC67,0xFC67,0xFC67,0xFC47,0xFC47,0xFC47,0xFC47,0xFC67,0xFC67,0xFC67,0xFC67,0xFC47,0xFC47,0xFC67,
  0xFC67,0xFC67,0xFC67,0xFC67,0xFC67,0xFC67,0xFC67,0xFC86,0xFC87,0xEC47,0xDC6A,0x9329,0x0000,0x0000,0x0000,0x1041,
  0x89C7,0xA9C7,0xB1A7,0xA9E7,0xA1E6,0xA206,0xA9E6,0xB1E6,0xB206,0xB207,0xB208,0xB207,0xAA68,0x3882,0x0000,0x7288,
  0xDC8B,0xDC08,0xD429,0xDC08,0xF447,0xFC46,0xFC47,0xFC47,0xFC67,0xFC67,0xFC67,0xFC67,0xFC67,0xFC67,0xFC67,0xFC67,
  0xAD0A,0x9CC8,0xA4EA,0x6B47,0x0000,0x2061,0x9A28,0xA228,0x3082,0x0000,0x4286,0x6429,0x5BE8,0x5C09,0x6408,0x6429,
  0x5348,0x0061,0x2020,0xAA68,0xCAC8,0x48E2,0x0000,0x7A65,0xFD0B,0x92C5,0x0000,0x10A4,0x5BB3,0x53B4,0x4B32,0x5330,
  0x3966,0x1860,0x8265,0xFCCA,0xF446,0xF466,0xF446,0xF466,0xDC29,0x28A1,0x0000,0x7206,0xAAE8,0xA2A7,0xAAA8,0xAAC8,
  0xAAC8,0xAAE8,0xAAE8,0xAAE8,0xAAE8,0xA309,0x38E2,0x0000,0x71E3,0xFCC8,0xF467,0xF467,0xFC47,0xFC46,0xFC46,0xFC46,
  0xFC46,0xFC46,0xFC46,0xFC46,0xFC46,0xFC47,0xFC47,0xFC47,0xFC47,0xFC47,0xFC46,0xFC46,0xFC47,0xFC47,0xFC47,0xFC47,
  0xFC47,0xFC67,0xFC67,0xFC67,0xFC67,0xFC87,0xFC87,0xFC87,0xFCC9,0xA306,0x28C1,0x20C2,0x0000,0x0000,0x0000,0x0020,
  0x1841,0x2041,0x2041,0x2040,0x2040,0x2040,0x2040,0x2041,0x2041,0x2040,0x2041,0x2041,0x2061,0x1001,0x0000,0x1061,
  0x28C2,0x28A1,0x20C1,0x5183,0xE48A,0xF447,0xF447,0xF467,0xF447,0xFC47,0xFC47,0xFC47,0xFC47,0xFC47,0xFC47,0xFC47,
  0xB54B,0xA509,0xAD2B,0x7368,0x0000,0x2061,0xA248,0xA249,0x3082,0x0000,0x42A7,0x6C4A,0x6429,0x6449,0x6429,0x6C6A,
  0x5389,0x0081,0x2020,0xAA48,0xCAC9,0x48C2,0x0000,0x7A65,0xFD4B,0x92E5,0x0000,0x1083,0x5BB3,0x53D4,0x53B4,0x63F4,
  0x1926,0x0000,0x6A06,0xFCEA,0xFC46,0xFC67,0xFC47,0xFC68,0xE46A,0x28C2,0x0000,0x7226,0xAB09,0xAAC8,0xAAE8,0xAAE8,
  0xAAE8,0xAAE8,0xAAE8,0xB2E8,0xB308,0xA308,0x3902,0x0000,0x7204,0xFCC9,0xFC87,0xFC67,0xFC67,0xFC67,0xFC67,0xFC67,
  0xFC67,0xFC47,0xFC47,0xFC67,0xFC67,0xFC67,0xFC47,0xFC47,0xFC47,0xFC47,0xFC47,0xFC47,0xFC47,0xFC67,0xFC47,0xFC67,
  0xFC67,0xFC67,0xFC87,0xFC87,0xFC87,0xF468,0xF489,0xF489,0xF4EB,0x82A6,0x0000,0x0000,0x0840,0x0041,0x0041,0x0821,
  0x0020,0x0020,0x0020,0x0021,0x0001,0x0021,0x0040,0x0041,0x0021,0x0021,0x0020,0x0021,0x0001,0x0021,0x0021,0x0021,
  0x0001,0x0000,0x0000,0x30E1,0xDC8B,0xEC68,0xEC68,0xF467,0xF468,0xFC88,0xFC67,0xFC67,0xFC67,0xFC67,0xFC67,0xFC67,
  0xAD4A,0xA4E9,0xAD2A,0x6B68,0x0000,0x2061,0x9A48,0xA248,0x3082,0x0000,0x4286,0x6C49,0x6408,0x6408,0x6408,0x644A,
  0x5369,0x0860,0x1820,0x9A47,0xC288,0x40C2,0x0000,0x7225,0xFD2B,0x92E6,0x0000,0x10A3,0x63B3,0x53D5,0x4B94,0x5BB3,
  0x1947,0x0000,0x6A26,0xFCA9,0xFC06,0xFC47,0xFC46,0xFC67,0xDC6B,0x28C2,0x0000,0x7246,0xAB08,0xAAA7,0xAAC7,0xAAC7,
  0xAAC7,0xAAC8,0xAAC8,0xAAC8,0xAAC7,0x9AE8,0x30E2,0x0000,0x6A04,0xFCA9,0xFC46,0xFC47,0xFC47,0xFC46,0xFC47,0xFC46,
  0xFC47,0xFC67,0xFC67,0xFC47,0xFC47,0xFC27,0xFC47,0xFC46,0xF446,0xFC46,0xFC46,0xFC46,0xFC46,0xFC46,0xFC46,0xFC46,
  0xF447,0xF467,0xFC47,0xFC47,0xE448,0x7223,0x4942,0x5163,0x4983,0x30E2,0x0000,0x11E8,0x2CB5,0x1CF6,0x1CD6,0x1CB6,
  0x1CD6,0x1CB6,0x1CD6,0x1CD6,0x1CB6,0x1CD6,0x1CD5,0x1CD5,0x1CB6,0x1CB6,0x24B6,0x1C35,0x1BF4,0x1BF4,0x1BD3,0x1BD4,
  0x2BD4,0x2A8C,0x0020,0x1040,0x4964,0x4942,0x4962,0x4941,0xB366,0xFCA9,0xFC48,0xFC66,0xFC66,0xFC67,0xFC47,0xFC46,
  0xBDAC,0xB54B,0xBD8C,0x7BA9,0x0000,0x2082,0x9289,0xA2A9,0x30A2,0x0000,0x4AC7,0x746B,0x6C2A,0x742A,0x6C29,0x744B,
  0x5B69,0x0840,0x1820,0x9AA9,0xBB0A,0x3902,0x0000,0x7245,0xFD6E,0x92E7,0x0000,0x10A4,0x6BF4,0x63D4,0x5BD4,0x6BF3,
  0x2146,0x0000,0x7246,0xFD2B,0xFC68,0xF4A9,0xFCC8,0xFCC9,0xE4CC,0x30C2,0x0800,0x8288,0xBB6A,0xB309,0xB329,0xB329,
  0xB309,0xB309,0xAB09,0xAB09,0xAB0A,0xA32B,0x38E3,0x0000,0x6A05,0xFD0C,0xFCA9,0xFCC9,0xFCC9,0xFCC9,0xFCCA,0xFCC9,
  0xFCC9,0xFC88,0xFC87,0xFC67,0xFC67,0xFC67,0xFC67,0xFC67,0xFC67,0xFC67,0xFC67,0xFC67,0xFC67,0xFC67,0xFC67,0xFC67,
  0xFC66,0xFC66,0xFC67,0xFCA9,0xE48B,0x3902,0x0000,0x0000,0x0000,0x0000,0x0000,0x0A6B,0x269E,0x0EDF,0x0EDF,0x0EDF,
  0x0EBF,0x0EBF,0x0EBF,0x0EBF,0x0EBF,0x0EBF,0x0EBF,0x0EBF,0x0EBF,0x0E9F,0x167F,0x0DFE,0x059E,0x0D7E,0x0D7D,0x0D5C,
  0x255C,0x1B72,0x0021,0x0000,0x0000,0x0000,0x0000,0x0000,0x9328,0xFD2B,0xFCCA,0xFCC9,0xFCA7,0xFC88,0xFC67,0xFC67,
  0x62E7,0x62E7,0x62E7,0x4205,0x0000,0x1061,0x4965,0x5165,0x1061,0x0000,0x2964,0x3A66,0x3225,0x3A25,0x3225,0x3A45,
  0x29C5,0x0820,0x1020,0x5165,0x6185,0x2081,0x0000,0x3963,0x8308,0x51C5,0x0000,0x0862,0x3A2A,0x322A,0x322A,0x3A2A,
  0x10C3,0x0000,0x3944,0x8AC7,0x8285,0x82A6,0x82A5,0x82A6,0x7AC8,0x1881,0x0000,0x4164,0x61E5,0x59C5,0x59C5,0x59C5,
  0x59A5,0x51A5,0x51A5,0x51A5,0x51A5,0x51A5,0x2081,0x0000,0x3923,0x7AA7,0x7A86,0x8286,0x8286,0x82A6,0x7AA6,0x7A86,
  0x8A85,0xD3E7,0xF468,0xFC47,0xFC46,0xF426,0xF427,0xF427,0xFC26,0xFC26,0xF446,0xEC47,0xF427,0xF426,0xF426,0xF425,
  0xFC05,0xFC26,0xCBA6,0x8A85,0x7287,0x20A2,0x0020,0x2ACC,0x2C94,0x1C53,0x1C53,0x1518,0x069F,0x06BF,0x069F,0x069F,
  0x069F,0x067F,0x067F,0x067F,0x067F,0x067F,0x069F,0x067F,0x069F,0x069F,0x065F,0x063E,0x061E,0x05FE,0x05FE,0x05FE,
  0x0DDE,0x14F9,0x1372,0x1B51,0x1B52,0x1B52,0x1B51,0x2B50,0x52EA,0x7285,0x7285,0x7A65,0xAB46,0xEC47,0xFC06,0xF426,
  0x0000,0x0000,0x0000,0x0000,0x0000,0x0000,0x0000,0x0000,0x0000,0x0000,0x0000,0x0000,0x0000,0x0000,0x0000,0x0000,
  0x0000,0x0000,0x0000,0x0000,0x0000,0x0000,0x0000,0x0000,0x0000,0x0000,0x0000,0x0000,0x0000,0x0000,0x0000,0x0000,
  0x0000,0x0000,0x0000,0x0000,0x0000,0x0000,0x0000,0x0000,0x0000,0x0000,0x0000,0x0000,0x0000,0x0000,0x0000,0x0000,
  0x0000,0x0000,0x0000,0x0000,0x0000,0x0000,0x0000,0x0000,0x0000,0x0000,0x0000,0x0000,0x0000,0x0000,0x0000,0x0000,
  0x1000,0xB367,0xFCC9,0xFC87,0xFC87,0xFC87,0xFC68,0xFC68,0xFC67,0xFC67,0xFC67,0xF468,0xFC67,0xFC46,0xFC67,0xFCA8,
  0xFCA8,0xFCEB,0xAB89,0x0800,0x0000,0x0000,0x0000,0x3432,0x2EFF,0x16BF,0x16BF,0x16BF,0x0EBF,0x06BF,0x06BF,0x06BF,
  0x06BF,0x06BF,0x06BF,0x06BF,0x06BF,0x06BF,0x069F,0x069F,0x069F,0x06BF,0x069F,0x069F,0x0E9F,0x0E9F,0x0E9F,0x0E9F,
  0x0E9F,0x161F,0x153B,0x153B,0x151C,0x151D,0x14FD,0x2D1C,0x11CA,0x0000,0x0000,0x0000,0x6A45,0xFD2C,0xFCA9,0xFC87,
  0x4163,0x4143,0x4144,0x4144,0x4143,0x4143,0x4144,0x4144,0x4144,0x4143,0x4144,0x3944,0x3943,0x4123,0x4123,0x3943,
  0x3943,0x3943,0x3943,0x4144,0x4144,0x3943,0x3943,0x3943,0x3924,0x4123,0x3923,0x3943,0x4144,0x3943,0x3943,0x3943,
  0x4144,0x4143,0x4143,0x4143,0x3943,0x4143,0x4143,0x4143,0x4143,0x4143,0x4143,0x4144,0x4144,0x4144,0x4144,0x4144,
  0x4144,0x4144,0x4144,0x4144,0x3944,0x3924,0x3924,0x3924,0x3943,0x3943,0x3943,0x4143,0x4143,0x4943,0x3944,0x1041,
  0x1000,0xB367,0xFCA8,0xFC46,0xFC67,0xFC66,0xFC67,0xFC67,0xFC47,0xFC47,0xFC47,0xFC47,0xFC25,0xFC47,0xCBA8,0x9AC6,
  0x9306,0x9327,0x6AA9,0x1A2A,0x0A8B,0x126C,0x0AAC,0x1516,0x0E7E,0x067E,0x067F,0x067F,0x069F,0x069F,0x069F,0x069F,
  0x069F,0x069F,0x069F,0x069F,0x069F,0x069F,0x067F,0x067F,0x067F,0x069F,0x069F,0x069F,0x069F,0x067F,0x069F,0x069F,
  0x069F,0x063F,0x05BD,0x05BD,0x05BD,0x059D,0x051E,0x14FE,0x0B33,0x09EB,0x0A2B,0x09EA,0x42AA,0x9307,0xA305,0xEC26,
  0xA389,0xA389,0xA38A,0xA38A,0xA38A,0xA38A,0xA38A,0xA38A,0xA38A,0xA36A,0xA38A,0xA36A,0xA36A,0xA36A,0xA34A,0xA36A,
  0xA369,0x9B69,0x9B69,0x9B6A,0xA36A,0x9B6A,0x9B6A,0x9B6A,0xA34A,0xA349,0xA369,0x9B69,0xA369,0x9B6A,0x9B89,0x9B8A,
  0xA36B,0xA36A,0xA36A,0xA36A,0xA389,0xA369,0xAB49,0xA36A,0xA36A,0xA369,0xA36A,0xA36A,0xA36A,0xA36A,0xA36A,0xA36A,
  0xA36A,0xA36A,0xA36A,0xA36A,0xA36A,0x9B6A,0x9B6A,0x9B6A,0x9B69,0x9B6A,0xA349,0xA36A,0xA38A,0xA38A,0x936A,0x20E3,
  0x0800,0xB388,0xFCC9,0xFC87,0xFC88,0xFC67,0xFC87,0xFC87,0xFC88,0xFC68,0xFC68,0xFC67,0xFC87,0xFCEB,0x92E7,0x0800,
  0x0800,0x0000,0x0905,0x3DBA,0x163D,0x1E3D,0x163C,0x0E7C,0x067E,0x067E,0x067F,0x067F,0x069F,0x06BF,0x069F,0x069F,
  0x069F,0x069F,0x069F,0x069F,0x069F,0x069F,0x069F,0x069F,0x069F,0x069F,0x069F,0x06BF,0x06BF,0x069F,0x069F,0x069F,
  0x069F,0x069F,0x067F,0x0E7F,0x0E7F,0x0E5F,0x055C,0x051C,0x0CFB,0x14FB,0x14FB,0x1CFA,0x2350,0x0000,0x2040,0xEC69,
  0xA349,0xA349,0xA348,0xA349,0xA348,0xA328,0xA329,0xA329,0xA328,0xA328,0xA328,0xA328,0xA328,0xA348,0xA329,0xA328,
  0xA327,0xA327,0x9B28,0x9B29,0xA328,0xA328,0xA328,0xA328,0x9B28,0x9B27,0xA328,0xA308,0xA308,0x9B28,0xA328,0xA328,
  0x9B29,0xA328,0xA328,0xA328,0x9B28,0xA309,0xA309,0xA329,0x9B28,0xA328,0xA328,0xA328,0xA328,0xA328,0xA328,0xA328,
  0xA328,0xA328,0xA328,0xA328,0xA348,0xA348,0x9B49,0x9B48,0x9B48,0x9B29,0xA328,0xA328,0x9B49,0x9B49,0x9329,0x20C2,
  0x0800,0xAB67,0xFC88,0xFC46,0xFC47,0xFC47,0xFC67,0xFC67,0xFC67,0xFC67,0xFC67,0xFC88,0xD3E7,0xC3E9,0x6A86,0x0000,
  0x08C4,0x11C8,0x0ACD,0x261C,0x067F,0x1E9F,0x1E9E,0x1EBD,0x1EBD,0x26BD,0x1EDE,0x169E,0x065E,0x067F,0x067F,0x067F,
  0x067F,0x067F,0x067F,0x067F,0x067F,0x067F,0x067F,0x069F,0x069F,0x067F,0x069F,0x069F,0x069F,0x069F,0x069F,0x069F,
  0x069F,0x067F,0x067F,0x067F,0x067F,0x065F,0x059D,0x053D,0x051C,0x04FC,0x04FC,0x0D1C,0x13D6,0x0908,0x2126,0xA349,
  0xB36A,0xAB6A,0xABA9,0xAB89,0xAB69,0xAB69,0xAB6A,0xAB6A,0xAB69,0xAB69,0xAB89,0xAB69,0xAB89,0xAB89,0xAB6A,0xAB6A,
  0xAB69,0xAB68,0xAB6A,0xAB6B,0xAB69,0xAB68,0xAB69,0xAB6A,0xAB69,0xA389,0xA38A,0xAB69,0xAB69,0xA36A,0xAB6A,0xB369,
  0xAB69,0xA389,0xAB69,0xAB69,0xAB69,0xAB69,0xAB6A,0xAB69,0xAB69,0xAB69,0xAB69,0xA369,0xA369,0xAB69,0xAB69,0xAB69,
  0xAB69,0xAB69,0xAB69,0xAB89,0xAB69,0xAB6A,0xAB6A,0xAB89,0xAB8A,0xAB6B,0xB34A,0xAB69,0xA389,0xAB69,0x9B49,0x28C2,
  0x0000,0xAB67,0xFC88,0xFC46,0xFC46,0xFC67,0xFC67,0xFC67,0xFC67,0xFC67,0xFC67,0xF4CB,0x69A3,0x2060,0x1060,0x0000,
  0x1A6B,0x361A,0x163C,0x0E5E,0x165D,0x5F7F,0x77BF,0x7F9F,0x7F9F,0x7F9F,0x6FDF,0x475F,0x069F,0x069F,0x069F,0x069F,
  0x069F,0x069F,0x069F,0x069F,0x069F,0x069F,0x069F,0x069F,0x069F,0x069F,0x069F,0x069F,0x069F,0x069F,0x067F,0x069F,
  0x069F,0x069F,0x06BF,0x069F,0x067F,0x067F,0x0E5F,0x163F,0x0D7E,0x04FD,0x04FD,0x0CFD,0x14DC,0x1C9A,0x33F4,0x1040,
  0x9309,0x9329,0x9329,0x9329,0x9329,0x9B29,0x9329,0x9329,0x9329,0x9329,0x9329,0x9329,0x9329,0x9329,0x932A,0x9329,
  0x9329,0x9328,0x9329,0x930A,0x9329,0x9328,0x9329,0x9329,0x9329,0x9349,0x9329,0x9329,0x9329,0x9329,0x9329,0x9B29,
  0x9329,0x9329,0x9329,0x9309,0x9B29,0x9329,0x9329,0x9329,0x9329,0x9309,0x9309,0x9329,0x9309,0x9309,0x9309,0x9309,
  0x9329,0x9B0A,0x9B29,0x9329,0x9B29,0x9B0A,0x9B2A,0x9B29,0x932A,0x932A,0x9AEA,0x9309,0x9309,0x9309,0x8AE9,0x20A2,
  0x0800,0xAB47,0xFC68,0xFC26,0xFC47,0xFC46,0xFC47,0xFC67,0xF467,0xFC68,0xFC67,0xFCEB,0x5123,0x0000,0x0043,0x0884,
  0x130F,0x1E7E,0x0E9E,0x1E9E,0x2E7C,0x777F,0x97BF,0x977F,0x977F,0x879F,0x6F9F,0x475F,0x067F,0x069F,0x069F,0x069F,
  0x069F,0x069F,0x069F,0x069F,0x069F,0x069F,0x069F,0x069F,0x069F,0x069F,0x069F,0x069F,0x069F,0x069F,0x069F,0x069F,
  0x069F,0x069F,0x069F,0x069F,0x069F,0x067F,0x067F,0x0E9F,0x05BE,0x053D,0x051D,0x04FC,0x04FD,0x051D,0x1C58,0x00A5,
  0x1000,0x1020,0x1040,0x1840,0x1840,0x1840,0x1840,0x1840,0x1840,0x1840,0x1840,0x1840,0x1840,0x1840,0x1840,0x1820,
  0x1020,0x1020,0x1020,0x1020,0x1820,0x1840,0x1840,0x1840,0x1840,0x1820,0x1820,0x1840,0x1840,0x1820,0x1840,0x1840,
  0x1020,0x1020,0x1020,0x1020,0x1020,0x1020,0x1020,0x1020,0x1020,0x1020,0x1020,0x1020,0x1820,0x1020,0x1020,0x1020,
  0x1020,0x1020,0x1820,0x1020,0x1820,0x1800,0x1020,0x1020,0x1820,0x1000,0x1000,0x1000,0x1000,0x1000,0x0800,0x0000,
  0x0820,0xAB67,0xF447,0xFC26,0xFC26,0xFC26,0xFC27,0xFC27,0xFC46,0xFC47,0xF446,0xF4AA,0x5163,0x0000,0x22AD,0x459B,
  0x25DC,0x167E,0x26BE,0x6FDF,0x879F,0x977F,0x977F,0x9F9F,0x8F9F,0x56DD,0x1E5C,0x0E9E,0x067E,0x067F,0x067F,0x067F,
  0x067F,0x067F,0x067F,0x067F,0x067F,0x067F,0x067F,0x067F,0x067F,0x067F,0x067F,0x067F,0x067F,0x067F,0x067F,0x067F,
  0x067F,0x067F,0x067F,0x067F,0x067F,0x067F,0x067F,0x067F,0x0E3F,0x0E1F,0x057E,0x04DC,0x04FC,0x04FC,0x0CBB,0x2437,
  0x0000,0x0000,0x0000,0x0000,0x0000,0x0000,0x0000,0x0000,0x0000,0x0000,0x0000,0x0000,0x0000,0x0000,0x0000,0x0000,
  0x0000,0x0000,0x0000,0x0000,0x0000,0x0000,0x0000,0x0000,0x0000,0x0000,0x0000,0x0000,0x0000,0x0000,0x0000,0x0000,
  0x0000,0x0000,0x0000,0x0000,0x0000,0x0000,0x0000,0x0000,0x0000,0x0000,0x0000,0x0000,0x0000,0x0000,0x0000,0x0000,
  0x0000,0x0000,0x0020,0x0000,0x0000,0x0000,0x0020,0x0000,0x0000,0x0000,0x0000,0x0000,0x0000,0x0000,0x0800,0x0000,
  0x0800,0xAB46,0xFC88,0xFC47,0xFC46,0xFC66,0xFC47,0xFC27,0xFC26,0xFC47,0xEC89,0xED2D,0x3964,0x0000,0x1B50,0x26FF,
  0x06BF,0x069F,0x36BD,0x8FDF,0xA79F,0xA79F,0x9F7F,0x979F,0x87FF,0x4F3E,0x063D,0x069F,0x069F,0x067F,0x067F,0x069F,
  0x069F,0x069F,0x069F,0x069F,0x069F,0x069F,0x069F,0x069F,0x069F,0x069F,0x069F,0x069F,0x069F,0x069F,0x069F,0x069F,
  0x069F,0x069F,0x069F,0x069F,0x069F,0x069F,0x069F,0x069F,0x067F,0x067F,0x05BE,0x04FC,0x04FC,0x051C,0x051C,0x051D,
  0x0000,0x4943,0x8A87,0x8A66,0x8A66,0x8A66,0x8A86,0x8A86,0x9286,0x9286,0x9286,0x9286,0x9286,0x9286,0x9286,0x8A86,
  0x8A86,0x8A86,0x8A86,0x8A86,0x8A86,0x8A86,0x8A86,0x8A86,0x8A86,0x8A86,0x9286,0x9286,0x9286,0x9286,0x9286,0x9286,
  0x9286,0x9286,0x9286,0x9286,0x8A86,0x8A86,0x8A86,0x8A86,0x8A86,0x8A86,0x8A86,0x8A86,0x9286,0x8A86,0x9286,0x9266,
  0x92A6,0x6A47,0x0841,0x0820,0x4965,0x51C6,0x1881,0x0800,0x4923,0x92E8,0x8AA6,0x8AA6,0x92A7,0x92A6,0x9AA6,0x9AE7,
  0x9AC6,0xDBE7,0xFC47,0xFC26,0xFC46,0xF446,0xFC26,0xFC26,0xF426,0xE3E7,0x69C2,0x41A4,0x32EC,0x1BD1,0x0D18,0x067E,
  0x067E,0x067F,0x2E9D,0x8FBF,0x9F9F,0x9F9F,0x97BF,0x5EDD,0x36BD,0x1EBE,0x067E,0x067F,0x067F,0x067F,0x067F,0x067F,
  0x069F,0x069F,0x067F,0x067F,0x067F,0x067F,0x067F,0x067F,0x067F,0x067F,0x067F,0x067F,0x067F,0x069F,0x067F,0x067F,
  0x067F,0x067F,0x067F,0x067F,0x067F,0x067F,0x069F,0x069F,0x067F,0x065F,0x05BE,0x04DB,0x04DC,0x04DC,0x04DC,0x04FC,
  0x0000,0x71A3,0xDB68,0xDB45,0xDB66,0xDB66,0xDB66,0xDB66,0xDB66,0xDB66,0xDB66,0xDB66,0xDB66,0xDB66,0xDB66,0xDB66,
  0xDB66,0xDB66,0xDB66,0xDB66,0xDB66,0xDB66,0xDB66,0xDB66,0xDB66,0xDB66,0xDB66,0xDB66,0xDB66,0xDB66,0xDB66,0xDB66,
  0xDB66,0xDB66,0xDB66,0xDB66,0xDB66,0xDB66,0xDB66,0xDB66,0xDB66,0xDB66,0xDB66,0xDB66,0xD386,0xD386,0xDB66,0xDB46,
  0xDBA7,0xA328,0x1040,0x1020,0x61C6,0x7A67,0x28A1,0x0800,0x6183,0xDBE9,0xDBA6,0xDBA6,0xE3A7,0xDBA7,0xEBA6,0xFC8A,
  0xFCCA,0xFC88,0xFC67,0xFC67,0xFC67,0xFC47,0xFC46,0xFC47,0xFC88,0xDC6A,0x2060,0x0000,0x2433,0x269F,0x067F,0x065F,
  0x067F,0x065F,0x2E9E,0x87DF,0x9FDF,0x9FFF,0x8FFF,0x3EDE,0x065E,0x069F,0x06BF,0x069F,0x069F,0x069F,0x069F,0x069F,
  0x069F,0x069F,0x069F,0x069F,0x069F,0x069F,0x069F,0x069F,0x069F,0x069F,0x069F,0x069F,0x069F,0x069F,0x069F,0x069F,
  0x069F,0x069F,0x069F,0x069F,0x069F,0x069F,0x069F,0x069F,0x067F,0x0E7F,0x05BE,0x04FC,0x04DC,0x04FC,0x04FC,0x04FD,
  0x0000,0x7203,0xEBE7,0xEB85,0xEBA6,0xEBA6,0xEBA6,0xEBC6,0xEBC6,0xEBC6,0xEBC6,0xEBC6,0xEBC6,0xEBC6,0xEBC6,0xEBC6,
  0xEBC6,0xEBC6,0xEBC6,0xEBC6,0xEBC6,0xEBC6,0xEBC6,0xEBC6,0xEBC6,0xEBC6,0xEBC6,0xEBC6,0xEBC6,0xEBC6,0xEBC6,0xEBC6,
  0xEBC6,0xEBC6,0xEBC6,0xEBC6,0xEBC6,0xEBC6,0xEBC6,0xEBC6,0xE3C6,0xE3C6,0xE3C6,0xEBC6,0xE3E6,0xE3E6,0xEBC6,0xEBC6,
  0xEC06,0xAB67,0x1040,0x0820,0x61C5,0x7A67,0x20A1,0x0000,0x61A3,0xE428,0xEBE6,0xEBE6,0xEBE7,0xEBE7,0xEBE6,0xF427,
  0xF467,0xF447,0xFC47,0xF447,0xFC47,0xFC46,0xFC46,0xE408,0x8A44,0x7205,0x1861,0x0021,0x2433,0x165E,0x063F,0x063F,
  0x067F,0x065F,0x1E7E,0x471E,0x4F1D,0x4F1E,0x471E,0x269E,0x0E5F,0x069F,0x069F,0x069F,0x069F,0x067F,0x069F,0x069F,
  0x067F,0x067F,0x067F,0x067F,0x067F,0x067F,0x067F,0x067F,0x067F,0x067F,0x067F,0x067F,0x067F,0x067F,0x067F,0x067F,
  0x067F,0x067F,0x067F,0x067F,0x067F,0x067F,0x069F,0x069F,0x067F,0x0E7F,0x05FE,0x05DE,0x057D,0x04DC,0x04DC,0x04DC,
  0x0000,0x8265,0xFCA9,0xFC26,0xFC47,0xFC67,0xFC67,0xFC67,0xFC67,0xFC67,0xFC67,0xFC67,0xFC67,0xFC67,0xFC67,0xFC67,
  0xFC67,0xFC67,0xFC67,0xFC67,0xFC67,0xFC67,0xFC67,0xFC67,0xFC67,0xFC67,0xFC67,0xFC67,0xFC67,0xFC67,0xFC67,0xFC67,
  0xFC67,0xFC67,0xFC67,0xFC67,0xFC67,0xFC67,0xFC67,0xFC67,0xFC67,0xFC67,0xFC67,0xFC67,0xFC68,0xFC68,0xFC68,0xFC68,
  0xFCC9,0xBC09,0x1861,0x1020,0x7269,0x830A,0x20C1,0x0000,0x6A04,0xFCAA,0xFC67,0xFC68,0xFC68,0xFC87,0xFCA8,0xFC87,
  0xFC86,0xFC87,0xFC88,0xFC68,0xFC67,0xFC87,0xFCA8,0xD409,0x2060,0x0000,0x0000,0x0000,0x1C33,0x169E,0x067F,0x069F,
  0x069F,0x069E,0x0E7E,0x067E,0x067E,0x0E7E,0x0E7E,0x0E9F,0x069F,0x067F,0x069F,0x069F,0x069F,0x069F,0x069F,0x069F,
  0x069F,0x069F,0x069F,0x069F,0x069F,0x069F,0x069F,0x069F,0x069F,0x069F,0x069F,0x069F,0x069F,0x069F,0x069F,0x069F,
  0x069F,0x069F,0x069F,0x069F,0x069F,0x069F,0x069F,0x06BF,0x069F,0x0E9F,0x069F,0x069F,0x0DFF,0x04FC,0x04FC,0x04FC,
  0x0000,0x8265,0xFC68,0xF426,0xFC26,0xFC46,0xFC46,0xFC26,0xF446,0xF446,0xFC46,0xF446,0xF446,0xF446,0xF446,0xF446,
  0xFC46,0xFC46,0xFC46,0xFC46,0xFC46,0xFC46,0xFC46,0xF446,0xF446,0xF446,0xF446,0xFC46,0xFC46,0xFC46,0xFC46,0xFC46,
  0xFC46,0xFC46,0xFC46,0xFC46,0xFC47,0xFC47,0xFC47,0xFC47,0xF447,0xFC47,0xFC47,0xFC47,0xF447,0xFC27,0xFC27,0xF427,
  0xFC88,0xC3C8,0x1861,0x1000,0x4164,0x49C5,0x1860,0x0000,0x71E4,0xF448,0xF426,0xF427,0xFC06,0xF426,0xF447,0xFC47,
  0xF446,0xF466,0xF467,0xFC47,0xFC47,0xF466,0xFC87,0xCC07,0x18A0,0x0041,0x1987,0x0A2A,0x1517,0x0E7E,0x067F,0x067F,
  0x067F,0x067F,0x069F,0x069F,0x067F,0x067F,0x067F,0x069F,0x069F,0x067F,0x067F,0x065F,0x067F,0x067F,0x067F,0x067F,
  0x067F,0x067F,0x067F,0x067F,0x067F,0x067F,0x067F,0x067F,0x067F,0x067F,0x067F,0x067F,0x067F,0x067F,0x067F,0x067F,
  0x067F,0x067F,0x067F,0x067F,0x067F,0x067F,0x067F,0x067F,0x067F,0x065F,0x069F,0x067F,0x05DE,0x04DC,0x04DC,0x04DC,
  0x0000,0x8264,0xFC89,0xFC26,0xFC47,0xFC47,0xFC47,0xFC47,0xFC47,0xFC47,0xFC67,0xFC47,0xFC47,0xFC47,0xFC47,0xFC47,
  0xFC47,0xFC47,0xFC47,0xFC47,0xFC47,0xFC47,0xFC47,0xFC47,0xFC47,0xFC47,0xFC47,0xFC47,0xFC47,0xFC47,0xFC47,0xFC47,
  0xFC47,0xFC47,0xFC47,0xFC47,0xFC47,0xFC47,0xFC47,0xFC47,0xFC47,0xFC47,0xFC47,0xFC47,0xFC46,0xFC46,0xFC46,0xFC47,
  0xFC89,0xBBC9,0x1040,0x0000,0x0000,0x0000,0x0000,0x0000,0x71C3,0xF489,0xFC46,0xFC46,0xFC46,0xFC47,0xFC47,0xFC67,
  0xFC67,0xFC67,0xFC67,0xFC67,0xFC67,0xFC67,0xFCA8,0xCC29,0x1860,0x00C4,0x4598,0x26BD,0x0E7E,0x0E7F,0x067F,0x069F,
  0x067F,0x067F,0x06BF,0x069F,0x069F,0x069F,0x069F,0x069F,0x069F,0x069F,0x069F,0x069F,0x069F,0x069F,0x069F,0x069F,
  0x069F,0x069F,0x069F,0x069F,0x069F,0x069F,0x069F,0x069F,0x069F,0x069F,0x069F,0x069F,0x069F,0x069F,0x069F,0x069F,
  0x069F,0x069F,0x069F,0x069F,0x069F,0x069F,0x067F,0x067F,0x069F,0x067F,0x069F,0x067F,0x05FE,0x04DC,0x04DC,0x04FC,
  0x2881,0x9A83,0xFC88,0xFC26,0xFC46,0xFC46,0xFC46,0xFC46,0xFC47,0xFC47,0xFC47,0xFC46,0xFC47,0xFC47,0xFC47,0xFC46,
  0xFC46,0xFC46,0xFC46,0xFC46,0xFC46,0xFC46,0xFC46,0xFC46,0xFC46,0xFC46,0xFC46,0xFC46,0xFC46,0xFC46,0xFC46,0xFC46,
  0xFC46,0xFC46,0xFC46,0xFC46,0xFC47,0xFC47,0xFC47,0xFC47,0xFC47,0xFC47,0xFC47,0xFC47,0xFC46,0xFC46,0xF447,0xFC46,
  0xFC68,0xC3A8,0x38C1,0x2081,0x28A1,0x2881,0x28A1,0x2881,0x8223,0xF489,0xFC26,0xFC26,0xFC47,0xFC46,0xFC46,0xFC47,
  0xFC47,0xFC47,0xFC47,0xFC47,0xFC67,0xFC67,0xF488,0xD409,0x1840,0x00E4,0x2599,0x06BF,0x069F,0x069F,0x069F,0x067F,
  0x067F,0x067F,0x069F,0x069F,0x069F,0x069F,0x069F,0x069F,0x069F,0x069F,0x069F,0x067F,0x069F,0x069F,0x069F,0x069F,
  0x069F,0x067F,0x069F,0x069F,0x069F,0x069F,0x069F,0x069F,0x069F,0x069F,0x067F,0x069F,0x069F,0x069F,0x067F,0x069F,
  0x069F,0x069F,0x069F,0x069F,0x069F,0x069F,0x069F,0x069F,0x069F,0x069F,0x069F,0x067F,0x05FE,0x04FC,0x04DC,0x04DC,
  0xE44A,0xF468,0xFC67,0xFC67,0xFC67,0xFC67,0xFC67,0xFC67,0xFC67,0xFC67,0xFC47,0xFC47,0xFC67,0xFC67,0xFC67,0xFC67,
  0xFC47,0xFC47,0xFC47,0xFC47,0xFC47,0xFC47,0xFC47,0xFC47,0xFC47,0xFC47,0xFC47,0xFC47,0xFC47,0xFC47,0xFC47,0xFC47,
  0xFC47,0xFC47,0xFC47,0xFC47,0xFC67,0xFC67,0xFC67,0xFC67,0xFC67,0xFC67,0xFC67,0xFC67,0xFC67,0xFC68,0xFC68,0xFC47,
  0xFC47,0xF448,0xE449,0xDC4A,0xE449,0xE46A,0xDC6A,0xE46A,0xEC48,0xF447,0xFC26,0xFC26,0xFC47,0xFC46,0xFC46,0xFC47,
  0xFC47,0xFC47,0xFC67,0xFC67,0xFC67,0xFC67,0xFCA9,0xCC2A,0x1820,0x00C4,0x2D9A,0x0EBF,0x069F,0x069F,0x069F,0x069F,
  0x067F,0x067F,0x067F,0x067F,0x069F,0x069F,0x069F,0x069F,0x069F,0x069F,0x069F,0x069F,0x069F,0x069F,0x069F,0x069F,
  0x069F,0x069F,0x069F,0x069F,0x069F,0x06BF,0x069F,0x069F,0x069F,0x067F,0x067F,0x067F,0x067F,0x0E7F,0x067F,0x069F,
  0x069F,0x069F,0x069F,0x069F,0x069F,0x069F,0x067F,0x067F,0x067F,0x069F,0x069F,0x0E9F,0x0DFE,0x04FC,0x04FC,0x04FC,
  0xFC67,0xFC67,0xFC67,0xFC47,0xFC47,0xFC47,0xFC47,0xFC67,0xFC47,0xFC47,0xFC47,0xFC47,0xFC47,0xFC47,0xFC47,0xFC47,
  0xFC67,0xFC67,0xFC67,0xFC67,0xFC67,0xFC67,0xFC67,0xFC47,0xFC47,0xFC47,0xFC47,0xFC47,0xFC47,0xFC47,0xFC47,0xFC47,
  0xFC47,0xFC47,0xFC47,0xFC47,0xFC47,0xFC47,0xFC47,0xFC47,0xFC47,0xFC47,0xFC47,0xFC47,0xFC47,0xFC47,0xFC67,0xFC67,
  0xF467,0xF467,0xFC67,0xFC67,0xFC67,0xF467,0xFC67,0xFC67,0xFC47,0xFC47,0xFC47,0xFC47,0xFC47,0xFC47,0xFC47,0xFC47,
  0xFC47,0xFC47,0xFC47,0xFC67,0xFC67,0xF468,0xE48A,0xAC6C,0x1123,0x01A9,0x25DA,0x0EBF,0x069F,0x069F,0x06BF,0x06BF,
  0x069F,0x069F,0x067F,0x067F,0x067F,0x069F,0x069F,0x069F,0x069F,0x069F,0x069F,0x069F,0x069F,0x069F,0x069F,0x069F,
  0x069F,0x069F,0x069F,0x067F,0x069F,0x069F,0x067F,0x069F,0x069F,0x069F,0x069F,0x069F,0x069F,0x069F,0x069F,0x069F,
  0x069F,0x069F,0x069F,0x069F,0x069F,0x069F,0x069F,0x069F,0x069F,0x069F,0x069F,0x0E9F,0x061E,0x053C,0x051C,0x04FC,
  0xFC66,0xFC47,0xFC68,0xFC67,0xFC67,0xFC67,0xFC67,0xFC47,0xFC47,0xFC47,0xFC46,0xFC47,0xFC47,0xFC47,0xFC47,0xFC47,
  0xFC46,0xFC46,0xFC46,0xFC46,0xFC46,0xFC46,0xFC46,0xFC46,0xFC46,0xFC46,0xFC46,0xFC46,0xFC46,0xFC46,0xFC46,0xFC46,
  0xFC46,0xFC46,0xFC46,0xFC46,0xFC47,0xFC47,0xFC47,0xFC47,0xFC47,0xFC47,0xFC47,0xFC47,0xFC47,0xFC47,0xFC46,0xF467,
  0xF467,0xF467,0xFC46,0xFC47,0xFC47,0xF447,0xFC47,0xFC46,0xFC47,0xFC47,0xF447,0xFC47,0xFC26,0xFC46,0xFC46,0xFC47,
  0xFC47,0xFC47,0xFC47,0xFC46,0xFC88,0xB327,0x3081,0x2A06,0x3D36,0x25BB,0x0E7E,0x06BF,0x069F,0x069F,0x069F,0x069F,
  0x067F,0x069F,0x069F,0x069F,0x069F,0x069F,0x069F,0x069F,0x069F,0x069F,0x069F,0x069F,0x069F,0x069F,0x069F,0x069F,
  0x069F,0x069F,0x069F,0x069F,0x069F,0x069F,0x067F,0x069F,0x069F,0x069F,0x06BF,0x06BF,0x069F,0x069F,0x069F,0x069F,
  0x069F,0x069F,0x069F,0x069F,0x069F,0x069F,0x069F,0x069F,0x069F,0x069F,0x069F,0x069F,0x067F,0x0E1F,0x0DFF,0x04FC,
  0xFC67,0xFC67,0xFC67,0xFC67,0xFC67,0xFC67,0xFC67,0xFC67,0xFC67,0xFC67,0xFC67,0xFC67,0xFC67,0xFC67,0xFC67,0xFC67,
  0xFC67,0xFC67,0xFC67,0xFC67,0xFC47,0xFC47,0xFC47,0xFC47,0xFC47,0xFC47,0xFC47,0xFC47,0xFC67,0xFC67,0xFC67,0xFC67,
  0xFC67,0xFC67,0xFC67,0xFC67,0xFC67,0xFC67,0xFC67,0xFC67,0xFC67,0xFC67,0xFC67,0xFC67,0xFC68,0xFC67,0xFC47,0xFC67,
  0xFC68,0xFC67,0xFC46,0xFC47,0xFC47,0xFC66,0xFC66,0xFC67,0xFC67,0xFC47,0xFC47,0xFC67,0xFC67,0xFC67,0xFC47,0xFC47,
  0xFC47,0xFC47,0xFC47,0xFC26,0xFC88,0x9B07,0x0000,0x0145,0x2E1B,0x0E9F,0x069F,0x06BF,0x06BF,0x06BF,0x069F,0x069F,
  0x069F,0x069F,0x069F,0x06BF,0x06BF,0x06BF,0x069F,0x069F,0x069F,0x069F,0x069F,0x069F,0x069F,0x069F,0x069F,0x069F,
  0x069F,0x069F,0x06BF,0x069F,0x069F,0x069F,0x069F,0x069F,0x06BF,0x06BF,0x06BF,0x06BF,0x06BF,0x06BF,0x069F,0x069F,
  0x069F,0x069F,0x069F,0x069F,0x069F,0x069F,0x069F,0x069F,0x069F,0x069F,0x06BF,0x069F,0x069F,0x069F,0x0E3F,0x051D,
  0xFC47,0xF447,0xFC46,0xFC46,0xFC46,0xFC46,0xFC46,0xFC46,0xFC46,0xFC46,0xFC26,0xFC46,0xFC46,0xFC26,0xFC26,0xFC26,
  0xFC26,0xFC26,0xFC26,0xFC26,0xFC26,0xFC26,0xFC26,0xFC26,0xFC26,0xFC26,0xFC26,0xFC26,0xFC26,0xFC26,0xFC26,0xFC26,
  0xFC26,0xFC26,0xFC26,0xFC26,0xFC46,0xFC46,0xFC46,0xFC46,0xFC26,0xFC26,0xFC26,0xFC26,0xF447,0xFC46,0xFC46,0xFC46,
  0xFC46,0xFC46,0xFC26,0xFC27,0xF447,0xFC47,0xF447,0xF447,0xFC47,0xFC46,0xFC46,0xFC46,0xF447,0xFC46,0xFC26,0xFC26,
  0xFC26,0xFC26,0xFC26,0xF406,0xFC68,0x9AE6,0x0000,0x0947,0x25DB,0x067F,0x065F,0x067F,0x069F,0x069F,0x069F,0x069F,
  0x069F,0x067F,0x069F,0x069F,0x067F,0x067F,0x069F,0x069F,0x069F,0x069F,0x067F,0x067F,0x067F,0x067F,0x067F,0x067F,
  0x067F,0x067F,0x069F,0x067F,0x067F,0x067F,0x069F,0x067F,0x067F,0x069F,0x067F,0x067F,0x067F,0x069F,0x067F,0x067F,
  0x067F,0x067F,0x067F,0x067F,0x067F,0x067F,0x067F,0x069F,0x069F,0x069F,0x069F,0x069F,0x069F,0x069F,0x063F,0x04DD,
  0xFC67,0xFC67,0xFC67,0xFC67,0xFC67,0xFC67,0xFC67,0xFC67,0xFC67,0xFC67,0xFC67,0xFC67,0xFC67,0xFC67,0xFC47,0xFC47,
  0xFC47,0xFC47,0xFC47,0xFC47,0xFC47,0xFC47,0xFC47,0xFC47,0xFC47,0xFC47,0xFC47,0xFC47,0xFC67,0xFC67,0xFC67,0xFC67,
  0xFC67,0xFC67,0xFC67,0xFC67,0xFC67,0xFC67,0xFC67,0xFC67,0xFC67,0xFC67,0xFC67,0xFC67,0xFC67,0xFC66,0xFC66,0xFC67,
  0xFC67,0xFC67,0xFC67,0xFC67,0xF467,0xFC68,0xF468,0xFC68,0xFC67,0xFC67,0xFC67,0xFC67,0xFC67,0xFC67,0xFC67,0xFC67,
  0xFC47,0xFC47,0xFC47,0xFC26,0xFC88,0x9AE6,0x0000,0x0946,0x25FB,0x06BF,0x069F,0x069F,0x069F,0x067F,0x069F,0x06BF,
  0x06DE,0x0EFF,0x16DF,0x16BF,0x0EDF,0x06BF,0x069F,0x069F,0x069F,0x069F,0x069F,0x069F,0x069F,0x069F,0x069F,0x06BF,
  0x06BF,0x06BF,0x0EBF,0x16BF,0x16BF,0x16DF,0x16DF,0x16DF,0x16BF,0x069F,0x069F,0x069F,0x069F,0x06BF,0x06BF,0x069F,
  0x069F,0x069F,0x069F,0x069F,0x069F,0x069F,0x069F,0x06BF,0x069F,0x069F,0x069F,0x06BF,0x06BF,0x06BF,0x065F,0x051D,
  0xFC46,0xFC46,0xFC46,0xFC47,0xFC47,0xFC46,0xFC47,0xFC47,0xFC47,0xFC47,0xFC47,0xFC47,0xFC47,0xFC46,0xFC26,0xFC26,
  0xFC26,0xFC26,0xFC26,0xFC26,0xFC26,0xFC26,0xFC26,0xFC26,0xFC26,0xFC26,0xFC26,0xFC26,0xFC46,0xFC46,0xFC46,0xFC46,
  0xFC46,0xFC46,0xFC46,0xFC46,0xFC46,0xFC46,0xFC46,0xFC46,0xFC46,0xFC46,0xFC46,0xFC46,0xFC46,0xFC47,0xFC47,0xFC47,
  0xFC27,0xFC27,0xFC26,0xFC46,0xFC46,0xFC26,0xFC26,0xFC26,0xFC46,0xFC46,0xFC47,0xFC47,0xFC47,0xFC47,0xFC46,0xFC46,
  0xFC27,0xFC26,0xFC26,0xF406,0xFC67,0x9AC6,0x0000,0x0946,0x25DA,0x067E,0x067F,0x067F,0x067F,0x067F,0x067F,0x0E9E,
  0x1599,0x1BF2,0x23D2,0x23D2,0x1C33,0x15FB,0x069F,0x069F,0x069F,0x069F,0x069F,0x069F,0x069F,0x067F,0x067F,0x069F,
  0x069E,0x0E5C,0x1CD6,0x1B91,0x23B1,0x1BD0,0x23B1,0x23B1,0x1454,0x0E1C,0x069F,0x067F,0x067F,0x067F,0x069F,0x069F,
  0x069F,0x069F,0x067F,0x067F,0x067F,0x067F,0x069F,0x069F,0x067F,0x067F,0x067F,0x069F,0x069F,0x069F,0x063F,0x04DC,
  0xFC46,0xFC67,0xFC67,0xFC47,0xFC67,0xFC67,0xFC67,0xFC67,0xFC67,0xFC67,0xFC67,0xFC47,0xFC47,0xFC47,0xFC47,0xFC67,
  0xFC67,0xFC67,0xFC67,0xFC67,0xFC67,0xFC67,0xFC67,0xFC67,0xFC67,0xFC67,0xFC67,0xFC67,0xFC47,0xFC47,0xFC47,0xFC47,
  0xFC67,0xFC67,0xFC67,0xFC47,0xFC67,0xFC67,0xFC67,0xFC67,0xFC67,0xFC67,0xFC67,0xFC67,0xFC67,0xFC47,0xFC47,0xFC47,
  0xFC47,0xFC67,0xFC66,0xFC67,0xFC68,0xFC67,0xFC67,0xFC67,0xFC67,0xFC67,0xFC67,0xFC87,0xFC88,0xFC67,0xFC67,0xFC67,
  0xFC67,0xFC47,0xFC67,0xFC47,0xFC88,0x9AE6,0x0000,0x0946,0x25DA,0x067F,0x067F,0x067F,0x069F,0x069F,0x069F,0x0EBF,
  0x1413,0x0001,0x0021,0x0001,0x0083,0x2538,0x1EFF,0x169F,0x16BF,0x0EBF,0x069F,0x06BF,0x06BF,0x069F,0x0E9F,0x0E7E,
  0x167E,0x265C,0x128B,0x0000,0x0000,0x0000,0x0000,0x0000,0x00E6,0x15BA,0x06DF,0x069F,0x069F,0x067F,0x069F,0x069F,
  0x069F,0x069F,0x069F,0x069F,0x069F,0x069F,0x069F,0x069F,0x069F,0x06BF,0x069F,0x069F,0x069F,0x069F,0x0E5F,0x04FC,
  0xFC27,0xFC27,0xFC26,0xFC26,0xFC26,0xFC26,0xFC26,0xFC26,0xFC26,0xFC26,0xFC26,0xFC26,0xFC26,0xFC26,0xFC26,0xFC26,
  0xFC26,0xFC26,0xFC26,0xFC26,0xFC46,0xFC46,0xFC46,0xFC46,0xFC46,0xFC46,0xFC46,0xFC46,0xFC46,0xFC46,0xFC46,0xFC46,
  0xFC46,0xFC46,0xFC46,0xFC46,0xFC26,0xFC26,0xFC26,0xFC26,0xFC46,0xFC46,0xFC46,0xFC46,0xF446,0xFC26,0xFC26,0xFC26,
  0xFC26,0xFC46,0xFC46,0xFC47,0xFC67,0xF466,0xF467,0xF447,0xFC47,0xFC47,0xFC47,0xFC46,0xFC46,0xFC47,0xFC47,0xFC47,
  0xFC47,0xFC46,0xFC47,0xF426,0xFC87,0x9AE6,0x0000,0x0946,0x25DB,0x067F,0x067F,0x067F,0x067F,0x067F,0x067F,0x069E,
  0x14F6,0x0A4A,0x0A2A,0x0A2A,0x0A6B,0x23D2,0x2454,0x1C34,0x1C34,0x159A,0x0E9F,0x067F,0x069F,0x0DDC,0x1494,0x1C53,
  0x1C33,0x2433,0x232F,0x0A2A,0x0A4B,0x0A29,0x0A2A,0x0A09,0x0ACE,0x0DDB,0x06BF,0x069F,0x069F,0x067F,0x067F,0x069F,
  0x069F,0x069F,0x069F,0x069F,0x069F,0x069F,0x069F,0x069F,0x069F,0x069F,0x069F,0x069F,0x069F,0x069F,0x065F,0x04FC,
  0xFC68,0xFC47,0xFC67,0xFC67,0xFC67,0xFC67,0xFC67,0xFC67,0xFC68,0xFC68,0xFC68,0xFC68,0xFC68,0xFC68,0xFC68,0xFC67,
  0xFC68,0xFC68,0xFC68,0xFC68,0xFC68,0xFC68,0xFC68,0xFC68,0xFC68,0xFC68,0xFC68,0xFC68,0xFC68,0xFC68,0xFC68,0xFC68,
  0xFC68,0xFC68,0xFC68,0xFC68,0xFC67,0xFC67,0xFC67,0xFC67,0xFC68,0xFC68,0xFC68,0xFC68,0xF467,0xF468,0xFC68,0xFC68,
  0xFC68,0xFC88,0xFC87,0xFC67,0xFC66,0xFC67,0xFC67,0xFC67,0xFC67,0xFC67,0xFC47,0xFC47,0xFC47,0xFC67,0xFC67,0xFC67,
  0xFC67,0xFC67,0xFC67,0xFC46,0xFC88,0x9B06,0x0000,0x0946,0x25FB,0x069F,0x067F,0x067F,0x069F,0x069F,0x067F,0x0E7F,
  0x169E,0x269D,0x267D,0x2E7D,0x3DFB,0x09A8,0x0000,0x0001,0x0022,0x0BB0,0x16FF,0x069E,0x0EDF,0x0CD7,0x0062,0x0000,
  0x0000,0x0022,0x2474,0x2E5E,0x165D,0x265D,0x265D,0x265C,0x1E3D,0x0E7F,0x069F,0x069F,0x06BF,0x06BF,0x069F,0x069F,
  0x069F,0x069F,0x069F,0x069F,0x069F,0x069F,0x069F,0x069F,0x069F,0x069F,0x069F,0x069F,0x069F,0x069F,0x065F,0x051C,
  0xCBC7,0xD3C7,0xD3C7,0xCBE8,0xCBE8,0xCBE8,0xCBE8,0xCBE8,0xCBE8,0xCBE8,0xCBE8,0xCBE8,0xCBE8,0xCBE8,0xCBE8,0xCBE8,
  0xCBE8,0xCBE8,0xCBE8,0xCBE8,0xD3E9,0xD3E9,0xD3E9,0xD3E9,0xD3E9,0xD3E9,0xD3E9,0xD3E9,0xCBE8,0xCBE8,0xCBE8,0xCBE8,
  0xCBE8,0xCBE8,0xCBE8,0xCBE8,0xCBE8,0xCBE8,0xCBE8,0xCBE8,0xCBE8,0xCBE8,0xCBE8,0xCBE8,0xCC08,0xCC09,0xCBE9,0xD3E8,
  0xD3E8,0xCC09,0xCBE8,0xDBE7,0xF447,0xF447,0xFC47,0xFC47,0xFC47,0xFC47,0xFC46,0xFC46,0xFC46,0xFC47,0xFC47,0xFC47,
  0xFC47,0xFC47,0xFC67,0xF446,0xFC88,0x9AE6,0x0000,0x0946,0x25DB,0x069F,0x067F,0x067F,0x069F,0x069F,0x069F,0x0E7F,
  0x067F,0x069F,0x0E7F,0x069E,0x1E1C,0x0AAC,0x0145,0x0166,0x0166,0x0C32,0x16FF,0x067E,0x0EDF,0x153A,0x01A9,0x0166,
  0x0146,0x0167,0x0CD6,0x0E7F,0x067F,0x067E,0x069F,0x069F,0x069F,0x067F,0x067F,0x069F,0x069F,0x069F,0x069F,0x069F,
  0x069F,0x069F,0x069F,0x069F,0x069F,0x069F,0x069F,0x069F,0x069F,0x069F,0x069F,0x069F,0x069F,0x069F,0x063F,0x04FC,
  0x0800,0x1020,0x1020,0x1020,0x1020,0x1020,0x1020,0x1020,0x1020,0x1020,0x1020,0x1020,0x1020,0x1020,0x1020,0x1020,
  0x1020,0x1020,0x1020,0x1020,0x1020,0x1020,0x1020,0x1020,0x1020,0x1020,0x1020,0x1020,0x1020,0x1020,0x1020,0x1020,
  0x1020,0x1020,0x1020,0x1020,0x1020,0x1020,0x1020,0x1020,0x1020,0x1020,0x1020,0x1020,0x1020,0x1020,0x1020,0x1820,
  0x1820,0x1020,0x1020,0x3081,0xC3C9,0xFC88,0xFC67,0xFC47,0xFC47,0xFC48,0xFC47,0xFC47,0xFC47,0xFC67,0xFC67,0xFC67,
  0xFC67,0xFC67,0xFC67,0xFC67,0xFCC8,0xA326,0x0000,0x0946,0x25FB,0x069F,0x069F,0x067F,0x069F,0x069F,0x069E,0x067F,
  0x069F,0x069F,0x067E,0x067F,0x0E5E,0x261C,0x25FB,0x25FB,0x25FB,0x165D,0x069F,0x069F,0x06BF,0x0E9F,0x261C,0x1E3A,
  0x261B,0x25FC,0x165E,0x069F,0x069F,0x069F,0x069F,0x069F,0x069F,0x067F,0x069F,0x069F,0x069F,0x067F,0x069F,0x069F,
  0x069F,0x069F,0x069F,0x069F,0x069F,0x069F,0x069F,0x069F,0x069F,0x069F,0x069F,0x069F,0x069F,0x069F,0x0E5F,0x04FD,
  0x1061,0x10C2,0x0882,0x0882,0x10A1,0x0881,0x0881,0x0881,0x0881,0x0881,0x0881,0x0881,0x0881,0x0881,0x0881,0x0881,
  0x0881,0x0881,0x0881,0x0881,0x0881,0x0881,0x0881,0x0881,0x0881,0x0881,0x0881,0x0881,0x0881,0x0881,0x0881,0x0881,
  0x1082,0x1082,0x0881,0x0881,0x0881,0x0881,0x0881,0x0881,0x0881,0x0881,0x0881,0x0861,0x0861,0x0861,0x0861,0x0861,
  0x0861,0x0882,0x1061,0x20C3,0xABEC,0xECAA,0xEC48,0xFC47,0xF447,0xFC47,0xFC48,0xFC48,0xFC47,0xFC67,0xFC67,0xFC67,
  0xFC67,0xFC67,0xFC67,0xFC46,0xFCC8,0xA326,0x0000,0x0946,0x261B,0x069F,0x069F,0x069F,0x069F,0x069F,0x069E,0x067F,
  0x069F,0x069F,0x0E5D,0x1E1C,0x25FD,0x2E1D,0x261C,0x261C,0x2E1B,0x163D,0x067F,0x067F,0x069F,0x069F,0x06BF,0x06BD,
  0x1E3D,0x2E3D,0x263D,0x263C,0x263C,0x263D,0x163D,0x067F,0x069F,0x069F,0x069F,0x069F,0x069F,0x069F,0x069F,0x069F,
  0x069F,0x069F,0x069F,0x069F,0x069F,0x069F,0x069F,0x069F,0x069F,0x069F,0x069F,0x069F,0x069F,0x069F,0x0E5F,0x04FC,
  0xCDF6,0xBDF5,0xBDB5,0xB5B4,0xB5B4,0xB573,0xAD52,0xAD53,0xB5B4,0xBDB4,0xB593,0xB594,0xB5B4,0xB5B4,0xB5B4,0xB5B4,
  0xB5B4,0xB5B4,0xB5B4,0xB5B4,0xBDB4,0xBDB4,0xBDB4,0xB5B4,0xB5B4,0xB5B4,0xBDB4,0xBDB4,0xBDD4,0xBDD4,0xBDD4,0xBDD4,
  0xBDD4,0xBDD4,0xBDD4,0xBDD4,0xB5B4,0xB5B4,0xB5B4,0xB5B4,0xB5B4,0xB5B4,0xB5B4,0xB5B4,0xB5B4,0xB5B4,0xBD94,0xB594,
  0xB594,0xBD94,0xBD94,0xBD53,0x5227,0x38E2,0xB368,0xF489,0xFC26,0xFC26,0xFC46,0xF466,0xF466,0xFC47,0xFC47,0xFC47,
  0xFC47,0xFC47,0xFC47,0xF446,0xFCA8,0x9B26,0x0000,0x0966,0x261B,0x069F,0x069F,0x069F,0x069F,0x069F,0x067F,0x067F,
  0x067F,0x0E7F,0x2538,0x09C8,0x0946,0x0946,0x0965,0x0966,0x0946,0x13D2,0x167F,0x067F,0x069F,0x069F,0x06BF,0x161C,
  0x128D,0x0946,0x0966,0x0966,0x0986,0x0966,0x1BB2,0x1E7E,0x0E7F,0x069F,0x069F,0x069F,0x069F,0x067F,0x069F,0x069F,
  0x069F,0x069F,0x067F,0x067F,0x067F,0x067F,0x067F,0x067F,0x067F,0x069F,0x069F,0x069F,0x069F,0x069F,0x0E5F,0x04FC,
  0xFFBB,0xEF3A,0xEF59,0xEF38,0xEF39,0xE6F8,0xDEB7,0xDEB7,0xEF39,0xEF59,0xEF59,0xEF39,0xEF59,0xEF59,0xEF59,0xEF59,
  0xEF59,0xEF59,0xEF59,0xEF5A,0xEF5A,0xEF5A,0xEF5A,0xEF5A,0xEF5A,0xEF5A,0xEF5A,0xEF5A,0xEF5A,0xEF5A,0xEF5A,0xEF5A,
  0xEF5A,0xEF5A,0xEF5A,0xEF5A,0xEF5A,0xEF5A,0xEF5A,0xEF5A,0xEF5A,0xEF5A,0xEF5A,0xEF5A,0xEF5A,0xEF5A,0xEF5A,0xEF5A,
  0xEF5A,0xEF39,0xF759,0xE6D8,0x31A5,0x0000,0x9B69,0xECAB,0xF468,0xFC67,0xFC67,0xFC87,0xFC87,0xFC67,0xFC67,0xFC67,
  0xFC67,0xFC67,0xFC67,0xFC67,0xFCC8,0xA326,0x0000,0x0966,0x261C,0x06BF,0x069F,0x069F,0x069F,0x069F,0x067F,0x069F,
  0x067F,0x0E9F,0x2CF6,0x0020,0x0000,0x0000,0x0000,0x0000,0x0000,0x134E,0x16BF,0x069F,0x069F,0x069E,0x0EBF,0x1E1C,
  0x0987,0x0000,0x0000,0x0000,0x0000,0x0000,0x1B0E,0x1EBE,0x06BF,0x06DF,0x069F,0x069F,0x069F,0x069F,0x069F,0x069F,
  0x069F,0x069F,0x069F,0x069F,0x069F,0x069F,0x069F,0x069F,0x069F,0x069F,0x069F,0x069F,0x069F,0x069F,0x0E5F,0x051D,
  0xC5F3,0xBDD3,0xBDF3,0xBDD2,0xBDD2,0xBDD3,0xD697,0xDEB7,0xE6F7,0xE718,0xE6F8,0xE718,0xDEF8,0xDEF7,0xE6F8,0xDEF8,
  0xDEF8,0xDEF7,0xE6F8,0xE6F7,0xDEF7,0xDEF8,0xDEF8,0xDEF8,0xDEF8,0xDEF8,0xDEF8,0xDEF8,0xE6F8,0xE6F8,0xE6F8,0xE6F8,
  0xE6F8,0xE6F8,0xE6F8,0xE6F8,0xE6F8,0xE6F8,0xE6F8,0xE6F8,0xE6F8,0xE6F8,0xE6F8,0xE6F8,0xDEF8,0xDEF8,0xDEF8,0xDEF8,
  0xDEF8,0xDEF7,0xE6F8,0xDED8,0xAD72,0x9CB0,0x6288,0x4143,0x9AC5,0xFC88,0xFC47,0xFC67,0xFC67,0xFC67,0xFC47,0xFC47,
  0xFC47,0xFC47,0xFC47,0xF446,0xFCA8,0xA327,0x0000,0x0946,0x25FB,0x06BF,0x069F,0x069F,0x069F,0x067F,0x067F,0x067F,
  0x067F,0x06BF,0x2516,0x0061,0x10A2,0x8430,0x9D13,0x29E6,0x0000,0x136F,0x0EBF,0x067F,0x067F,0x069F,0x069F,0x1E5D,
  0x85B7,0xAD55,0x4A4A,0x0000,0x0821,0x0020,0x134E,0x16BE,0x069F,0x069F,0x067F,0x067F,0x069F,0x069F,0x069F,0x067F,
  0x067F,0x067F,0x067F,0x069F,0x069F,0x069F,0x069F,0x067F,0x067F,0x067F,0x069F,0x069F,0x069F,0x069F,0x065E,0x04FC,
  0xB571,0xB571,0xAD71,0xAD50,0xAD30,0xB552,0xE6F8,0xEF59,0xEF38,0xE738,0xE738,0xE739,0xE739,0xEF59,0xEF5A,0xEF5A,
  0xEF7A,0xEF59,0xEF5A,0xEF59,0xEF59,0xEF59,0xEF5A,0xEF5A,0xEF5A,0xEF5A,0xEF59,0xEF59,0xEF5A,0xEF5A,0xEF5A,0xEF5A,
  0xEF5A,0xEF5A,0xEF5A,0xEF5A,0xEF5A,0xEF5A,0xEF5A,0xEF5A,0xEF5A,0xEF5A,0xEF5A,0xEF5A,0xEF5A,0xEF5A,0xEF5A,0xEF5A,
  0xEF59,0xEF59,0xE738,0xEF38,0xF79A,0xF79A,0x5248,0x0000,0x7A24,0xFCC9,0xFC67,0xFC87,0xFC67,0xFC67,0xFC67,0xFC67,
  0xFC67,0xFC47,0xFC67,0xFC67,0xFCC9,0x9B27,0x0000,0x0946,0x2E3B,0x06BF,0x069F,0x069F,0x069F,0x069F,0x069F,0x069F,
  0x069F,0x06BF,0x2D16,0x0021,0x18E3,0xE71C,0xFFFF,0x52AB,0x0000,0x1B6F,0x16DF,0x069F,0x069F,0x06BF,0x069E,0x269E,
  0xDFFF,0xFFFF,0x73AF,0x0000,0x0821,0x0000,0x1B0E,0x1E9E,0x06BF,0x069F,0x069F,0x069F,0x069F,0x069F,0x069F,0x069F,
  0x069F,0x069F,0x069F,0x069F,0x069F,0x069F,0x069F,0x069F,0x069F,0x069F,0x069F,0x069F,0x069F,0x069F,0x0E5F,0x051C,
  0xAD50,0xAD30,0xAD30,0xAD50,0xAD30,0xB552,0xE6F8,0xEF39,0xE718,0xE718,0xE718,0xE739,0xAD52,0x7BAD,0x7BCE,0x7BEE,
  0x7BEE,0x7BED,0x7BCD,0x7BCD,0x7BCD,0x7BCD,0x7BCD,0x7BCD,0x7BCD,0x7BCD,0x7BCD,0x7BCD,0x7BAD,0x7BAD,0x7BAD,0x7BAD,
  0x7BCD,0x7BCD,0x7BCD,0x7BCD,0x7BCD,0x7BCD,0x7BCD,0x7BCD,0x7BCE,0x7BCE,0x7BCE,0x7BCE,0x7BCE,0x7BCE,0x7BCD,0x7BCD,
  0x7BCD,0x8C2E,0xDEB7,0xE718,0xE718,0xE719,0x5268,0x0000,0x7A24,0xFCA8,0xFC27,0xFC47,0xFC46,0xF446,0xF446,0xF426,
  0xF426,0xF426,0xF426,0xF426,0xFC88,0x9B06,0x0000,0x0947,0x261B,0x069F,0x067F,0x067F,0x067E,0x069E,0x06BE,0x067F,
  0x067F,0x06BF,0x2CF7,0x0062,0x0841,0x6B6D,0x8410,0x2925,0x0000,0x1B4F,0x16BF,0x069F,0x067F,0x067F,0x067F,0x1E1C,
  0x74D4,0x94B2,0x31E7,0x0000,0x0821,0x0000,0x1ACE,0x1E5E,0x067F,0x069E,0x067F,0x069F,0x069F,0x069F,0x069F,0x069F,
  0x069F,0x069F,0x069F,0x069F,0x069F,0x069F,0x069F,0x069F,0x069F,0x067F,0x067F,0x067F,0x069F,0x069F,0x0E3E,0x04FC,
  0xB571,0xB571,0xB571,0xB571,0xB571,0xBD93,0xE719,0xEF59,0xE739,0xE739,0xEF5A,0xFFDC,0x738C,0x0000,0x0000,0x0000,
  0x0000,0x0000,0x0000,0x0000,0x0000,0x0000,0x0000,0x0000,0x0000,0x0000,0x0000,0x0000,0x0000,0x0000,0x0000,0x0000,
  0x0000,0x0000,0x0000,0x0000,0x0000,0x0000,0x0000,0x0000,0x0000,0x0000,0x0000,0x0000,0x0000,0x0000,0x0000,0x0000,
  0x0000,0x10C1,0xD6B7,0xF7BA,0xEF38,0xE739,0x5268,0x0000,0x7224,0xFCA9,0xFC47,0xFC67,0xFC67,0xFC67,0xFC67,0xFC67,
  0xFC47,0xFC67,0xFC67,0xFC67,0xFCC9,0xA326,0x0000,0x0987,0x2E5D,0x0EBF,0x069F,0x06BF,0x069F,0x06BF,0x069F,0x067F,
  0x069F,0x0EBF,0x2CF7,0x0022,0x0000,0x0000,0x0000,0x0000,0x0000,0x132F,0x1EFF,0x06BF,0x069F,0x067F,0x0E9F,0x1DBA,
  0x0105,0x0000,0x0000,0x0000,0x0000,0x0000,0x12AE,0x1E5E,0x067E,0x069E,0x069F,0x069F,0x069F,0x069F,0x069F,0x069F,
  0x069F,0x069F,0x069F,0x069F,0x069F,0x069F,0x06BF,0x06BF,0x069F,0x069F,0x069F,0x069F,0x069F,0x06BF,0x0E5F,0x051C,
  0xAD30,0xAD30,0xAD30,0xAD30,0xAD30,0xB572,0xE6F8,0xEF39,0xE739,0xE739,0xC615,0xB594,0x6B8D,0x1946,0x2168,0x2167,
  0x2167,0x2188,0x2168,0x2147,0x1947,0x2167,0x1946,0x1966,0x1966,0x1967,0x1967,0x1947,0x1947,0x1967,0x1967,0x1967,
  0x1967,0x1967,0x1967,0x1967,0x1967,0x1967,0x1967,0x2167,0x1967,0x1967,0x1967,0x2167,0x1947,0x1947,0x1967,0x1967,
  0x1946,0x31E7,0x9CF2,0xBDD4,0xDEF8,0xE739,0x4A68,0x0000,0x7204,0xF488,0xF406,0xFC26,0xFC06,0xF426,0xF426,0xFC26,
  0xFC26,0xFC26,0xFC26,0xF426,0xFC88,0x9B06,0x0000,0x0925,0x3474,0x24F8,0x1E3D,0x069F,0x069F,0x069F,0x067F,0x067F,
  0x067F,0x069F,0x1579,0x026B,0x022A,0x0A2A,0x024A,0x022A,0x022A,0x0C54,0x16DF,0x06BF,0x06BF,0x069F,0x067F,0x0E1C,
  0x030F,0x01E9,0x020A,0x01E9,0x0209,0x01E9,0x0BD3,0x0E3E,0x065E,0x067F,0x067F,0x069F,0x067F,0x067F,0x067F,0x069F,
  0x069F,0x069F,0x069F,0x069F,0x069F,0x069F,0x069F,0x069F,0x067F,0x067F,0x067F,0x069F,0x069F,0x069F,0x065F,0x051C,
  0xAD50,0xAD50,0xAD51,0xB571,0xB551,0xB592,0xE719,0xEF59,0xE739,0xE739,0x52A8,0x0020,0x4AED,0x7CD7,0x7496,0x7C95,
  0x7CB6,0x74B7,0x7497,0x7476,0x6C76,0x6C76,0x6C96,0x6C96,0x6C96,0x6C96,0x6C96,0x6C76,0x6C76,0x6C76,0x7496,0x7496,
  0x6C76,0x7476,0x7496,0x7476,0x7497,0x7497,0x7497,0x7497,0x7497,0x7497,0x7497,0x7497,0x7496,0x7496,0x7497,0x7496,
  0x84D7,0x6BD1,0x0062,0x18C2,0xBDF5,0xEF5A,0x4A47,0x0000,0x7224,0xFC88,0xFC27,0xFC47,0xFC46,0xFC47,0xFC47,0xFC47,
  0xFC47,0xFC47,0xFC47,0xFC47,0xFCA8,0x9B06,0x0000,0x0000,0x0021,0x0105,0x2599,0x0EBF,0x06BF,0x069F,0x069F,0x069F,
  0x069F,0x06BF,0x0E9F,0x1E7D,0x1E7D,0x1E5D,0x267E,0x1E5D,0x1E7D,0x169E,0x06BF,0x06BF,0x06BE,0x069F,0x067F,0x067F,
  0x1E3E,0x1E3D,0x1E3D,0x1E1D,0x1E3D,0x1E3D,0x165D,0x067F,0x0E7F,0x067F,0x069F,0x069F,0x067F,0x069F,0x069F,0x069F,
  0x069F,0x069F,0x069F,0x069F,0x069F,0x069F,0x069F,0x069F,0x069F,0x069F,0x069F,0x06BF,0x06BF,0x06BF,0x0E9F,0x051C,
  0xAD50,0xAD50,0xAD50,0xAD50,0xAD50,0xB592,0xE718,0xE759,0xE739,0xE739,0x4A88,0x0000,0x42EE,0x74F8,0x74D7,0x7CD6,
  0x7CF7,0x6CB7,0x6C98,0x74B7,0x74B7,0x6C96,0x6476,0x6477,0x6497,0x6497,0x6497,0x6497,0x6477,0x6477,0x6497,0x6497,
  0x6477,0x6477,0x6497,0x6497,0x6497,0x6497,0x6497,0x6497,0x6497,0x6497,0x6497,0x6497,0x6C97,0x6C77,0x6C98,0x6C98,
  0x7CD8,0x63D3,0x0042,0x10A3,0xBDD5,0xEF59,0x4A47,0x0000,0x6A04,0xF488,0xF427,0xFC47,0xFC46,0xFC46,0xFC46,0xFC46,
  0xFC27,0xFC47,0xFC47,0xFC47,0xFC88,0xB327,0x30C1,0x20C2,0x0000,0x00A2,0x2D79,0x06DF,0x069F,0x069F,0x069F,0x067F,
  0x069F,0x067F,0x069F,0x069F,0x069F,0x067F,0x067F,0x067F,0x069F,0x069F,0x069F,0x069F,0x069F,0x069F,0x067F,0x069E,
  0x069F,0x069F,0x069F,0x067F,0x067F,0x067F,0x069E,0x069F,0x067F,0x067F,0x069F,0x069F,0x067F,0x069F,0x069F,0x069F,
  0x069F,0x069F,0x069F,0x069F,0x069F,0x069F,0x069F,0x069F,0x069F,0x069F,0x06BF,0x069F,0x067F,0x063F,0x0E1F,0x04FC,
  0xAD50,0xAD50,0xAD50,0xAD50,0xAD50,0xB571,0xE718,0xE759,0xEF59,0xE739,0x4A88,0x0000,0x4ACD,0x74B7,0x8D59,0xB69C,
  0xA61A,0x74B7,0x74B7,0xA61B,0xB67C,0x7CF7,0x6435,0x6456,0x6477,0x6477,0x6476,0x6476,0x6476,0x6476,0x6476,0x6476,
  0x6476,0x6476,0x6476,0x6476,0x6476,0x6476,0x6476,0x6476,0x6476,0x6476,0x6476,0x6477,0x6C97,0x6CB7,0x6CB8,0x6CB7,
  0x74D7,0x63D2,0x0042,0x10A2,0xBDD4,0xEF5A,0x4A47,0x0000,0x7224,0xF489,0xF427,0xFC47,0xFC46,0xFC26,0xFC26,0xFC26,
  0xFC26,0xFC27,0xFC47,0xFC47,0xFC67,0xEC48,0xDC28,0xB3C9,0x1040,0x00A4,0x2D79,0x0EBF,0x069F,0x06BF,0x069F,0x067F,
  0x069F,0x069F,0x069F,0x069F,0x069F,0x069F,0x069F,0x069F,0x069F,0x069F,0x069F,0x069F,0x069F,0x069F,0x069F,0x069F,
  0x067F,0x069F,0x069F,0x067F,0x069F,0x067F,0x067F,0x069F,0x069F,0x067F,0x069F,0x069F,0x069F,0x069F,0x069F,0x069F,
  0x069F,0x069F,0x069F,0x069F,0x069F,0x069F,0x069F,0x069F,0x069F,0x069F,0x069F,0x069F,0x0E3F,0x053C,0x051D,0x0CDC,
  0xAD50,0xAD50,0xAD50,0xB551,0xAD50,0xB591,0xE718,0xE739,0xE739,0xE739,0x4A67,0x0000,0x52ED,0x8CF6,0x9D98,0xCEFD,
  0xBE7B,0x8CF6,0x84D6,0xC69C,0xCEFD,0x9D78,0x7C95,0x7CB6,0x7CD7,0x7CD7,0x7CD6,0x7CD6,0x7CB7,0x7CB7,0x7CD7,0x7CD7,
  0x74B7,0x74B7,0x74B7,0x74B7,0x74B6,0x74D6,0x74D6,0x74B7,0x7CD7,0x7CD7,0x7CD7,0x7CD7,0x7CF7,0x84F6,0x8517,0x84F7,
  0x8D37,0x6C12,0x0041,0x10A2,0xBDD5,0xF77A,0x4A48,0x0000,0x7224,0xFCC9,0xFC47,0xFC67,0xFC46,0xFC46,0xFC46,0xFC46,
  0xFC47,0xFC46,0xFC47,0xFC47,0xFC47,0xFC67,0xFCA9,0xCC29,0x1060,0x00A4,0x2D99,0x06BF,0x069F,0x06BF,0x069F,0x069F,
  0x06BF,0x06BF,0x069F,0x069F,0x069F,0x069F,0x069F,0x069F,0x069F,0x069F,0x069F,0x069F,0x069F,0x069F,0x069F,0x069F,
  0x067F,0x067F,0x069F,0x069F,0x069F,0x069F,0x067F,0x069F,0x069F,0x069F,0x069F,0x069F,0x069F,0x069F,0x069F,0x06BF,
  0x06BF,0x069F,0x069F,0x06BF,0x06BF,0x069F,0x069F,0x06BF,0x069F,0x06BF,0x069F,0x069F,0x0E1F,0x04FC,0x04FC,0x04FC,
  0xAD30,0xAD2F,0xAD30,0xAD30,0xAD30,0xB551,0xE6F8,0xE739,0xE738,0xE718,0x4A47,0x0000,0x94D4,0xEF7E,0xE77E,0xEFBF,
  0xEF9F,0xE75E,0xE75D,0xEFBF,0xEFBF,0xE77E,0xDF3D,0xDF5E,0xDF5E,0xDF5E,0xDF5E,0xDF5E,0xDF5E,0xDF5E,0xDF5E,0xDF5E,
  0xDF5E,0xDF5E,0xDF5E,0xDF5E,0xDF5E,0xDF5E,0xDF5E,0xDF5E,0xDF5E,0xDF5E,0xDF5E,0xDF5E,0xDF5E,0xDF5E,0xDF5D,0xDF3D,
  0xEF7E,0xB5F8,0x0882,0x10A2,0xBDF5,0xF77B,0x5248,0x0000,0x7224,0xFCC9,0xFC47,0xFC47,0xFC46,0xFC46,0xFC46,0xFC46,
  0xFC46,0xFC46,0xFC46,0xFC46,0xFC46,0xFC46,0xFC68,0xC428,0x1840,0x00A4,0x2D79,0x069F,0x069F,0x069F,0x069F,0x069F,
  0x069F,0x067F,0x067F,0x067F,0x069F,0x069F,0x069F,0x067F,0x067F,0x069F,0x069F,0x067F,0x067F,0x067F,0x067F,0x067F,
  0x067F,0x067F,0x067F,0x067F,0x067F,0x067F,0x069F,0x069F,0x067F,0x067F,0x069F,0x067F,0x069E,0x067F,0x0E5F,0x067F,
  0x06BE,0x069F,0x069F,0x069F,0x06BF,0x069F,0x069F,0x069F,0x069F,0x069F,0x069F,0x069F,0x061E,0x04FC,0x04DC,0x04FC,
  0xAD50,0xAD50,0xAD50,0xB551,0xAD30,0xB571,0xE718,0xEF39,0xE738,0xE739,0x4A68,0x0000,0xA534,0xFFFF,0xFFFF,0xFFFF,
  0xFFFF,0xFFFF,0xFFFF,0xFFFF,0xFFFF,0xFFFF,0xFFFF,0xFFFF,0xFFFF,0xFFFF,0xFFFF,0xFFFF,0xFFFF,0xFFFF,0xFFFF,0xFFFF,
  0xFFFF,0xFFFF,0xFFFF,0xFFFF,0xFFFF,0xFFFF,0xFFFF,0xFFFF,0xFFFF,0xFFFF,0xFFFF,0xFFFF,0xFFFF,0xFFFF,0xFFFF,0xFFFF,
  0xFFFF,0xD69A,0x10A2,0x10A1,0xBDF5,0xF77B,0x5268,0x0000,0x7224,0xFCC9,0xFC68,0xFC88,0xFC67,0xFC67,0xFC67,0xFC67,
  0xFC67,0xFC67,0xFC67,0xFC67,0xFC67,0xFC66,0xFC87,0xCC08,0x1820,0x0083,0x4537,0x2E3D,0x0E5E,0x069F,0x069F,0x06BF,
  0x069F,0x069F,0x069F,0x069F,0x069F,0x069F,0x069F,0x067F,0x069E,0x069F,0x069F,0x0E7F,0x0E7F,0x069F,0x069F,0x069F,
  0x069F,0x069F,0x069F,0x069F,0x069F,0x069F,0x069F,0x069F,0x069F,0x069F,0x069F,0x069E,0x069E,0x1E3D,0x2E1C,0x165D,
  0x067F,0x069F,0x069F,0x069F,0x069F,0x069F,0x069F,0x069F,0x069F,0x069F,0x069F,0x069F,0x061F,0x04FC,0x0CDD,0x04FD,
  0xA50F,0xA50F,0xA50F,0xAD10,0xA50F,0xAD50,0xDEF7,0xE738,0xE738,0xDF18,0x4A68,0x0000,0xA4F3,0xFFFF,0xFFDF,0xFFFF,
  0xFFFF,0xFFDF,0xFFDF,0xFFDF,0xFFFF,0xFFDF,0xFFDF,0xFFDF,0xFFFF,0xFFFF,0xFFFF,0xFFFF,0xFFFF,0xFFFF,0xFFFF,0xFFDF,
  0xFFDF,0xFFDF,0xFFDF,0xFFDF,0xFFDF,0xFFDF,0xFFDF,0xFFDF,0xFFDF,0xFFDF,0xFFDF,0xFFDF,0xFFDF,0xFFDF,0xFFFF,0xFFDF,
  0xFFFF,0xCE79,0x1082,0x1081,0xC5F5,0xF77A,0x5268,0x0000,0x69E3,0xF488,0xF427,0xFC47,0xFC46,0xF446,0xF446,0xF446,
  0xF446,0xF446,0xF446,0xF446,0xF446,0xF426,0xF447,0xE3E7,0x9285,0x72C7,0x2A49,0x0A8B,0x1D17,0x0E7F,0x065F,0x067F,
  0x067F,0x069E,0x06BE,0x069F,0x067F,0x067F,0x067F,0x067F,0x067E,0x067E,0x067F,0x067F,0x067F,0x067F,0x065F,0x065F,
  0x065F,0x065F,0x065F,0x065F,0x065F,0x065F,0x065F,0x067F,0x067F,0x069E,0x067E,0x065F,0x165D,0x0B6F,0x0A4A,0x1475,
  0x0E3F,0x065F,0x067F,0x067F,0x067F,0x069F,0x067F,0x067F,0x067F,0x069F,0x069F,0x069F,0x05FE,0x04DC,0x04DC,0x04DD,
  0xB571,0xB570,0xB571,0xB551,0xB550,0xB591,0xE718,0xEF38,0xE738,0xE738,0x5288,0x0000,0xA4F3,0xFFFF,0xFFDF,0xFFDF,
  0xFFFF,0xFFFF,0xFFFF,0xFFFF,0xFFFF,0xFFFF,0xFFFF,0xFFFF,0xFFFF,0xFFFF,0xFFFF,0xFFFF,0xFFFF,0xFFFF,0xFFFF,0xFFFF,
  0xFFFF,0xFFFF,0xFFFF,0xFFFF,0xFFFF,0xFFFF,0xFFFF,0xFFFF,0xFFFF,0xFFFF,0xFFFF,0xFFFF,0xFFFF,0xFFFF,0xFFFF,0xFFDF,
  0xFFFF,0xCE59,0x1082,0x1082,0xC5F5,0xF77A,0x5268,0x0000,0x6A03,0xFCE9,0xFC68,0xFC88,0xFC87,0xFC87,0xFC87,0xFC87,
  0xFC87,0xFC87,0xFC87,0xFC87,0xFC87,0xFC47,0xFC47,0xFC67,0xFCA9,0xDC89,0x1880,0x0000,0x2454,0x1E9F,0x069F,0x069F,
  0x069F,0x069F,0x06BF,0x06BF,0x069F,0x069F,0x0E7F,0x169F,0x16BF,0x1E9F,0x169F,0x169F,0x1E9F,0x169F,0x1E9F,0x169F,
  0x169F,0x169F,0x169F,0x169F,0x169F,0x169F,0x1E7F,0x1E9F,0x169F,0x169F,0x1E9F,0x0E5F,0x1E3D,0x0166,0x0000,0x232F,
  0x36BF,0x167F,0x0E7F,0x069F,0x06BF,0x06BF,0x069F,0x069F,0x069F,0x06BF,0x06BF,0x06BF,0x061F,0x051C,0x04FD,0x04FE,
  0xAD30,0xAD2F,0xAD30,0xAD10,0xAD0F,0xAD50,0xE6F7,0xE718,0xE738,0xE718,0x4A68,0x0000,0x9CF3,0xFFFF,0xFFDF,0xFFFF,
  0xE71C,0x94B2,0x9472,0x94B2,0x94B2,0x94B2,0x94B2,0x94B2,0x94B2,0x9CB2,0x9471,0xA514,0xFFFF,0xFFDF,0xAD75,0x94B2,
  0x94B2,0x94B2,0x94B2,0x94B2,0x9492,0x94B2,0x94B2,0x94B2,0x94B2,0x94B2,0x94B2,0x94B2,0x9492,0xD679,0xFFFF,0xFFDE,
  0xFFFF,0xCE59,0x0861,0x1082,0xBDD5,0xF77A,0x5268,0x0000,0x6A03,0xFCA9,0xFC47,0xFC67,0xFC46,0xFC46,0xFC46,0xFC46,
  0xFC46,0xFC46,0xFC46,0xF446,0xF446,0xF427,0xFC46,0xF446,0xF446,0xD427,0x28A1,0x0043,0x1C55,0x0E7E,0x067E,0x069E,
  0x069F,0x067F,0x067F,0x065F,0x065F,0x065E,0x163E,0x1496,0x1370,0x1B90,0x1390,0x1B90,0x1B90,0x1B90,0x1B90,0x1B90,
  0x1B90,0x1B90,0x1B90,0x1B90,0x1B90,0x1B90,0x1B90,0x1B90,0x13B1,0x1391,0x13F3,0x15DB,0x167E,0x1413,0x1B2E,0x236F,
  0x1B4F,0x1475,0x165D,0x067F,0x067F,0x067F,0x067F,0x067F,0x067F,0x069F,0x069F,0x067F,0x05FE,0x04FC,0x04DC,0x04FD,
  0xAD50,0xAD50,0xAD51,0xB551,0xAD50,0xB591,0xE6F8,0xE739,0xE738,0xE719,0x4A68,0x0000,0x9CF3,0xFFFF,0xF7DE,0xFFFF,
  0xC638,0x0881,0x0000,0x0000,0x0000,0x0000,0x0000,0x0000,0x0000,0x0000,0x0000,0x2124,0xFFFF,0xF7BE,0x3186,0x0000,
  0x0000,0x0000,0x0000,0x0000,0x0000,0x0000,0x0000,0x0000,0x0000,0x0000,0x0000,0x0000,0x0000,0x8430,0xFFFF,0xF7BD,
  0xFFFF,0xCE79,0x0881,0x10A2,0xBDF5,0xF77A,0x5268,0x0000,0x7203,0xFCE9,0xFC68,0xFC88,0xFC87,0xFC67,0xFC67,0xFC67,
  0xFC67,0xFC67,0xFC67,0xFC67,0xFC67,0xFC67,0xFC66,0xF486,0xFC67,0xDC48,0x2040,0x0000,0x2C95,0x26DF,0x06BF,0x06BF,
  0x06BF,0x06BF,0x06BF,0x0EBF,0x16BF,0x0EDF,0x267E,0x0A0B,0x0000,0x0000,0x0000,0x0000,0x0000,0x0000,0x0000,0x0000,
  0x0000,0x0000,0x0000,0x0000,0x0000,0x0000,0x0000,0x0000,0x0000,0x0000,0x0062,0x35B9,0x26DF,0x167E,0x2EBE,0x1B8F,
  0x0000,0x126B,0x1E7E,0x067F,0x067F,0x069F,0x069F,0x069F,0x069F,0x069F,0x069F,0x169F,0x0DFF,0x04FD,0x04FD,0x04FD,
  0xAD30,0xAD4F,0xAD30,0xAD31,0xAD30,0xB571,0xE6F8,0xE739,0xE738,0xDF19,0x4A48,0x0000,0x9CF3,0xFFFF,0xF7DE,0xFFFF,
  0xC638,0x1082,0x0841,0x4A6A,0x5ACB,0x5ACB,0x5AEB,0x5AEB,0x632C,0x39E7,0x0000,0x2945,0xFFFF,0xF7DE,0x8430,0x5ACB,
  0x5AEB,0x5AEB,0x5AEB,0x5AEB,0x5AEB,0x5ACB,0x5ACB,0x5ACB,0x5AEB,0x5AEB,0x5AEB,0x5AEB,0x5ACB,0xB5B6,0xFFFF,0xF7BE,
  0xFFFF,0xCE59,0x1061,0x1082,0xBDD5,0xEF7A,0x5268,0x0000,0x6A03,0xFCA9,0xFC47,0xFC47,0xFC46,0xF426,0xF426,0xF426,
  0xF426,0xFC26,0xFC26,0xF426,0xF426,0xFC26,0xF446,0xF446,0xFC27,0xEC07,0x69C3,0x41C5,0x332D,0x1BB1,0x1538,0x0E9F,
  0x069F,0x069F,0x0DDB,0x1413,0x13D1,0x13F2,0x1BF1,0x1ACD,0x1A0A,0x1A09,0x1A29,0x1A29,0x1A2A,0x1A0A,0x1A09,0x1A09,
  0x1209,0x1209,0x1209,0x1209,0x1209,0x1209,0x1229,0x120A,0x120A,0x1A09,0x1A4A,0x2BB0,0x1C34,0x15FB,0x26BF,0x1B6F,
  0x0000,0x128C,0x1E7E,0x067F,0x067F,0x069F,0x069F,0x067F,0x067F,0x067F,0x063E,0x0DDE,0x057D,0x04BC,0x04DC,0x04FD,
  0xB571,0xB570,0xB571,0xB551,0xB551,0xB592,0xE718,0xEF39,0xE739,0xE719,0x4A48,0x0000,0x9CD3,0xFFFF,0xF7BF,0xFFFF,
  0xCE59,0x0862,0x2104,0xE73C,0xFFFF,0xFFFF,0xFFFF,0xFFFF,0xFFFF,0x9CD3,0x0000,0x2965,0xFFFF,0xFFFF,0xFFFF,0xFFFF,
  0xFFFF,0xFFFF,0xFFFF,0xFFFF,0xFFFF,0xFFFF,0xFFFF,0xFFFF,0xFFFF,0xFFFF,0xFFFF,0xFFFF,0xFFFF,0xFFFF,0xFFFF,0xFFDF,
  0xFFFF,0xCE59,0x1061,0x1082,0xBDD5,0xF77A,0x5268,0x0000,0x6A03,0xFCC9,0xFC47,0xFC67,0xFC67,0xFC47,0xFC46,0xFC46,
  0xFC47,0xFC47,0xF447,0xFC67,0xFC67,0xFC48,0xFC67,0xFC47,0xFC27,0xFC46,0xEC69,0xE50D,0x3163,0x0000,0x1B2F,0x1EDF,
  0x069F,0x0EBF,0x1CB6,0x0021,0x0000,0x0000,0x0001,0x2BF2,0x365D,0x1E3D,0x263E,0x263D,0x2E3D,0x263D,0x265D,0x265D,
  0x265D,0x265D,0x265D,0x265D,0x265D,0x265D,0x263D,0x265D,0x263D,0x265E,0x3D79,0x00E5,0x0021,0x2D57,0x3F1F,0x236F,
  0x0000,0x126C,0x269E,0x069F,0x069F,0x06BF,0x069F,0x069F,0x069F,0x0E7F,0x05DE,0x051C,0x04FC,0x04DC,0x04DC,0x04FC,
  0xAD50,0xAD50,0xAD50,0xAD51,0xAD51,0xB571,0xE6F8,0xE739,0xE739,0xE719,0x4A48,0x0000,0x9CD3,0xFFFF,0xF7BE,0xFFFF,
  0xC638,0x0861,0x18E3,0xE73C,0xFFFF,0xFFFF,0xFFFF,0xFFDF,0xFFFF,0x9CB2,0x0000,0x2965,0xFFFF,0xFFFF,0xEF5D,0xE73C,
  0xE73C,0xE73C,0xE73C,0xEF5D,0xEF5D,0xEF5D,0xEF5D,0xEF5D,0xEF5D,0xEF5D,0xEF5D,0xF7BE,0xFFFF,0xFFFF,0xFFFF,0xFFFF,
  0xFFFF,0xCE59,0x0861,0x10A2,0xBDF5,0xF759,0x5268,0x0000,0x6A03,0xFCA8,0xFC47,0xFC67,0xFC47,0xFC47,0xFC46,0xF446,
  0xFC46,0xFC26,0xF448,0xDC07,0xC3A7,0xC3C8,0xCBC8,0xD3E8,0xF427,0xFC46,0xFC47,0xF4EA,0x4163,0x0000,0x1B4F,0x1EFF,
  0x069F,0x0EBF,0x1D18,0x0986,0x0925,0x0925,0x0946,0x1C75,0x167E,0x067F,0x067F,0x067F,0x067F,0x067F,0x067F,0x067F,
  0x067F,0x067F,0x069F,0x069F,0x069F,0x069F,0x067F,0x067F,0x067F,0x069F,0x1DDB,0x0A4B,0x1146,0x3493,0x3DF8,0x236F,
  0x08E5,0x132F,0x1E9E,0x067F,0x069F,0x069F,0x069F,0x069F,0x069F,0x067F,0x05BE,0x04DC,0x04FC,0x051C,0x0C9A,0x13D6,
  0xAD30,0xAD30,0xAD30,0xAD51,0xAD50,0xB592,0xE718,0xEF39,0xE739,0xE719,0x4A48,0x0000,0x9CD3,0xFFFF,0xFFDF,0xFFFF,
  0xCE59,0x0861,0x18C3,0xE71C,0xFFFF,0xFFDF,0xFFFF,0xFFDF,0xFFFF,0x9CD3,0x0000,0x2945,0xFFFF,0xF7BE,0x632C,0x2965,
  0x3186,0x3186,0x3186,0x3186,0x3186,0x3186,0x3186,0x3186,0x3186,0x3186,0x39E7,0xC638,0xFFFF,0xFFFF,0xFFFF,0xFFFF,
  0xFFFF,0xCE79,0x1081,0x10A1,0xC5F5,0xF75A,0x5268,0x0000,0x6A03,0xF488,0xF426,0xFC47,0xFC46,0xFC26,0xFC47,0xF447,
  0xFC26,0xFC26,0xF448,0x71C3,0x1861,0x20A1,0x2081,0x4922,0xDC08,0xFC46,0xFC26,0xF4CA,0x4143,0x0000,0x132E,0x1EDF,
  0x069F,0x06BF,0x0E7E,0x1DFB,0x25FB,0x2DDA,0x25DB,0x163D,0x067E,0x067F,0x0E7F,0x067F,0x069F,0x069F,0x067F,0x067F,
  0x067F,0x067F,0x067F,0x067F,0x067F,0x067F,0x067F,0x067F,0x067F,0x067E,0x0E7D,0x263C,0x3D99,0x11C9,0x00A3,0x2B6F,
  0x3DFB,0x1E1D,0x0E7E,0x069F,0x069F,0x069F,0x069F,0x069F,0x069F,0x069F,0x05BE,0x04BC,0x0CDC,0x04DD,0x1416,0x00A4,
  0xB571,0xB571,0xB571,0xB571,0xB571,0xB592,0xE719,0xEF39,0xEF59,0xE719,0x4A48,0x0000,0x9CD3,0xFFFF,0xFFDF,0xFFFF,
  0xCE59,0x0861,0x18C3,0xE71C,0xFFFF,0xFFFF,0xFFFF,0xFFDF,0xFFFF,0x94B2,0x0000,0x2945,0xFFDF,0xF7BE,0x4208,0x0000,
  0x0020,0x0000,0x0000,0x0000,0x0000,0x0000,0x0000,0x0000,0x0020,0x0000,0x0861,0xBDF7,0xFFFF,0xFFFF,0xFFFF,0xFFFF,
  0xFFFF,0xCE7A,0x1082,0x10A1,0xC615,0xF77A,0x5268,0x0000,0x69E3,0xFC88,0xFC27,0xFC47,0xFC47,0xFC47,0xF468,0xE48A,
  0xE48A,0xF468,0xF4AA,0x6183,0x0000,0x0000,0x0000,0x20C2,0xC46B,0xEC89,0xF468,0xF4EB,0x5164,0x0000,0x2B0D,0x467E,
  0x1E5E,0x069F,0x0E9F,0x0E9F,0x069F,0x069F,0x069F,0x067F,0x069F,0x069F,0x069F,0x069F,0x069F,0x069F,0x069F,0x069F,
  0x069F,0x069F,0x069F,0x069F,0x069F,0x069F,0x069F,0x069F,0x069F,0x069E,0x067F,0x067F,0x263D,0x01A9,0x0001,0x13B1,
  0x16DF,0x069F,0x069F,0x06BF,0x06BF,0x069F,0x069F,0x06BF,0x06BF,0x0E9F,0x0DBE,0x04FC,0x0CFD,0x0CFD,0x1C36,0x0000,
  0xAD30,0xAD30,0xAD30,0xAD30,0xAD50,0xB591,0xE718,0xEF39,0xE739,0xE719,0x4A68,0x0000,0x9CD3,0xFFFF,0xFFDF,0xFFFF,
  0xCE59,0x1082,0x18C3,0xE71C,0xFFFF,0xFFDF,0xFFFF,0xFFDF,0xFFFF,0x94B2,0x0000,0x2945,0xFFDF,0xFFDF,0xD6BA,0xCE59,
  0xCE79,0xCE79,0xCE79,0xCE79,0xCE79,0xCE79,0xCE79,0xD69A,0xD69A,0xD69A,0xCE79,0xEF7D,0xFFFF,0xFFFF,0xFFFF,0xFFFF,
  0xFFFF,0xCE7A,0x1082,0x10A1,0xC616,0xF77A,0x5268,0x0000,0x69E3,0xFC88,0xF426,0xFC26,0xF426,0xFC26,0xDC07,0x59C3,
  0x30C0,0xB366,0xF4CA,0x61A3,0x0000,0x2944,0x7BCE,0x6B4C,0x3963,0x59A2,0xDC28,0xFCA9,0xCBE9,0xBBEA,0x732A,0x1168,
  0x1391,0x1E5E,0x067F,0x069E,0x067F,0x067F,0x069F,0x067F,0x0E5F,0x067F,0x067F,0x069F,0x069F,0x067F,0x067F,0x067F,
  0x067F,0x067F,0x067F,0x067F,0x067F,0x067F,0x067F,0x069F,0x069F,0x06BF,0x069F,0x067F,0x165E,0x1D99,0x1D17,0x15FB,
  0x067E,0x069F,0x069F,0x069F,0x069F,0x069F,0x069F,0x06BF,0x05FD,0x055D,0x053E,0x04FD,0x04FD,0x04FD,0x1C16,0x0041,
  0xB550,0xB550,0xB551,0xB571,0xB571,0xBDB2,0xE718,0xEF59,0xE739,0xE739,0x5288,0x0000,0x9CF3,0xFFFF,0xFFDF,0xFFFF,
  0xCE59,0x1082,0x2104,0xEF7D,0xFFFF,0xFFFF,0xFFFF,0xFFFF,0xFFFF,0x9CD3,0x0000,0x2945,0xFFDF,0xFFFF,0xFFFF,0xFFFF,
  0xFFFF,0xFFFF,0xFFFF,0xFFFF,0xFFFF,0xFFFF,0xFFFF,0xFFFF,0xFFFF,0xFFFF,0xFFFF,0xFFFF,0xFFFF,0xFFFF,0xFFFF,0xFFFF,
  0xFFFF,0xCE79,0x1082,0x1081,0xBDF5,0xF77A,0x4A48,0x0000,0x7203,0xFCA8,0xFC47,0xFC67,0xF447,0xF469,0xD44B,0x30E2,
  0x0000,0xA326,0xECEC,0x59C4,0x0000,0x31A6,0xA4F3,0x8430,0x0020,0x1860,0xD429,0xFC88,0xFC67,0xFD0B,0x9306,0x0000,
  0x1229,0x463B,0x165D,0x0E7E,0x067F,0x067F,0x06BF,0x069F,0x067F,0x069F,0x069F,0x069F,0x069F,0x067F,0x069F,0x069F,
  0x069F,0x069F,0x069F,0x069F,0x069F,0x069F,0x067F,0x069F,0x069F,0x069F,0x069F,0x069F,0x067F,0x0E9F,0x0EBF,0x0E9F,
  0x0E9E,0x069F,0x069F,0x067F,0x067F,0x069F,0x069F,0x0E9F,0x05BD,0x04FC,0x051D,0x051C,0x0D1C,0x251C,0x2BF5,0x0000,
  0xAD30,0xAD30,0xAD30,0xAD30,0xAD30,0xB571,0xE718,0xEF39,0xE738,0xE719,0x4A68,0x0000,0x9CF3,0xFFFF,0xFFDF,0xFFFF,
  0xCE59,0x18C3,0x1082,0x5ACB,0x5ACB,0x5ACB,0x5ACB,0x52AA,0x5ACB,0x31A6,0x0000,0x2945,0xFFFF,0xF7BE,0x7BEF,0x4A49,
  0x4A69,0x528A,0x52AA,0x5ACB,0x5ACB,0x52AA,0x7BEF,0xF7BE,0xFFFF,0xFFFF,0xFFFF,0xFFFF,0xFFFF,0xFFFF,0xFFFF,0xFFFF,
  0xFFFF,0xCE79,0x1082,0x1081,0xBDF5,0xF77A,0x5268,0x0000,0x7223,0xFCC8,0xFC47,0xFC88,0xCB65,0x4902,0x4983,0x6B2B,
  0x632B,0x5206,0x4143,0x18A1,0x0000,0x31A6,0x9D13,0x8450,0x0861,0x2080,0xCC2A,0xFC88,0xFC26,0xFC47,0xCBC7,0x9308,
  0x62EA,0x11C8,0x0B30,0x161D,0x067F,0x065F,0x067F,0x067F,0x067F,0x067F,0x067E,0x067F,0x063F,0x063F,0x067F,0x067F,
  0x067F,0x067F,0x067F,0x067F,0x067F,0x067F,0x067F,0x067F,0x067F,0x067F,0x067F,0x067F,0x067F,0x067F,0x067F,0x067F,
  0x067F,0x067F,0x067F,0x067F,0x067F,0x067F,0x05DD,0x057C,0x051C,0x04DD,0x04DD,0x04FD,0x0BF7,0x09EC,0x19A8,0x7AC9,
  0xB550,0xB550,0xB551,0xAD51,0xAD50,0xB591,0xE718,0xEF59,0xE739,0xE739,0x5288,0x0000,0x9CF3,0xFFFF,0xFFDF,0xFFFF,
  0xC618,0x0861,0x0000,0x0000,0x0000,0x0000,0x0000,0x0000,0x0000,0x0000,0x0000,0x18C3,0xFFFF,0xF7BE,0x3186,0x0000,
  0x0000,0x0000,0x0000,0x0000,0x0000,0x0000,0x2945,0xF79E,0xFFFF,0xFFFF,0xFFFF,0xFFFF,0xFFFF,0xFFFF,0xFFFF,0xFFFF,
  0xFFFF,0xCE79,0x1081,0x1081,0xBDF5,0xF77A,0x5268,0x0000,0x7244,0xFCE9,0xFC68,0xFCE9,0xB325,0x0000,0x0861,0x8C70,
  0x9D13,0x29A6,0x0000,0x0000,0x0000,0x29A6,0x9D14,0x8C50,0x0861,0x2060,0xCC29,0xFC88,0xFC46,0xFC46,0xF447,0xFCAA,
  0x9B08,0x0000,0x0106,0x363C,0x16BF,0x0E7F,0x069F,0x06BF,0x069F,0x069F,0x06BF,0x069F,0x16BF,0x16BF,0x069F,0x069F,
  0x069F,0x069F,0x069F,0x069F,0x069F,0x069F,0x069F,0x069F,0x069F,0x069F,0x069F,0x069F,0x069F,0x069F,0x069F,0x069F,
  0x06BF,0x069F,0x06BF,0x069F,0x069F,0x0E7F,0x057D,0x04FC,0x0CFC,0x14FC,0x151C,0x251D,0x1B12,0x0000,0x2840,0xDC6A,
  0xAD0F,0xAD2F,0xAD30,0xAD30,0xAD0F,0xB571,0xE6F8,0xEF39,0xE739,0xE739,0x4A68,0x0000,0x9CF3,0xFFFF,0xFFFF,0xFFFF,
  0xE71C,0x8430,0x8410,0x8410,0x8410,0x8410,0x8410,0x8410,0x8410,0x8410,0x7BEF,0x8C51,0xFFFF,0xFFDF,0x9CD3,0x7BEF,
  0x8410,0x8410,0x8410,0x8410,0x8430,0x8430,0x9CD3,0xF7BE,0xFFFF,0xFFFF,0xFFFF,0xFFFF,0xFFFF,0xFFFF,0xFFFF,0xFFFF,
  0xFFFF,0xCE59,0x1081,0x1081,0xBDF5,0xF77A,0x5268,0x0000,0x7243,0xFCC9,0xF447,0xFCC9,0xB345,0x0000,0x1081,0x8C50,
  0x9D13,0x31C6,0x0000,0x0841,0x0000,0x31A5,0x9CF2,0x8C2F,0x0841,0x1881,0xD409,0xFC66,0xF426,0xF426,0xF426,0xF446,
  0xC387,0x6206,0x4A89,0x2B4D,0x13F2,0x15DC,0x069F,0x069F,0x067F,0x067F,0x0E7F,0x157A,0x1B70,0x1413,0x063D,0x067F,
  0x067F,0x067F,0x067F,0x067F,0x067F,0x067F,0x065F,0x067F,0x067F,0x065F,0x067F,0x069E,0x067F,0x067F,0x067F,0x067F,
  0x069F,0x069F,0x067F,0x0E3E,0x05DD,0x05BE,0x051D,0x0CBC,0x1354,0x124D,0x124D,0x1A2D,0x3209,0x6A45,0xA2E5,0xEC28,
  0xAD50,0xAD50,0xAD50,0xAD50,0xAD30,0xB591,0xE718,0xEF59,0xE759,0xE739,0x5288,0x0000,0x9CF3,0xFFFF,0xFFFF,0xFFFF,
  0xFFFF,0xFFFF,0xFFFF,0xFFFF,0xFFFF,0xFFFF,0xFFFF,0xFFFF,0xFFFF,0xFFFF,0xFFFF,0xFFFF,0xFFFF,0xFFFF,0xFFFF,0xFFFF,
  0xFFFF,0xFFFF,0xFFFF,0xFFFF,0xFFFF,0xFFFF,0xFFFF,0xFFFF,0xFFFF,0xFFFF,0xFFFF,0xFFFF,0xFFFF,0xFFFF,0xFFFF,0xFFFF,
  0xFFFF,0xCE59,0x0861,0x10A2,0xBDF5,0xEF7A,0x4A68,0x0000,0x7223,0xFCC9,0xFC68,0xFCE9,0xBB46,0x0000,0x1081,0x8C91,
  0xAD54,0x29A5,0x0000,0x0000,0x0000,0x2985,0xA514,0x8C50,0x0841,0x1881,0xCC09,0xFC67,0xFC47,0xFC47,0xFC66,0xFC67,
  0xFC68,0xFCEA,0xB3EA,0x0000,0x0042,0x2517,0x16FF,0x0EBF,0x0EBF,0x069F,0x0E9F,0x1474,0x0000,0x0126,0x1E3C,0x06DF,
  0x069F,0x069F,0x069F,0x069F,0x067F,0x067F,0x069F,0x0EBF,0x0E9F,0x067F,0x0E7F,0x069F,0x06BF,0x069F,0x069F,0x069F,
  0x0E9F,0x069F,0x06BF,0x0E5F,0x053C,0x051C,0x051D,0x24FC,0x09CB,0x0000,0x0000,0x0000,0x4142,0xECEB,0xFCC8,0xFC67,
  0xAD30,0xAD30,0xAD30,0xAD30,0xAD30,0xB571,0xE718,0xEF39,0xE739,0xE739,0x5288,0x0000,0x9CF3,0xFFFF,0xFFFF,0xFFFF,
  0xFFFF,0xFFFF,0xFFFF,0xFFFF,0xFFFF,0xFFFF,0xFFFF,0xFFFF,0xFFFF,0xFFFF,0xFFDF,0xFFFF,0xFFFF,0xFFFF,0xFFFF,0xFFFF,
  0xFFFF,0xFFFF,0xFFFF,0xFFFF,0xFFFF,0xFFFF,0xFFFF,0xFFFF,0xFFFF,0xFFFF,0xFFFF,0xFFFF,0xFFFF,0xFFFF,0xFFFF,0xFFFF,
  0xFFFF,0xCE59,0x0861,0x10A2,0xBDF5,0xEF7A,0x4A68,0x0000,0x7223,0xFCA9,0xF447,0xFCC9,0xB346,0x0000,0x1082,0x8C71,
  0xA534,0x528A,0x2924,0x2944,0x2104,0x4207,0x7BEF,0x634C,0x0840,0x2081,0xC3E9,0xF447,0xFC26,0xFC26,0xF446,0xF447,
  0xFC27,0xFC67,0xC3C7,0x5102,0x3144,0x3BD1,0x2CD7,0x24D6,0x24D7,0x15DB,0x16BF,0x1517,0x11A8,0x126B,0x2C74,0x24F6,
  0x161C,0x069F,0x067F,0x067F,0x067F,0x0E5E,0x1DBB,0x24B6,0x1D18,0x0E5D,0x069F,0x069F,0x067F,0x067F,0x069F,0x065E,
  0x0E1E,0x0E3E,0x0E3E,0x0DFE,0x053D,0x14FC,0x1BF7,0x2BB3,0x1187,0x0000,0x20C2,0x4103,0x71E3,0xEC68,0xFC46,0xFC46,
  0xAD50,0xAD50,0xAD51,0xB551,0xB570,0xBDB2,0xE718,0xEF39,0xE739,0xE739,0x5288,0x0000,0x9CF3,0xFFFF,0xFFFF,0xFFFF,
  0xFFFF,0xFFFF,0xFFFF,0xFFFF,0xFFFF,0xFFFF,0xFFFF,0xFFFF,0xFFFF,0xFFFF,0xFFFF,0xFFFF,0xFFFF,0xFFFF,0xFFFF,0xFFFF,
  0xFFFF,0xFFFF,0xFFFF,0xFFFF,0xFFFF,0xFFFF,0xFFFF,0xFFFF,0xFFFF,0xFFFF,0xFFFF,0xFFFF,0xFFFF,0xFFFF,0xFFFF,0xFFFF,
  0xFFFF,0xCE59,0x1081,0x10A2,0xBDF5,0xEF7A,0x4A68,0x0000,0x7223,0xFCA9,0xF447,0xFCC8,0xB326,0x0000,0x0861,0x8C71,
  0xA513,0x9CF2,0x9CF3,0x94B1,0x94D3,0x6B6D,0x0041,0x0000,0x0000,0x1860,0xC3E9,0xFC68,0xFC47,0xFC47,0xFC67,0xFC87,
  0xFC68,0xFC67,0xEC88,0xE4AA,0xC48C,0x3144,0x0001,0x0021,0x0022,0x0B92,0x26BF,0x165E,0x2E9E,0x24D6,0x0042,0x00C5,
  0x259A,0x0E9F,0x0E5F,0x0E5F,0x067E,0x169E,0x0BF3,0x0002,0x09A8,0x1E1C,0x067F,0x067F,0x067F,0x067F,0x06BF,0x05FD,
  0x051B,0x051C,0x053C,0x053D,0x0D1E,0x1C99,0x0149,0x0022,0x0020,0x0000,0x7A87,0xF4CC,0xEC49,0xFC68,0xFC47,0xFC67,
  0xAD50,0xAD30,0xAD30,0xAD30,0xAD30,0xB591,0xE6F8,0xEF39,0xE739,0xE739,0x5288,0x0000,0x9CF3,0xFFFF,0xFFFF,0xFFFF,
  0xFFFF,0xFFFF,0xFFFF,0xFFFF,0xFFFF,0xFFFF,0xFFFF,0xFFFF,0xFFFF,0xFFFF,0xFFFF,0xFFFF,0xFFFF,0xFFFF,0xFFFF,0xFFFF,
  0xFFFF,0xFFFF,0xFFFF,0xFFFF,0xFFFF,0xFFFF,0xFFFF,0xFFFF,0xFFFF,0xFFFF,0xFFFF,0xFFFF,0xFFFF,0xFFFF,0xFFFF,0xFFDF,
  0xFFFF,0xCE59,0x1081,0x10A2,0xBDF5,0xF77A,0x4A68,0x0000,0x7223,0xFCA9,0xFC47,0xFCC8,0xC386,0x30C0,0x3923,0x7BAF,
  0x8C51,0x842F,0x7C0F,0x8450,0x94B2,0x6B4D,0x0020,0x0820,0x28C2,0x4102,0xCBE8,0xFC67,0xFC47,0xFC47,0xFC66,0xF466,
  0xFC67,0xFC46,0xFC66,0xF467,0xE428,0x69A2,0x30C1,0x38E1,0x28E2,0x230E,0x2D9A,0x15BA,0x0EDF,0x0D78,0x0187,0x11C7,
  0x24F5,0x1D58,0x1D39,0x1D19,0x1D18,0x1D58,0x1391,0x0106,0x124B,0x1DFC,0x065F,0x065F,0x067E,0x0E3E,0x0E3F,0x057E,
  0x051C,0x0CDB,0x1458,0x1457,0x1417,0x23B4,0x00E6,0x0000,0x0040,0x0000,0x82A6,0xFCC9,0xFC46,0xFC47,0xFC47,0xFC47,
  0xAD50,0xAD50,0xAD50,0xAD30,0xAD30,0xB571,0xE6F8,0xEF39,0xEF59,0xE719,0x5288,0x0000,0x9CF3,0xFFFF,0xFFFF,0xFFFF,
  0xFFFF,0xFFFF,0xFFFF,0xFFFF,0xFFFF,0xFFFF,0xFFFF,0xFFFF,0xFFFF,0xFFFF,0xFFFF,0xFFFF,0xFFFF,0xFFFF,0xFFFF,0xFFFF,
  0xFFFF,0xFFFF,0xFFFF,0xFFFF,0xFFFF,0xFFFF,0xFFFF,0xFFFF,0xFFFF,0xFFFF,0xFFFF,0xFFFF,0xFFFF,0xFFFF,0xFFFF,0xFFDF,
  0xFFFF,0xCE59,0x0881,0x10A2,0xBDF4,0xF77A,0x5268,0x0000,0x7224,0xFCC9,0xFC67,0xFC87,0xF468,0xE46A,0xC44C,0x3985,
  0x0042,0x0882,0x0020,0x52CA,0x9CF2,0x6B2B,0x0000,0x28C1,0xBC2B,0xD44A,0xF448,0xFC47,0xFC66,0xFC47,0xFC67,0xFC66,
  0xFC67,0xFC46,0xFC46,0xFC47,0xF447,0xE448,0xDC69,0xDC69,0xDC8C,0x6AC8,0x0082,0x0B0E,0x1E7F,0x165E,0x25DB,0x3578,
  0x09E9,0x00A3,0x00A4,0x0083,0x00A3,0x0083,0x1A6B,0x2D58,0x1D9B,0x0E1D,0x063E,0x063E,0x063E,0x05BD,0x053C,0x051C,
  0x155D,0x13B5,0x00A5,0x0083,0x0084,0x0063,0x0020,0x0020,0x0820,0x0000,0x82C6,0xFD0A,0xF487,0xFC66,0xFC66,0xFC67,
  0xAD50,0xAD50,0xAD50,0xAD50,0xAD30,0xB571,0xE6F8,0xE739,0xE739,0xE739,0x5288,0x0000,0x9CF3,0xFFFF,0xFFFF,0xFFFF,
  0xFFFF,0xFFDF,0xFFDF,0xFFDF,0xFFDF,0xFFFF,0xFFFF,0xFFFF,0xFFFF,0xFFFF,0xFFFF,0xFFFF,0xFFFF,0xFFFF,0xFFDF,0xFFDF,
  0xFFFF,0xFFFF,0xFFFF,0xFFFF,0xFFDF,0xFFDF,0xFFDF,0xFFDF,0xFFDF,0xFFDF,0xFFDF,0xFFDF,0xFFDF,0xF7BF,0xF7BE,0xF79E,
  0xFFFF,0xCE59,0x0861,0x1081,0xBDF4,0xF77A,0x5268,0x0000,0x7244,0xFCC9,0xFC67,0xFC67,0xFC47,0xFC67,0xE449,0x4141,
  0x0820,0x0820,0x0000,0x4A89,0x94F2,0x630B,0x0000,0x28C1,0xD48C,0xF4AA,0xFC67,0xFC67,0xFC67,0xFC47,0xFC47,0xFC66,
  0xFC66,0xFC66,0xFC47,0xFC47,0xFC67,0xF467,0xF467,0xF447,0xFC89,0x8265,0x0000,0x124B,0x2DDC,0x25FC,0x2E1D,0x3579,
  0x1146,0x0000,0x0041,0x0062,0x0062,0x0021,0x128C,0x1E1C,0x061F,0x061E,0x0E1E,0x061F,0x061F,0x057E,0x0D1C,0x149A,
  0x1CB9,0x2B10,0x1001,0x0800,0x0800,0x0001,0x0062,0x0083,0x0063,0x0042,0x6AE8,0xE4EC,0xEC68,0xFC47,0xFC67,0xFC67,
  0xAD30,0xAD30,0xAD30,0xAD10,0xAD0F,0xAD50,0xDED8,0xE719,0xE739,0xE719,0x4A68,0x0000,0x9CD3,0xFFFF,0xFFFF,0xFFFF,
  0xCE79,0x39E7,0x2965,0x3186,0x2965,0xBDF7,0xFFFF,0x9492,0x2965,0x31A6,0x2965,0x4A69,0xFFDF,0xFFDF,0x630C,0x31A6,
  0xCE79,0xFFFF,0xFFDF,0xFFFF,0xBDF7,0x2965,0x2965,0x3186,0x2965,0x2965,0x2965,0x2965,0x3186,0x2966,0x2124,0x8C71,
  0xFFFF,0xCE79,0x1081,0x1081,0xBDF4,0xF77A,0x5268,0x0000,0x7244,0xFCA9,0xFC47,0xFC46,0xF447,0xF426,0xF427,0xC387,
  0xB3AA,0x4163,0x0000,0x1082,0x18C3,0x3186,0x634D,0x62EA,0x30E2,0x4101,0xD408,0xFC88,0xFC46,0xFC46,0xFC46,0xF446,
  0xF446,0xF446,0xFC47,0xFC47,0xF447,0xF446,0xF427,0xF406,0xF448,0x8244,0x0000,0x0082,0x0106,0x0926,0x0926,0x0905,
  0x0041,0x0041,0x1B2F,0x1C77,0x1437,0x1436,0x1498,0x0D3C,0x055C,0x055C,0x053D,0x053D,0x053C,0x04FC,0x14FC,0x12D0,
  0x00A4,0x3905,0x7965,0x5944,0x0800,0x0084,0x2392,0x1C16,0x1BF6,0x23F6,0x226C,0x20C2,0x7A23,0xF468,0xFC46,0xFC47,
  0xAD50,0xAD50,0xAD50,0xAD50,0xB550,0xB571,0xE718,0xEF39,0xE759,0xE739,0x4A68,0x0000,0x9CF3,0xFFFF,0xFFDF,0xFFFF,
  0xBDF7,0x0000,0x0000,0x0000,0x0000,0xAD55,0xFFFF,0x6B6D,0x0000,0x0000,0x0000,0x1082,0xFFDF,0xFFDF,0x3186,0x0000,
  0xC618,0xFFFF,0xFFDF,0xFFFF,0xB596,0x0000,0x0000,0x0000,0x0000,0x0000,0x0000,0x0000,0x0000,0x0000,0x0000,0x73AE,
  0xFFFF,0xCE7A,0x1082,0x10A2,0xC5F5,0xF77A,0x5268,0x0000,0x7244,0xFCA9,0xFC47,0xFC67,0xFC47,0xF447,0xFC46,0xF447,
  0xECAA,0x5163,0x0000,0x0000,0x0000,0x2945,0x8CB2,0x73CF,0x0020,0x1020,0xCC6B,0xFD0A,0xFC88,0xFC67,0xFC67,0xFC67,
  0xFC67,0xFC67,0xFC67,0xFC67,0xFC67,0xFC67,0xFC47,0xFC48,0xF4AA,0x7A66,0x0000,0x0020,0x0000,0x0000,0x0000,0x0000,
  0x0800,0x0041,0x1BF3,0x159E,0x0D5F,0x0D7E,0x053D,0x04FC,0x051C,0x051C,0x04FC,0x04FB,0x04DA,0x04BA,0x14FA,0x124C,
  0x0000,0x4062,0xA1A6,0x7965,0x1000,0x00A4,0x2477,0x0D5D,0x0D1C,0x14FB,0x0A6E,0x0000,0x59E4,0xF50C,0xFCA9,0xFC67,
  0xAD30,0xAD30,0xAD30,0xAD30,0xAD30,0xB571,0xE718,0xEF39,0xE738,0xE718,0x4A48,0x0000,0x9CD3,0xFFFF,0xFFFF,0xFFFF,
  0xE73C,0x9CD3,0x94B2,0x94B2,0x9492,0xDEFB,0xFFFF,0xC618,0x9492,0x94B2,0x8C71,0xA514,0xFFDF,0xFFDF,0xAD75,0x94B2,
  0xE73C,0xFFFF,0xFFFF,0xFFFF,0xBDD7,0x0841,0x2124,0x9492,0x94B2,0x94B2,0x94B2,0x94B2,0x9CD3,0x4A49,0x0000,0x7BEF,
  0xFFFF,0xD69A,0x1082,0x10A2,0xC615,0xF79A,0x5268,0x0000,0x7204,0xF468,0xF406,0xF426,0xF426,0xEC26,0xF426,0xFBE5,
  0xF427,0xB2E5,0x8A86,0x3102,0x0000,0x3166,0x8C91,0x73CE,0x0862,0x1021,0x5A05,0x7264,0xCBE8,0xFC88,0xFC47,0xFC67,
  0xFC67,0xFC67,0xFC67,0xFC47,0xFC47,0xFC46,0xEC28,0x92A5,0x6225,0x3123,0x0000,0x0020,0x0000,0x1841,0x6924,0x6904,
  0x2021,0x0022,0x1455,0x0E3F,0x05FF,0x061E,0x061E,0x05FE,0x05FE,0x061E,0x05FD,0x05DE,0x05DD,0x05BC,0x1DDB,0x1AED,
  0x0000,0x4082,0xA985,0x7924,0x1000,0x00A4,0x2417,0x051E,0x057D,0x0DBD,0x1437,0x12B0,0x32AC,0x6205,0x8244,0xEC47,
  0xB570,0xB570,0xB551,0xB571,0xAD50,0xB591,0xE718,0xEF59,0xE738,0xE718,0x4A48,0x0000,0x9CD3,0xFFFF,0xFFFF,0xFFFF,
  0xFFFF,0xFFFF,0xFFFF,0xFFFF,0xFFFF,0xFFFF,0xFFFF,0xFFFF,0xFFFF,0xFFFF,0xFFFF,0xFFFF,0xFFFF,0xFFFF,0xFFFF,0xFFFF,
  0xFFFF,0xFFFF,0xFFFF,0xFFFF,0xBDD7,0x0000,0x39C7,0xFFFF,0xFFFF,0xFFFF,0xFFFF,0xFFFF,0xFFFF,0x8410,0x0000,0x840F,
  0xFFFF,0xD69A,0x1082,0x1082,0xC615,0xF77A,0x4A68,0x0000,0x6A04,0xFC88,0xFC26,0xFC47,0xFC46,0xFC46,0xF446,0xFC47,
  0xFC46,0xFCA9,0xFD2C,0x5A04,0x0000,0x31A6,0xA512,0x842F,0x0882,0x0800,0x0000,0x0000,0xB3CA,0xFD0B,0xFCA8,0xFC87,
  0xFC87,0xFC88,0xFC88,0xFC67,0xFC67,0xFC67,0xE448,0x4902,0x0000,0x0000,0x0000,0x0000,0x0000,0x2861,0xB1C6,0xA9E6,
  0x3061,0x0021,0x1CD6,0x16DF,0x06BF,0x06BF,0x06BF,0x069F,0x069F,0x06BF,0x06BF,0x0E9F,0x067F,0x067E,0x267E,0x232F,
  0x0000,0x4082,0xA9A5,0x8165,0x0800,0x00A4,0x1C36,0x051C,0x05FE,0x0E5F,0x05BE,0x151D,0x1331,0x0000,0x2040,0xECAA,
  0xAD30,0xAD30,0xAD30,0xAD30,0xAD0F,0xB551,0xE6F8,0xE738,0xE738,0xE6F8,0x4A48,0x0000,0x9CD3,0xFFFF,0xFFFF,0xFFFF,
  0xE73C,0xA514,0x9CD3,0x9CD3,0x9CD3,0x9CF3,0x9CF3,0x9CD3,0x94B2,0x94B2,0x94B2,0x94B2,0x9CF3,0x9CF3,0x94B2,0x9CD3,
  0xE73C,0xFFFF,0xFFFF,0xFFFF,0xBDD7,0x0020,0x31A6,0xEF7D,0xFFDF,0xFFDF,0xFFDF,0xFFDF,0xFFDF,0x7BCF,0x0000,0x7BEF,
  0xFFFF,0xD69A,0x10A2,0x10A2,0xC615,0xF77A,0x4A48,0x0000,0x7204,0xF467,0xF406,0xF426,0xF426,0xF426,0xF426,0xF406,
  0xEC48,0xAB26,0x82A7,0x3122,0x0000,0x18E3,0x5ACA,0x5289,0x0060,0x0882,0x22AD,0x2B0E,0x62CA,0x82A6,0xC387,0xFCA8,
  0xFC46,0xFC67,0xF467,0xFC47,0xFC26,0xFC46,0xDC08,0x5123,0x0000,0x11C8,0x232F,0x120A,0x0000,0x2841,0xA985,0xA1A5,
  0x2841,0x0020,0x1C94,0x16BE,0x069F,0x069F,0x069E,0x069E,0x069F,0x067F,0x067F,0x067F,0x065F,0x063F,0x1E5E,0x1B0E,
  0x0000,0x4082,0xA985,0x8125,0x0800,0x00A4,0x1C37,0x051B,0x05FD,0x069F,0x063E,0x05BD,0x0C98,0x0A8E,0x328B,0x82E7,
  0xB570,0xB570,0xB571,0xB551,0xAD50,0xB592,0xE718,0xEF39,0xE738,0xE718,0x4A48,0x0000,0x9CD3,0xFFFF,0xFFDF,0xFFFF,
  0xBDF7,0x0020,0x0000,0x0000,0x0000,0x0000,0x0000,0x0000,0x0000,0x0000,0x0000,0x0000,0x0000,0x0000,0x0000,0x0000,
  0xC618,0xFFFF,0xF7BE,0xFFFF,0xBDD7,0x0000,0x39C7,0xF79E,0xFFFF,0xFFFF,0xFFFF,0xFFFF,0xFFFF,0x7BEF,0x0000,0x7BEF,
  0xFFFF,0xD69A,0x1082,0x10A2,0xBDF5,0xEF5A,0x4A47,0x0000,0x7224,0xF488,0xFC26,0xFC47,0xFC47,0xFC27,0xFC26,0xFC68,
  0xF4CC,0x5162,0x0000,0x0000,0x0000,0x0000,0x0000,0x0000,0x0000,0x0904,0x3579,0x467D,0x11A9,0x0000,0x7A45,0xFCEA,
  0xFC46,0xFC67,0xFC67,0xFC46,0xFC46,0xFC88,0xE489,0x4922,0x0000,0x1B4F,0x3EBF,0x2C35,0x0000,0x2861,0xB1A6,0xA9E6,
  0x2861,0x0020,0x1C94,0x16BE,0x069F,0x0E9F,0x069F,0x06BF,0x06BF,0x06BF,0x069F,0x06BF,0x06BF,0x06BE,0x2EBF,0x234F,
  0x0000,0x4082,0xA986,0x8144,0x0800,0x0085,0x2418,0x051C,0x0DFE,0x069F,0x06BE,0x0EBF,0x163F,0x155C,0x34B7,0x0000,
  0xAD30,0xAD30,0xAD30,0xAD30,0xAD0F,0xAD51,0xE6F8,0xE739,0xE738,0xE6F8,0x4A48,0x0000,0x9CD3,0xFFFF,0xFFDF,0xFFFF,
  0xCE59,0x4208,0x39E7,0x4208,0x4208,0x4208,0x4208,0x4208,0x4208,0x4228,0x4208,0x4228,0x4228,0x4228,0x4228,0x4A69,
  0xD69A,0xFFFF,0xFFDF,0xFFFF,0xB5B6,0x0020,0x39C7,0xF79E,0xFFFF,0xFFFF,0xFFFF,0xFFFF,0xFFFF,0x7BEF,0x0000,0x7BEF,
  0xFFFF,0xD69A,0x1082,0x1081,0xBDF5,0xEF5A,0x4A27,0x0000,0x7204,0xF488,0xF406,0xF427,0xF426,0xF426,0xE427,0xAB47,
  0x9349,0x3A89,0x0A09,0x09EA,0x01EA,0x09E9,0x09E9,0x0988,0x0041,0x08E4,0x1D38,0x2E5D,0x11EA,0x0000,0x7A45,0xFCA9,
  0xFC26,0xFC47,0xFC47,0xFC26,0xEC28,0xB367,0x9348,0x3185,0x00C5,0x0BB2,0x1E5E,0x1C34,0x0000,0x2861,0xA9A6,0xA9C6,
  0x2861,0x0021,0x1C75,0x0E7F,0x065F,0x065F,0x065F,0x065F,0x067F,0x067F,0x067F,0x067F,0x0E9E,0x1537,0x34D5,0x226A,
  0x0000,0x4882,0xA986,0x7944,0x0800,0x00A4,0x1C37,0x051D,0x05FE,0x067F,0x069E,0x067F,0x0E1F,0x055D,0x1C98,0x0041,
  0xAD50,0xAD50,0xAD51,0xB571,0xB550,0xB592,0xE718,0xEF39,0xE738,0xE719,0x4A68,0x0000,0x9CD3,0xFFFF,0xFFFF,0xFFFF,
  0xFFFF,0xFFFF,0xFFFF,0xFFFF,0xFFFF,0xFFFF,0xFFFF,0xFFFF,0xFFFF,0xFFFF,0xFFFF,0xFFFF,0xFFFF,0xFFFF,0xFFFF,0xFFFF,
  0xFFFF,0xFFDF,0xFFDF,0xFFFF,0xBDD7,0x0020,0x39C7,0xF7BE,0xFFFF,0xFFFF,0xFFFF,0xFFFF,0xFFFF,0x7BEF,0x0000,0x7BEF,
  0xFFFF,0xD69A,0x1082,0x1081,0xBDF5,0xEF59,0x4227,0x0000,0x7204,0xFCA8,0xFC26,0xFC47,0xF446,0xFC67,0xE449,0x40E1,
  0x0000,0x34D3,0x3E9E,0x267E,0x267E,0x267E,0x2E7E,0x3D58,0x00A3,0x08C4,0x2D39,0x2E3D,0x11A9,0x0000,0x7A24,0xFCA9,
  0xFC46,0xFC47,0xFC47,0xFC67,0xDC49,0x38C1,0x0000,0x2B10,0x24FA,0x0D7B,0x1E5E,0x2454,0x0000,0x2861,0xB1C6,0xB1E5,
  0x3061,0x0021,0x2495,0x169F,0x067F,0x069F,0x069F,0x0E7F,0x0E9F,0x069E,0x0E9F,0x0E7F,0x2E5D,0x09A9,0x0001,0x0041,
  0x0000,0x4882,0xB1C6,0x8185,0x1000,0x00C4,0x24F9,0x0DFE,0x065F,0x069F,0x069F,0x069F,0x0E5F,0x0DFE,0x2CF8,0x0020,
  0xAD50,0xAD50,0xAD50,0xAD50,0xAD50,0xB592,0xE719,0xEF39,0xE739,0xE719,0x4A48,0x0000,0x9CD2,0xFFFF,0xFFDF,0xFFFF,
  0xFFFF,0xFFFF,0xF7BE,0xE71C,0xDEFB,0xE71C,0xE73C,0xE73C,0xE73C,0xE73C,0xE73C,0xE73C,0xFFFF,0xFFFF,0xEF5D,0xE73C,
  0xF7BE,0xFFFF,0xFFFF,0xFFFF,0xBDD7,0x0020,0x31A6,0xDEFB,0xEF5D,0xEF5D,0xEF5D,0xE73C,0xEF5D,0x73AE,0x0000,0x840F,
  0xFFFF,0xD69A,0x10A2,0x1081,0xBDF5,0xEF39,0x4207,0x0000,0x6A03,0xFC88,0xFC26,0xFC47,0xF426,0xFC67,0xE46A,0x4122,
  0x0000,0x1CD5,0x0E7F,0x067F,0x067E,0x067E,0x067F,0x1D99,0x0126,0x0106,0x2C75,0x3D79,0x1167,0x0000,0x7224,0xF489,
  0xF427,0xFC27,0xFC26,0xFC46,0xDC29,0x3902,0x0002,0x1B73,0x055D,0x05BD,0x167F,0x2455,0x0000,0x2861,0xB9E5,0xB9C6,
  0x3061,0x0000,0x2BF2,0x2DBB,0x259A,0x1DBA,0x1DBA,0x2D7A,0x2599,0x1DB9,0x1DBA,0x1DBA,0x3D99,0x0946,0x0000,0x1020,
  0x2000,0x68A2,0xB9A6,0x8965,0x1800,0x00C5,0x2539,0x163F,0x1DDC,0x25BA,0x1E1C,0x0E7F,0x065F,0x063E,0x1D59,0x0084,
  0xAD50,0xAD50,0xAD50,0xB550,0xAD50,0xB592,0xE719,0xEF39,0xEF39,0xE719,0x4A48,0x0000,0x9CD2,0xFFFF,0xFFDF,0xFFFF,
  0xFFDF,0xFFFF,0xE71C,0x39E7,0x18C3,0x2104,0x2124,0x2945,0x2945,0x2945,0x2104,0x4208,0xFFFF,0xF7BE,0x5ACB,0x2945,
  0xCE59,0xFFFF,0xFFDF,0xFFFF,0xBDD7,0x0841,0x0821,0x2945,0x2965,0x2965,0x2965,0x2965,0x2966,0x10A3,0x0000,0x7BCF,
  0xFFFF,0xD69A,0x10A2,0x1081,0xBDF5,0xEF59,0x4207,0x0000,0x6A04,0xF488,0xFC26,0xFC47,0xFC47,0xFC88,0xDC6A,0x3922,
  0x0000,0x1CF6,0x169F,0x069F,0x06BE,0x069F,0x067F,0x0E3C,0x2518,0x2C95,0x09A8,0x0905,0x0062,0x0000,0x7A24,0xF489,
  0xF427,0xFC47,0xFC27,0xFC67,0xE449,0x38E1,0x0001,0x2433,0x1E7F,0x063F,0x167F,0x2475,0x0000,0x2880,0xB1C5,0xB1C7,
  0x3062,0x0000,0x00C4,0x0146,0x0126,0x0126,0x0145,0x0125,0x0125,0x0146,0x0146,0x0167,0x0166,0x0061,0x0000,0x61A6,
  0xBAEA,0xC227,0xB985,0x8965,0x1800,0x00C5,0x2519,0x265F,0x1331,0x0906,0x1413,0x1EBF,0x065F,0x069F,0x15FD,0x1C17,
  0xB570,0xB570,0xB551,0xB551,0xB551,0xB592,0xE719,0xEF39,0xEF39,0xE739,0x5268,0x0000,0x9CD3,0xFFFF,0xFFDF,0xFFFF,
  0xFFFF,0xFFFF,0xDEFB,0x3186,0x0041,0x0841,0x0841,0x0841,0x0841,0x0861,0x0841,0x3186,0xFFFF,0xFFDF,0x4A49,0x1082,
  0xC638,0xFFFF,0xFFDF,0xFFFF,0xC618,0x18E3,0x1082,0x0861,0x0861,0x0861,0x0861,0x0861,0x0861,0x1082,0x0861,0x8430,
  0xFFFF,0xD69A,0x1082,0x1082,0xBDF5,0xEF59,0x4227,0x0000,0x7204,0xFC88,0xFC27,0xFC68,0xFC67,0xFC87,0xE46A,0x3922,
  0x0001,0x1CD6,0x16BF,0x06BF,0x069F,0x067F,0x065F,0x065E,0x0E5E,0x259A,0x00C4,0x0000,0x0020,0x0000,0x7A24,0xFCA9,
  0xFC26,0xFC46,0xEC48,0xE409,0xBC2B,0x2944,0x00A4,0x1CB6,0x1EBF,0x065F,0x0E3F,0x1C55,0x0000,0x2861,0xB1C6,0xB1A7,
  0x3882,0x1000,0x1000,0x0800,0x1000,0x1000,0x0800,0x0800,0x1000,0x1000,0x1000,0x1000,0x1000,0x1820,0x1000,0x89C6,
  0xEB4B,0xDA67,0xC165,0x8965,0x1800,0x00E5,0x253A,0x265E,0x126C,0x0000,0x1390,0x1EFF,0x069F,0x06BF,0x0E5F,0x0D3E,
  0xAD50,0xAD50,0xAD50,0xAD30,0xAD30,0xB591,0xE718,0xEF39,0xE739,0xE739,0x5288,0x0000,0x9CF3,0xFFFF,0xFFFF,0xFFFF,
  0xFFFF,0xFFFF,0xF79E,0xCE59,0xBE18,0xC618,0xC618,0xC618,0xC618,0xC638,0xC618,0xCE79,0xFFFF,0xFFFF,0xD6BA,0xC638,
  0xEF9E,0xFFFF,0xFFFF,0xFFFF,0xEF7D,0xC638,0xC638,0xC658,0xC638,0xC638,0xC638,0xC638,0xC638,0xC638,0xC618,0xDEDB,
  0xFFFF,0xD679,0x1082,0x1082,0xBDF6,0xEF5A,0x4227,0x0000,0x6A24,0xF488,0xF427,0xFC47,0xFC66,0xFC68,0xDC69,0x3942,
  0x0001,0x24B6,0x0E9F,0x06BF,0x067F,0x067F,0x067F,0x065F,0x063E,0x257A,0x00E5,0x0000,0x0020,0x0000,0x7204,0xFCAA,
  0xFC25,0xFC46,0xD409,0x50E1,0x2944,0x33F1,0x1CF7,0x15DC,0x0E9F,0x063E,0x057D,0x1BD3,0x0000,0x2841,0xB165,0xB966,
  0x99E7,0x9A07,0x9A07,0x9A07,0x9A27,0x9A27,0x9A47,0x9A28,0x9A08,0x9A27,0xA227,0x9A27,0xA228,0xA227,0x9A26,0xCA48,
  0xEAA9,0xDA27,0xC165,0x8945,0x1800,0x00E5,0x255A,0x265E,0x126C,0x0000,0x1BB0,0x1EDF,0x069E,0x069F,0x067F,0x059E,
  0xB570,0xB570,0xB571,0xB551,0xB550,0xBD92,0xE719,0xEF39,0xE739,0xE739,0x52A9,0x0000,0x9CF3,0xFFFF,0xFFFF,0xFFFF,
  0xFFFF,0xFFFF,0xFFFF,0xFFFF,0xFFFF,0xFFFF,0xFFFF,0xFFFF,0xFFFF,0xFFFF,0xFFFF,0xFFFF,0xFFFF,0xFFFF,0xFFFF,0xFFFF,
  0xFFFF,0xFFFF,0xFFFF,0xFFFF,0xFFFF,0xFFFF,0xFFFF,0xFFFF,0xFFFF,0xFFFF,0xFFFF,0xFFFF,0xFFFF,0xFFFF,0xFFFF,0xFFFF,
  0xFFFF,0xD699,0x1081,0x1081,0xBDF5,0xEF5A,0x4227,0x0000,0x7244,0xFCC9,0xFC67,0xFC87,0xFC86,0xFC88,0xE48A,0x3942,
  0x0001,0x3496,0x2E3E,0x1E3D,0x263E,0x263E,0x1E5E,0x1E3D,0x263D,0x3D99,0x0105,0x0000,0x0820,0x0000,0x7245,0xF50D,
  0xF4AA,0xF4EB,0xC48D,0x1000,0x0062,0x3CF7,0x367E,0x1E3D,0x1E5D,0x1DFB,0x2519,0x2BB1,0x0000,0x2861,0xA964,0xC165,
  0xDA48,0xEA88,0xEA88,0xEA88,0xE2A9,0xE2A9,0xEAA8,0xE2A8,0xE2C9,0xDB0A,0xDAE9,0xDAC9,0xDAA9,0xDAC9,0xDACA,0xD289,
  0xDA88,0xCA27,0xB965,0x8165,0x1000,0x00E5,0x255A,0x267F,0x126E,0x0002,0x2390,0x36DF,0x167E,0x069F,0x065F,0x061E,
  0xAD2F,0xAD2F,0xAD2F,0xAD10,0xA50F,0xB571,0xE6F8,0xE739,0xE739,0xE739,0x5AA9,0x0000,0x9CF4,0xFFFF,0xFFFF,0xFFFF,
  0xDEFB,0x7BEF,0x738E,0x738E,0x736D,0x736D,0x736D,0x738E,0x6B6D,0xAD75,0xFFDF,0xF7BE,0xFFFF,0xFFFF,0xFFFF,0xFFDF,
  0xFFFF,0xFFFF,0xFFFF,0xFFFF,0xFFFF,0xFFDF,0xFFDF,0xFFDF,0xFFDF,0xFFDF,0xFFDF,0xFFDF,0xF7BE,0xFFDF,0xF7BF,0xF7BE,
  0xFFFF,0xD699,0x10A1,0x10A2,0xBDF5,0xF75A,0x4A07,0x0000,0x7224,0xFCA9,0xFC47,0xFC67,0xF446,0xFC67,0xDC6A,0x3923,
  0x0000,0x19EA,0x22CD,0x1ACD,0x1ACD,0x1AAD,0x12CD,0x1ACC,0x1ACD,0x228C,0x0882,0x0000,0x0820,0x0000,0x3922,0x7246,
  0x6A25,0x6A46,0x5226,0x0840,0x0062,0x1A2B,0x1ACD,0x12CD,0x1ACD,0x1A8C,0x1A2B,0x19A7,0x0020,0x2881,0xA964,0xC964,
  0xDA26,0xE266,0xE266,0xE267,0xE267,0xE287,0xE267,0xEA88,0xC247,0x6923,0x6124,0x81E6,0x89E6,0x6924,0x58E4,0x7144,
  0x8984,0x9944,0xB145,0x7944,0x0800,0x00E4,0x2D59,0x1E5F,0x1456,0x1311,0x1B30,0x1B0E,0x1475,0x0E7F,0x065E,0x061F,
  0xB570,0xB570,0xB570,0xAD50,0xAD50,0xB591,0xE718,0xEF39,0xEF39,0xEF59,0x5AC9,0x0000,0x9CF3,0xFFFF,0xFFDF,0xFFFF,
  0xC618,0x0000,0x0000,0x0000,0x0000,0x0000,0x0000,0x0000,0x0000,0x6B4D,0xFFFF,0xFFDF,0xFFFF,0xFFFF,0xFFFF,0xFFFF,
  0xFFFF,0xFFFF,0xFFFF,0xFFFF,0xFFFF,0xFFFF,0xFFFF,0xFFFF,0xFFFF,0xFFFF,0xFFFF,0xFFFF,0xFFFF,0xFFFF,0xFFFF,0xFFFF,
  0xFFFF,0xDEBA,0x0861,0x0841,0xBDF5,0xEF5A,0x4A27,0x0000,0x7A66,0xFD2C,0xFCCA,0xFCEB,0xFCEA,0xFCEA,0xE4CB,0x3943,
  0x0000,0x0000,0x0000,0x0000,0x0000,0x0000,0x0000,0x0000,0x0000,0x0000,0x0000,0x0000,0x0000,0x0000,0x0000,0x0000,
  0x0000,0x0000,0x0000,0x0000,0x0000,0x0000,0x0000,0x0000,0x0000,0x0000,0x0000,0x0000,0x0000,0x2041,0xA9C6,0xC9C6,
  0xE2A8,0xEAC8,0xE2A8,0xE2A8,0xEAA8,0xEAC8,0xE2A9,0xE32B,0xAAA9,0x1000,0x0000,0x3965,0x41C5,0x0820,0x0000,0x2861,
  0x50A2,0x70C2,0xA186,0x7965,0x0800,0x00A4,0x2D19,0x0E7F,0x0DFD,0x1D9D,0x12AE,0x0000,0x12AD,0x1E9F,0x067F,0x069F,
  0xAD2F,0xAD2F,0xAD2F,0xAD0F,0xA50F,0xAD50,0xDEF7,0xE739,0xE738,0xE739,0x5AC9,0x0000,0xA514,0xFFFF,0xFFFF,0xFFFF,
  0xE71C,0x8C71,0x8410,0x8430,0x8410,0x8430,0x8430,0x8430,0x8410,0xB5B6,0xFFFF,0xFFDF,0xFFDF,0xFFDF,0xFFDF,0xFFDF,
  0xFFDF,0xFFFF,0xF7DE,0xF79E,0xDEDB,0xAD55,0xAD76,0xB596,0xAD96,0xB596,0xAD75,0xAD75,0xAD75,0xAD75,0xAD75,0xAD55,
  0xB596,0xA513,0x73AD,0x83EE,0xD6B7,0xE779,0x4A68,0x0000,0x49A4,0x9B89,0x9B49,0x9B48,0x9B48,0x9B48,0x9328,0x28C2,
  0x0000,0x0021,0x0000,0x4A8A,0x840F,0x7BF0,0x7C50,0x8450,0x7C30,0x8410,0x8410,0x7C30,0x8430,0x8431,0x8C50,0x8451,
  0x8C51,0x8C31,0x8C51,0x8430,0x8C11,0x8C31,0x8430,0x8430,0x8430,0x7C30,0x8430,0x8430,0x8450,0x7B8D,0x69A6,0x8185,
  0xD248,0xE268,0xDA87,0xDA67,0xE267,0xE2C8,0xC267,0x9A47,0x7207,0x1040,0x0862,0x6B4D,0x7BAE,0x18E3,0x0000,0x4186,
  0x830B,0x7248,0x6125,0x48E4,0x0800,0x00A4,0x2519,0x0E7F,0x059C,0x0CFB,0x12AE,0x0020,0x12ED,0x165D,0x065E,0x069E,
  0xAD70,0xB570,0xB570,0xB550,0xB550,0xB591,0xE718,0xEF39,0xE739,0xEF5A,0x5AC9,0x0000,0xA514,0xFFFF,0xFFFF,0xFFFF,
  0xFFFF,0xFFFF,0xFFFF,0xFFFF,0xFFFF,0xFFFF,0xFFFF,0xFFFF,0xFFFF,0xFFFF,0xFFFF,0xFFFF,0xFFFF,0xFFFF,0xFFFF,0xFFFF,
  0xFFFF,0xFFFF,0xFFFF,0xFFDF,0xA535,0x0000,0x0000,0x0000,0x0000,0x0000,0x0000,0x0000,0x0000,0x0000,0x0000,0x0000,
  0x0000,0x2103,0xDED8,0xEF7A,0xE759,0xDF38,0x4A48,0x0000,0x0000,0x0000,0x0000,0x0000,0x0000,0x0000,0x0000,0x0000,
  0x0000,0x0000,0x0000,0xA535,0xFFFF,0xFFFF,0xFFFF,0xFFFF,0xFFFF,0xFFFF,0xFFFF,0xFFFF,0xFFFF,0xFFFF,0xFFFF,0xFFFF,
  0xFFFF,0xFFFF,0xFFFF,0xFFFF,0xFFFF,0xFFFF,0xFFFF,0xFFFF,0xFFFF,0xFFFF,0xFFFF,0xFFFF,0xFFFF,0xCE18,0x0000,0x1800,
  0xBA69,0xE2CA,0xE2A8,0xE287,0xEA67,0xE2E9,0x99E6,0x1800,0x0800,0x0000,0x18A2,0xA535,0xB5B7,0x2103,0x0000,0x630B,
  0xC5F6,0x7BCE,0x0820,0x0000,0x0000,0x00A3,0x2559,0x0E9F,0x059C,0x0D1C,0x126E,0x0000,0x12ED,0x269D,0x16BF,0x069F,
  0xAD2F,0xAD30,0xAD30,0xAD30,0xAD2F,0xB570,0xE6F8,0xEF39,0xE739,0xEF39,0x5AEA,0x0000,0xA514,0xFFFF,0xFFDF,0xFFDF,
  0xFFFF,0xFFFF,0xFFFF,0xFFFF,0xFFFF,0xFFFF,0xFFFF,0xF7BE,0xF7BE,0xD6BA,0xAD75,0xAD96,0xAD75,0xAD75,0xAD75,0xAD75,
  0xAD75,0xAD75,0xAD75,0xAD55,0x8430,0x4207,0x41E7,0x4207,0x4207,0x4207,0x4207,0x4207,0x4207,0x4207,0x41E7,0x4207,
  0x39C6,0x5AC9,0xD697,0xE738,0xE737,0xE6F8,0x4A28,0x0000,0x28E2,0x4184,0x3963,0x4163,0x4164,0x4163,0x3984,0x4164,
  0x4164,0x1882,0x0000,0x632C,0xAD35,0xC618,0xFFFE,0xFFFF,0xFFFF,0xFFFF,0xFFFF,0xFFFF,0xFFFF,0xFFFF,0xFFFF,0xFFFF,
  0xFFFF,0xFFFF,0xFFFF,0xFFFF,0xFFFF,0xFFFF,0xFFFF,0xFFFF,0xFFFF,0xFFFF,0xFFFF,0xFFDF,0xFFFF,0xD69A,0x528A,0x5A49,
  0x8A48,0x91E5,0xC267,0xE267,0xE247,0xDA87,0xB206,0x50C2,0x30A2,0x0000,0x18C2,0xA514,0xADB6,0x4A69,0x2945,0x738E,
  0xBDB6,0x73CF,0x0041,0x0000,0x0000,0x00A3,0x2558,0x0E9F,0x059D,0x0D1C,0x0B12,0x0126,0x1ACC,0x2432,0x0C75,0x0E5D,
  0xAD50,0xAD50,0xAD50,0xAD50,0xAD50,0xB591,0xE718,0xEF39,0xEF59,0xEF5A,0x5AA9,0x0000,0xA534,0xFFFF,0xFFFF,0xFFFF,
  0xFFFF,0xFFFF,0xFFFF,0xFFFF,0xFFFF,0xFFFF,0xFFFF,0xE75C,0xDEFB,0x7BEF,0x0000,0x0000,0x0000,0x0000,0x0000,0x0000,
  0x0000,0x0000,0x0000,0x0000,0x3A06,0xE71A,0xDEF9,0xE719,0xE6F9,0xE6F9,0xE6F9,0xDEF9,0xDF19,0xE719,0xDEF9,0xDEF9,
  0xDED9,0xDED8,0xE718,0xE718,0xE717,0xDEF8,0x4A48,0x0000,0x6AC7,0xDD6E,0xD50D,0xD52D,0xD52D,0xD52C,0xD52D,0xD50D,
  0xCD2F,0x41A5,0x0000,0x0020,0x0000,0x52AA,0xFFFF,0xFFDF,0xFFDF,0xFFDF,0xFFFF,0xFFFF,0xFFFF,0xFFFF,0xFFFF,0xFFFF,
  0xFFFF,0xFFFF,0xFFFF,0xFFFF,0xFFFF,0xFFFF,0xFFFF,0xFFFF,0xFFFF,0xFFFF,0xFFFF,0xFFFF,0xFFFF,0xF7FF,0xF7BE,0xE73C,
  0x39C6,0x0800,0x91C6,0xD268,0xDA06,0xDA07,0xD207,0xC268,0x8A07,0x0000,0x1082,0xA534,0xADD6,0xAD76,0xAD35,0xAD55,
  0xBDD6,0x7C30,0x0020,0x0000,0x0000,0x00A3,0x2557,0x0EBE,0x05BD,0x053D,0x0CBA,0x1C57,0x22EF,0x0000,0x00E5,0x15FC,
  0xAD30,0xAD30,0xAD50,0xAD50,0xAD50,0xB591,0xE718,0xEF39,0xE739,0xE73A,0x738B,0x2944,0x9D12,0xE73C,0xDEFB,0xDEDB,
  0xDEDB,0xDEDB,0xDEDB,0xDEDA,0xDEDA,0xDEDB,0xD6FB,0xC67A,0xC659,0x7C10,0x2965,0x3185,0x3185,0x3185,0x3185,0x3165,
  0x3165,0x3165,0x3165,0x2944,0x632A,0xEF5A,0xE719,0xE739,0xEF39,0xF719,0xEF18,0xE738,0xE739,0xE739,0xE739,0xE739,
  0xE739,0xE739,0xE718,0xE718,0xDEF7,0xD6B7,0x4227,0x0000,0x72E6,0xE56D,0xE50B,0xE52B,0xDD4B,0xDD4A,0xE52A,0xE52A,
  0xD52D,0x6245,0x20E2,0x1082,0x0000,0x5289,0xFFFF,0xFFDF,0xFFFE,0xFFFF,0xFFFF,0xFFFF,0xFFFF,0xFFFF,0xFFFF,0xFFFF,
  0xFFFF,0xFFFF,0xFFFF,0xFFFF,0xFFFF,0xFFFF,0xFFFF,0xFFFF,0xFFFF,0xFFFF,0xFFFF,0xFFFF,0xFFFF,0xFFFF,0xFFFF,0xEF7D,
  0x39C7,0x0000,0x89A6,0xD247,0xD9C6,0xD1E6,0xD1E5,0xD207,0xA9E6,0x3861,0x3124,0x9491,0x9D13,0xAD76,0xB597,0x9CD2,
  0x9CF2,0x7B6E,0x2862,0x1861,0x0000,0x00A3,0x2577,0x0EBE,0x05FE,0x059E,0x051C,0x0CDB,0x1B31,0x0000,0x00E4,0x15FC,
  0xAD50,0xAD50,0xAD51,0xAD50,0xAD50,0xB592,0xE718,0xEF59,0xE739,0xE739,0xD6B7,0xD6B8,0x7BCE,0x2944,0x2945,0x2124,
  0x2104,0x2124,0x2124,0x2124,0x2104,0x2124,0x2145,0x2165,0x2124,0x840F,0xE71A,0xDED9,0xDEF8,0xDEF8,0xDED8,0xDED8,
  0xD6B8,0xD6B8,0xD6B8,0xD6B8,0xD6B7,0xE6F7,0xDF17,0xDF38,0xDF38,0xE718,0xE6F7,0xE718,0xE739,0xE738,0xE738,0xE738,
  0xE738,0xE739,0xE738,0xE738,0xC5F3,0xB551,0x39A5,0x0000,0x6AE7,0xDD2C,0xE4EA,0xE50A,0xDD0A,0xDD2A,0xDD2A,0xDD0A,
  0xDD0B,0xCC8A,0xC4CE,0x49E5,0x0000,0x52AA,0xFFFF,0xFFFF,0xFFFF,0xFFFF,0xFFFF,0xFFFF,0xFFFF,0xFFFF,0xFFFF,0xFFFF,
  0xFFFF,0xFFFF,0xFFFF,0xFFFF,0xFFFF,0xFFFF,0xFFFF,0xFFFF,0xFFFF,0xFFFF,0xFFFF,0xFFFF,0xFFFF,0xFFFF,0xFFFF,0xEF5D,
  0x39C7,0x0000,0x89A5,0xD226,0xE1C5,0xD1E6,0xD9E6,0xD1E7,0xCA27,0xC269,0xA2CA,0x3944,0x2124,0x94B2,0xBDF7,0x5B0B,
  0x10C3,0x4905,0x8187,0x6965,0x0800,0x00C5,0x2D59,0x0EBF,0x061E,0x0DDE,0x053D,0x0CBC,0x1B32,0x0000,0x00E4,0x161B,
  0xB550,0xAD51,0xAD51,0xB571,0xB551,0xB592,0xE718,0xEF59,0xE719,0xE739,0xE739,0xEF7B,0x6B6C,0x0000,0x0820,0x0000,
  0x0000,0x0000,0x0000,0x0000,0x0020,0x0000,0x0020,0x0040,0x0000,0x73CD,0xF79B,0xE739,0xE758,0xE738,0xE738,0xE739,
  0xE739,0xE739,0xE738,0xE738,0xE718,0xE717,0xE717,0xDF18,0xDF18,0xDF18,0xE718,0xE719,0xE73A,0xE739,0xE739,0xE739,
  0xE73A,0xE75A,0xEF5A,0xE73A,0xC5D4,0xB531,0x39A5,0x0820,0x72C6,0xE52C,0xE4EA,0xE50A,0xE50A,0xE50A,0xDD0A,0xDD0A,
  0xE4E9,0xE4E9,0xE54C,0x6224,0x0020,0x5ACA,0xFFDF,0xF7DF,0xFFFF,0xFFFF,0xFFFF,0xFFFF,0xFFFF,0xFFFF,0xFFFF,0xFFFF,
  0xFFFF,0xFFFF,0xFFFF,0xFFFF,0xFFFF,0xFFFF,0xFFFF,0xFFFF,0xFFFF,0xFFFF,0xFFFF,0xFFFF,0xFFFF,0xFFFF,0xFFFF,0xEF5D,
  0x4207,0x0841,0x81C6,0xC247,0xC9E7,0xC207,0xC227,0xC228,0xC228,0xDA69,0xC288,0x3860,0x1020,0x9C92,0xBE18,0x5ACA,
  0x0800,0x5061,0xA985,0x8944,0x2000,0x00A4,0x3D37,0x267D,0x0E1E,0x05DE,0x053D,0x0CDC,0x1352,0x0000,0x00E5,0x165D,
  0xAD30,0xAD30,0xAD30,0xAD30,0xAD30,0xB571,0xE6F8,0xEF39,0xE738,0xE738,0xDF18,0xE6F8,0xC615,0xB573,0xB594,0xB574,
  0xB594,0xB594,0xB594,0xB594,0xB594,0xB5B4,0xB5B4,0xB5B4,0xB593,0xCE56,0xE739,0xE718,0xE719,0xE719,0xE718,0xE718,
  0xE6F8,0xE718,0xDF17,0xDEF7,0xE6F7,0xE6F7,0xE6F7,0xE6D7,0xE6D8,0xDEF7,0xDEF8,0x7BAD,0x4207,0x4A48,0x4228,0x4228,
  0x4248,0x4A48,0x4A48,0x4A49,0x39E6,0x39A5,0x836A,0xAC0B,0xBC49,0xDCEB,0xDCEA,0xDCEA,0xDCEA,0xE4EA,0xE4EA,0xDD09,
  0xDCE9,0xDCE9,0xDD0A,0xBC49,0xAC0A,0x8BAB,0x528A,0x73CE,0xF7BE,0xFFFF,0xFFFF,0xFFFF,0xFFFF,0xFFFF,0xFFFF,0xFFFF,
  0xFFFF,0xFFFF,0xFFFF,0xFFFF,0xFFFF,0xFFFF,0xFFFF,0xFFFF,0xFFFF,0xFFFF,0xFFFF,0xFFFF,0xFFFF,0xFFFF,0xFFFF,0xF7BE,
  0xCE58,0xC5D7,0x628A,0x2041,0x3081,0x3081,0x3882,0x3082,0x50A2,0xB185,0xC1C5,0xAA05,0x9268,0x51E7,0x39C7,0x5986,
  0x8144,0x9923,0xB142,0xA943,0x8903,0x6185,0x29E7,0x0A2B,0x1C98,0x0DDE,0x051D,0x0CDC,0x1352,0x0000,0x0105,0x0E3D,
  0xB570,0xB571,0xB571,0xB571,0xB571,0xBD92,0xE718,0xEF59,0xEF39,0xE738,0xE738,0xE738,0xEF59,0xEF7A,0xEF5A,0xEF5A,
  0xEF5A,0xEF59,0xEF5A,0xEF5A,0xEF7A,0xEF7A,0xEF7A,0xEF7A,0xEF7A,0xEF5A,0xE739,0xEF39,0xE719,0xEF39,0xEF39,0xEF39,
  0xEF7A,0xEF7A,0xEF7A,0xEF7A,0xEF5A,0xEF7A,0xF759,0xEF59,0xEF59,0xEF59,0xEF7A,0x4A07,0x0000,0x0000,0x0000,0x0000,
  0x0000,0x0000,0x0000,0x0000,0x0000,0x0000,0xA40A,0xF5AE,0xE52B,0xE52A,0xDD2A,0xDD2A,0xE50A,0xE50B,0xE50A,0xE52A,
  0xDD2A,0xDD2B,0xDD2B,0xE54C,0xF5CE,0x9BEA,0x0000,0x2144,0xF7BE,0xFFFF,0xFFFF,0xFFFF,0xFFFF,0xFFFF,0xFFFF,0xFFFF,
  0xFFFF,0xFFFF,0xFFFF,0xFFFF,0xFFFF,0xFFFF,0xFFFF,0xFFFF,0xFFFF,0xFFFF,0xFFFF,0xFFFF,0xFFFF,0xFFFF,0xFFFF,0xFFFE,
  0xFFFF,0xFFFF,0x5AEC,0x0000,0x0000,0x0000,0x0000,0x0000,0x1040,0x91C6,0xC207,0xD288,0xCAEB,0x3041,0x0000,0x60C2,
  0xB186,0xB144,0xB123,0xB123,0xB944,0xA186,0x2820,0x0001,0x2BF4,0x363E,0x153C,0x1CDB,0x2372,0x0000,0x00E5,0x361C,
  0xAD30,0xAD30,0xAD50,0xAD30,0xAD30,0xAD51,0xE6F7,0xE718,0xE718,0xE718,0xE718,0xE738,0xE717,0xE6F7,0xE6F7,0xE6F7,
  0xE6F8,0xE6F8,0xE6F8,0xDEF7,0xDEF7,0xDEF7,0xDED7,0xDEF7,0xDEF8,0xDEF8,0xE6F8,0xE6F8,0xE6F7,0xE6F7,0xD696,0xCE76,
  0x7BEC,0x5AC9,0x5AE9,0x5AC9,0x5AEA,0x5AEA,0x5AEA,0x5AEA,0x5B0A,0x5B0A,0x6B2A,0x730A,0x72C7,0x7AC7,0x7AE7,0x7AE8,
  0x82E8,0x82E8,0x8308,0x8308,0x7AE8,0x8307,0xBC8B,0xE52B,0xDCEA,0xDD0A,0xDD09,0xDD0A,0xDCEA,0xDD0A,0xDD0A,0xDD0A,
  0xDD0A,0xDD0A,0xDD0A,0xDD0A,0xE54C,0x93A9,0x0820,0x18C3,0x630C,0x7BD0,0xF77D,0xFFFF,0xFFFF,0xFFFF,0xFFFF,0xFFFF,
  0xFFFF,0xFFFF,0xFFFF,0xFFFF,0xFFFF,0xFFFF,0xFFFF,0xFFFF,0xFFFF,0xFFFF,0xFFFF,0xFFFF,0xFFFF,0xFFFF,0xFFDF,0xFFDE,
  0xF7DE,0xF7DE,0x5AEB,0x0000,0x11E7,0x1BB0,0x1BB1,0x1BF1,0x2B4D,0x4124,0x60C2,0xB206,0xCA45,0x9163,0x7944,0x9944,
  0xB904,0xB105,0xA904,0xB103,0xB103,0x9945,0x3041,0x0001,0x11C9,0x12AD,0x0A6D,0x124D,0x1189,0x0000,0x0062,0x1A8B,
  0xB571,0xB571,0xAD70,0xB550,0xAD30,0xB592,0xEF18,0xEF59,0xE738,0xE718,0xE738,0xE739,0xE739,0xE739,0xE739,0xE739,
  0xE739,0xEF39,0xEF59,0xF79B,0xF77B,0xF77B,0xF77B,0xF77B,0xF77B,0xF77B,0xF77B,0xF77A,0xF79A,0xEF7A,0xD696,0xCE77,
  0x39C5,0x0000,0x0000,0x0000,0x0000,0x0000,0x0000,0x0000,0x0000,0x0000,0x0000,0x9BA9,0xE56E,0xDD2C,0xDD4D,0xE54D,
  0xE54D,0xE54D,0xE54D,0xE54D,0xE54D,0xE56E,0xDD4D,0xE52B,0xE54B,0xDD4B,0xE54A,0xE52A,0xE52C,0xDD2B,0xDD2B,0xE52B,
  0xE52B,0xE52B,0xE52B,0xDD0B,0xE56C,0x9387,0x0800,0x0000,0x0000,0x2925,0xEF3C,0xFFFF,0xFFFF,0xFFFF,0xFFFF,0xFFFF,
  0xFFFF,0xFFFF,0xFFFF,0xFFFF,0xFFFF,0xFFFF,0xFFFF,0xFFFF,0xFFFF,0xFFFF,0xFFFF,0xFFFF,0xFFFF,0xFFFF,0xFFFF,0xFFFF,
  0xFFFF,0xFFFF,0x630C,0x0000,0x232F,0x365D,0x1E1D,0x1E5D,0x2D18,0x0063,0x1000,0xA227,0xD246,0xD227,0xCA69,0xB1E6,
  0xB124,0xB125,0xB145,0xA964,0xA965,0x99A6,0x3040,0x0000,0x0000,0x0000,0x0000,0x0000,0x0001,0x0000,0x0000,0x0000,
  0xAD30,0xA52F,0xA50F,0xA50F,0xA4EF,0xAD30,0xC5F3,0xCE34,0xDED7,0xE6F7,0xDEF7,0xDEF8,0xE6F8,0xDEF8,0xDEF8,0xE718,
  0xE718,0xE718,0xD6B7,0x948F,0x8C50,0x8C4F,0x8C4F,0x8C4F,0x8C4F,0x8C4F,0x8C4F,0x8C4F,0x946F,0x8C6F,0x840E,0x7BEE,
  0x2123,0x0020,0x0041,0x0021,0x0041,0x0020,0x20A1,0x6AA7,0x6A87,0x6A87,0x72A7,0xBC49,0xDD0B,0xD4EA,0xDCEA,0xD4EA,
  0xD4EA,0xDCEA,0xD4EA,0xD4EA,0xDCEB,0xDCEB,0xDD0B,0xDD0A,0xDCEB,0xD50B,0xDD0A,0xDCEA,0xDCEB,0xDD0A,0xDD0A,0xDD0A,
  0xDD0A,0xDD0B,0xDCEB,0xDCEA,0xE50A,0xB429,0x6A67,0x5A68,0x0820,0x3166,0xE73C,0xFFFF,0xFFFF,0xFFFF,0xFFFF,0xFFFF,
  0xFFFF,0xFFFF,0xFFFF,0xFFFF,0xFFFF,0xFFFF,0xFFFF,0xFFFF,0xFFFF,0xFFFF,0xFFFF,0xFFDF,0xFFDF,0xDEDB,0x8C51,0x8431,
  0x8430,0x840F,0x2985,0x0000,0x1187,0x130E,0x0C95,0x0E7E,0x15DC,0x13B1,0x22CC,0x5186,0x68E3,0x60E3,0x60E4,0x60C3,
  0x60A2,0x6882,0x68A2,0x60C3,0x68C3,0x58E3,0x2040,0x0021,0x1A4B,0x2370,0x1B50,0x1B4F,0x1B50,0x1B50,0x134F,0x136F,
  0xBDF3,0xB591,0xB591,0xB570,0xB571,0xB571,0xAD51,0xB592,0xEF38,0xF779,0xF779,0xF77A,0xEF7A,0xF77A,0xF77A,0xEF7A,
  0xF77A,0xF7BB,0xCE56,0x0820,0x0000,0x0000,0x0000,0x0000,0x0000,0x0000,0x0000,0x0000,0x0000,0x0000,0x0000,0x0000,
  0x0000,0x0000,0x0000,0x0000,0x0000,0x0000,0x2922,0xE5F1,0xEDAE,0xDD4C,0xDD4C,0xDD2B,0xDD0B,0xDD0B,0xDD0B,0xE52B,
  0xE52C,0xE54C,0xE54C,0xE56C,0xE56D,0xE56D,0xDD4B,0xDD2B,0xE52B,0xE52C,0xE52B,0xE52B,0xE52A,0xE52B,0xDD2B,0xDD2B,
  0xDD2B,0xE52B,0xE50A,0xE50A,0xE52A,0xDD4B,0xE58D,0xC4ED,0x1040,0x2966,0xEFBE,0xFFFF,0xFFFF,0xFFFF,0xFFFF,0xFFFF,
  0xFFFF,0xFFFF,0xFFFF,0xFFFF,0xFFFF,0xFFFF,0xFFFF,0xFFFF,0xFFFF,0xFFFF,0xFFFF,0xFFFF,0xFFFF,0xC618,0x0020,0x0000,
  0x0000,0x0000,0x0000,0x0000,0x0000,0x0000,0x0AAD,0x167D,0x069E,0x169E,0x35B8,0x0103,0x0000,0x0000,0x0000,0x0000,
  0x0000,0x0000,0x0800,0x0800,0x0800,0x0000,0x0000,0x0000,0x2455,0x2EBF,0x1E7E,0x169E,0x169E,0x1E7E,0x167E,0x167E,
  0x944E,0x8C0D,0x8C0D,0x840D,0x842E,0x8C2E,0x842E,0x8C4F,0xB593,0xB5B4,0xB5B4,0xB5B5,0xB5B4,0xB5B5,0xBDD5,0xBDB5,
  0xBDD5,0xBDD5,0xA512,0x3184,0x2924,0x2944,0x2124,0x2124,0x2123,0x2123,0x2124,0x2124,0x2924,0x2944,0x2944,0x2944,
  0x2964,0x3165,0x39A6,0x4206,0x41E6,0x39C6,0x5267,0x9BEC,0xAC0A,0xD4EC,0xD50B,0xDCEA,0xDCEA,0xDCEA,0xDD0A,0xC4AA,
  0xABE9,0xAC0A,0xAC0A,0xAC0A,0xA40B,0xAC0A,0xCCEB,0xDD2B,0xDD0A,0xDD0A,0xDD0B,0xDD0A,0xDD0A,0xDD0A,0xDD0A,0xDD0A,
  0xDD0A,0xDD0B,0xDD0A,0xDD0A,0xDD0B,0xDD0A,0xE52C,0xBCAB,0x1060,0x2125,0xB5B6,0xC638,0xF77D,0xFFFF,0xFFFF,0xFFFF,
  0xFFFF,0xFFFF,0xFFFF,0xFFFF,0xFFFF,0xFFFF,0xFFFF,0xFFFF,0xFFFF,0xFFFF,0xFFFF,0xE73C,0xC618,0x94F4,0x19E8,0x09C8,
  0x09C8,0x09A8,0x09A7,0x09A7,0x11A8,0x09A8,0x13B2,0x165E,0x067E,0x067F,0x1DDB,0x0AAC,0x11A9,0x11C9,0x11C8,0x11C8,
  0x11C8,0x11E8,0x11E8,0x11C8,0x11E8,0x11C9,0x11E8,0x09E9,0x14D8,0x0EBF,0x069E,0x069E,0x069E,0x067F,0x067F,0x067E,
  0x0000,0x0820,0x0020,0x0020,0x0020,0x0020,0x0020,0x0020,0x0840,0x0840,0x0841,0x0841,0x0861,0x0861,0x0861,0x0861,
  0x0861,0x0840,0x18C2,0x842F,0x9490,0x8C6F,0x8C6F,0x8C4F,0x8C4F,0x8C4F,0x8C4F,0x8C4E,0x8C6E,0x8C6E,0x8C6F,0x8C6F,
  0x9CD0,0xA4F1,0xCE35,0xF77A,0xE719,0xDE97,0xB552,0x1040,0x28C1,0xC4AC,0xE56C,0xDD2B,0xE52B,0xDD0A,0xDD6C,0x8B67,
  0x1000,0x0800,0x0800,0x0800,0x0800,0x1820,0xA40A,0xE58C,0xDD4A,0xDD4B,0xDD4B,0xDD4C,0xDD2B,0xDD2A,0xDD0A,0xE50A,
  0xDD2A,0xDD2B,0xDD2B,0xDD2B,0xDD2B,0xDD2B,0xE54C,0xBC8B,0x1040,0x0000,0x0841,0x18A2,0xCE59,0xFFFF,0xFFDF,0xFFFF,
  0xFFFF,0xFFFF,0xFFFF,0xFFFF,0xFFFF,0xFFFF,0xFFFF,0xFFFF,0xFFFF,0xFFFF,0xFFFF,0xB5B6,0x0820,0x1187,0x2D7A,0x1E3D,
  0x161C,0x1E1C,0x1E1C,0x1E1C,0x1E1C,0x161C,0x163C,0x067E,0x069F,0x067F,0x065E,0x163C,0x1E1D,0x1E3C,0x1E3C,0x1E3D,
  0x1E5D,0x1E5D,0x1E5D,0x1E5D,0x1E5D,0x1E5D,0x1E5D,0x165E,0x0E7F,0x06BF,0x06BF,0x06BF,0x06BF,0x06BF,0x06BE,0x06DE,
  0x1061,0x18A2,0x10A1,0x10A1,0x10A1,0x10A1,0x10A1,0x10A1,0x10A1,0x10A1,0x10A1,0x18A2,0x10A2,0x10A2,0x18A2,0x18C1,
  0x18C2,0x1081,0x2123,0x8C4E,0x94AF,0x948F,0x948F,0x948F,0x946E,0x948E,0x948F,0x948F,0x94AF,0x94AF,0x94AF,0x94AF,
  0xA510,0xAD31,0xCE34,0xEF38,0xDED7,0xCE34,0xAD31,0x0840,0x18A1,0xAC6D,0xCCEC,0xCCCC,0xCCCC,0xC4AC,0xBCCD,0x7B69,
  0x20E3,0x2104,0x18E3,0x18E4,0x18E3,0x2102,0x93EB,0xCD0D,0xC4CA,0xC4CB,0xC4CC,0xC4AC,0xCCEC,0xDD2B,0xDD2B,0xE50A,
  0xE50A,0xE50B,0xDD0B,0xDD2B,0xDD0B,0xDD0A,0xE52C,0xC48B,0x3901,0x18A1,0x0000,0x0861,0xCE39,0xFFFF,0xFFDF,0xFFFF,
  0xFFFF,0xFFFF,0xFFFF,0xFFFF,0xFFFF,0xFFFF,0xFFFF,0xFFFF,0xFFFF,0xFFFF,0xFFFF,0xB5B6,0x0000,0x0146,0x1DBC,0x067F,
  0x067F,0x0E5F,0x0E7F,0x069F,0x069F,0x069E,0x069E,0x069F,0x067E,0x067F,0x067F,0x069E,0x069F,0x069F,0x069F,0x069F,
  0x069F,0x069F,0x069F,0x069F,0x069F,0x069F,0x069F,0x067F,0x067F,0x067F,0x067F,0x067F,0x069F,0x06BF,0x06BF,0x067E,
  0x8C2E,0x840D,0x8C2E,0x8C4E,0x8C4E,0x8C4E,0x8C4E,0x8C4E,0x8C4E,0x8C4E,0x8C4E,0x8C4E,0x8C6F,0x8C6F,0x8C6F,0x948F,
  0x948F,0x948F,0x948F,0xA510,0xA510,0xA530,0xA530,0xA530,0xA510,0xB592,0xCE55,0xD676,0xDED7,0xDED7,0xDEB7,0xDEB7,
  0xDED7,0xE6D7,0xCE14,0xB571,0xBD71,0xB551,0x8C6E,0x0861,0x0020,0x20C1,0x28E1,0x28C1,0x28C1,0x28E1,0x20C1,0x736C,
  0xD677,0xCE56,0xCE76,0xCE56,0xC635,0xBDF4,0x4205,0x20C1,0x28C1,0x28C1,0x28C1,0x20A1,0x5205,0xDD6D,0xDD2B,0xDD0B,
  0xE50A,0xE50A,0xDD0A,0xE52A,0xE52A,0xDD0A,0xDD0B,0xDCEB,0xC48B,0xAC6D,0x18A1,0x0862,0xC659,0xFFFF,0xFFDF,0xFFFF,
  0xFFFF,0xFFFF,0xFFFF,0xFFFF,0xFFFF,0xFFFF,0xFFFF,0xFFFF,0xFFFF,0xFFFF,0xFFFF,0xB5B6,0x0000,0x0126,0x0CFA,0x059D,
  0x057D,0x057D,0x05DE,0x067F,0x067F,0x067F,0x069F,0x067F,0x067F,0x067F,0x067E,0x067E,0x067F,0x067F,0x069F,0x069F,
  0x069F,0x069F,0x069F,0x069F,0x069F,0x069F,0x069F,0x069F,0x069F,0x069F,0x05FE,0x057D,0x0DDE,0x063F,0x061E,0x053C,
  0x948E,0x948E,0x9C8F,0x9CAF,0x9CAF,0x9CAF,0x9CAF,0x9CCF,0x9CAF,0x9CAF,0x9CAF,0x9CAE,0x9CAE,0x9CCE,0x9CCE,0x9CCE,
  0xA4CF,0xA4EF,0xA50F,0xAD30,0xA530,0xAD30,0xAD30,0xAD30,0xA510,0xBDB2,0xDED7,0xDED7,0xEF59,0xEF39,0xEF59,0xEF38,
  0xEF38,0xEF59,0xCE35,0xAD31,0xB551,0xB572,0x8C90,0x0841,0x0000,0x0841,0x0861,0x0041,0x0841,0x0842,0x0001,0x734D,
  0xF77A,0xEF38,0xF759,0xEF39,0xEF18,0xDEB7,0x3184,0x0000,0x0020,0x0020,0x0840,0x0000,0x3984,0xDD8E,0xD54D,0xD54D,
  0xDD4C,0xDD2B,0xDD0A,0xDD0A,0xDD2A,0xDD0A,0xDD0B,0xE4EA,0xE50B,0xCCCC,0x2080,0x0820,0xBE38,0xFFFF,0xFFDF,0xFFFF,
  0xFFFF,0xFFFF,0xFFFF,0xFFFF,0xFFFF,0xFFFF,0xFFFF,0xFFFF,0xFFFF,0xFFFF,0xFFFF,0xB5B6,0x0000,0x0126,0x0CFA,0x057D,
  0x053D,0x053D,0x0DFE,0x067F,0x069F,0x069F,0x069F,0x067F,0x067F,0x069F,0x067F,0x067E,0x067F,0x0E5F,0x067F,0x069F,
  0x069F,0x069F,0x069F,0x069F,0x069F,0x069F,0x069F,0x069F,0x0E9F,0x0E9F,0x05DD,0x155C,0x159D,0x15BC,0x159C,0x14DB,
  0xAD50,0xAD30,0xAD31,0xAD51,0xAD51,0xB551,0xB551,0xAD51,0xAD51,0xAD51,0xAD51,0xAD50,0xAD50,0xAD50,0xB550,0xAD50,
  0xB550,0xB550,0xBDB1,0xDED7,0xDEF7,0xDEF8,0xDEF8,0xDEF7,0xDEF7,0xE718,0xE738,0xDED7,0xB552,0xB572,0xB591,0xB591,
  0xAD71,0xB593,0x62E9,0x18C2,0x2122,0x1922,0x1903,0x0020,0x3165,0xBDD5,0xCE77,0xC636,0xC615,0xC616,0xC5D6,0xBDB3,
  0xAD50,0xB570,0xAD71,0xB592,0xDED7,0xE719,0xB594,0xA512,0xAD52,0xAD72,0xB573,0xC5D5,0x944F,0x28C1,0x28E2,0x28E2,
  0x38E1,0xABC9,0xDCEB,0xDCA9,0xDCCA,0xDCCA,0xDCEA,0xE4E9,0xDCEA,0xD4EB,0xA3C9,0xA42C,0x4A48,0x18E4,0x9492,0xFFFF,
  0xFFDF,0xFFFF,0xFFFF,0xFFFF,0xFFFF,0xFFFF,0xFFFF,0xFFFF,0xFFFF,0xFFFF,0xFFFF,0xB5B6,0x0020,0x0146,0x0CB9,0x053C,
  0x053D,0x053D,0x059D,0x05FE,0x063F,0x067F,0x067E,0x065E,0x067E,0x067F,0x065F,0x063F,0x063E,0x063E,0x065E,0x065E,
  0x065E,0x065E,0x065E,0x065E,0x065E,0x067E,0x067F,0x063E,0x05BD,0x0DBC,0x0330,0x00E6,0x0126,0x0106,0x0125,0x00E5,
  0xB551,0xB571,0xAD51,0xAD71,0xB571,0xAD71,0xAD51,0xAD50,0xAD50,0xAD30,0xAD30,0xAD30,0xAD30,0xAD30,0xAD30,0xAD30,
  0xAD30,0xAD30,0xB592,0xE718,0xEF59,0xEF59,0xEF59,0xEF5A,0xF77A,0xEF7A,0xF77A,0xE719,0xB572,0xB592,0xBDB1,0xB5B1,
  0xB592,0xBDF4,0x4227,0x0000,0x0000,0x0000,0x0000,0x0000,0x2923,0xE719,0xFFDC,0xF79B,0xF79A,0xEF79,0xEF79,0xCE54,
  0x9CCE,0xA50F,0xA510,0xB571,0xE718,0xF779,0xDEB6,0xD655,0xD676,0xCE96,0xDED7,0xFFBB,0xAD11,0x0000,0x0000,0x0000,
  0x0000,0x93AA,0xE56E,0xDD0B,0xE54C,0xE52B,0xDD0A,0xE50A,0xDD0B,0xDD2B,0xE52C,0xEDAF,0x3964,0x0000,0x7BEF,0xFFFF,
  0xF7BE,0xFFFF,0xFFFF,0xFFFF,0xFFFF,0xFFFF,0xFFFF,0xFFFF,0xFFFF,0xFFFF,0xFFFF,0xB596,0x0000,0x00C4,0x1CDA,0x157D,
  0x053C,0x053C,0x059D,0x059D,0x0DFE,0x0E7F,0x0E7F,0x0E7F,0x069F,0x069F,0x0E5F,0x1E5F,0x167E,0x167D,0x1E5D,0x1E5E,
  0x1E5E,0x1E5E,0x1E5E,0x1E5E,0x1E5E,0x1E5E,0x1E5E,0x1DFE,0x1D9D,0x2D9C,0x1A8D,0x0000,0x0000,0x0000,0x0000,0x0000,
  0xAD10,0xA52F,0xA530,0xA531,0xA511,0xB572,0xCE14,0xC634,0xC634,0xC634,0xCE34,0xC634,0xCE34,0xCE35,0xCE35,0xCE35,
  0xCE55,0xC635,0xCE55,0xE6F7,0xE6F8,0xDEF7,0xE718,0xD676,0xBDD3,0xBDF4,0xC614,0xB572,0x52A8,0x5AEA,0x5AEA,0x5AEA,
  0x630A,0x52A9,0x6B6C,0x9491,0x8C30,0x8C50,0x8C4F,0x8C4F,0x9CB0,0xBDD3,0xC5F4,0xC5F4,0xBDF3,0xD6B6,0xEF59,0xD6B6,
  0xCE54,0xC614,0xA510,0xA510,0xBDD2,0xC5F3,0xCE34,0xDE96,0xDEB6,0xDED6,0xD696,0xD675,0xB591,0x736B,0x738C,0x73CD,
  0x840E,0x6B09,0x6246,0x6266,0x5A65,0x8B47,0xDCEB,0xDCCA,0xDCEA,0xDCEA,0xDCC9,0xE54D,0x4184,0x0020,0x7C0F,0xFFFF,
  0xF7DE,0xFFFF,0xFFFF,0xFFFF,0xFFFF,0xFFFF,0xFFFF,0xFFFF,0xFFFF,0xFFFF,0xFFFF,0xE71C,0xA514,0x7C31,0x1A4D,0x0AF0,
  0x0CB9,0x053C,0x053C,0x053C,0x055D,0x059D,0x05BD,0x05BE,0x05BE,0x05BE,0x155A,0x0BB1,0x0B0D,0x12EE,0x12EE,0x12EE,
  0x12EE,0x12EE,0x12EE,0x12EE,0x12ED,0x12ED,0x12EE,0x1AAE,0x1A8E,0x1ACD,0x0946,0x0000,0x0021,0x0001,0x0000,0x0000,
  0xBDB2,0xBDB2,0xB5B3,0xB5D3,0xBDB3,0xCE35,0xF77A,0xF79A,0xEF7A,0xE779,0xEF79,0xEF79,0xEF79,0xF75A,0xEF5A,0xEF5A,
  0xEF79,0xEF79,0xF77A,0xF77A,0xEF7A,0xEF79,0xF79A,0xCE55,0xAD31,0xAD51,0xB592,0x8C6E,0x0000,0x0000,0x0000,0x0000,
  0x0000,0x0000,0x736C,0xFFFF,0xF7BB,0xFFDC,0xFFDC,0xFFBB,0xEF5A,0xA510,0x9CCF,0xA4F0,0xA4F0,0xD675,0xF79A,0xEF59,
  0xF79A,0xE6F7,0xA4EF,0x9CCE,0x948D,0x946D,0xC614,0xE6F7,0xEF18,0xF758,0xDEB6,0xB591,0xBDB2,0xC613,0xC613,0xDEB6,
  0xF79A,0x5247,0x0000,0x0000,0x0000,0x4184,0xEDCF,0xE54C,0xE52B,0xE50C,0xDD2B,0xDD6E,0x3964,0x0000,0x83F0,0xFFFF,
  0xFFFF,0xFFFF,0xFFFF,0xFFFF,0xFFFF,0xFFFF,0xFFFF,0xFFFF,0xFFFF,0xFFFF,0xFFFF,0xFFFF,0xFFFF,0xCE59,0x0000,0x0023,
  0x2456,0x1D3C,0x0CFB,0x0D3C,0x0D3C,0x0D3C,0x0D5D,0x153D,0x153D,0x157D,0x2CF9,0x0126,0x0000,0x0000,0x0000,0x0000,
  0x0000,0x0000,0x0000,0x0000,0x0000,0x0000,0x0000,0x0000,0x0000,0x0000,0x0000,0x0000,0x0000,0x0000,0x0000,0x0000,
  0x736B,0x736B,0x736C,0x736B,0x738B,0x7BED,0x8C90,0x94F1,0xC635,0xCE95,0xCE55,0xCE55,0xCE55,0xD676,0xD676,0xD655,
  0xD675,0xD675,0xC614,0x9CD0,0x94B0,0x9490,0x94B0,0x83EE,0x6B4B,0x6B4B,0x6B6B,0x6B4B,0x5B0A,0x632B,0x632A,0x630A,
  0x6B2A,0x5AC9,0x948F,0xD6B8,0xCE56,0xCE76,0xD697,0xE718,0xE718,0xC614,0xBDD3,0xAD51,0xA510,0xBDF3,0xD696,0xD696,
  0xD696,0xCE55,0xBDD3,0xBDF3,0xBDB2,0xB592,0xBDD2,0xC614,0xCE34,0xD675,0xCE55,0xCE34,0xC614,0xC613,0xC5F2,0xC5B1,
  0xCE14,0x83CC,0x5267,0x62A8,0x62A8,0x72E9,0x8349,0x9388,0xD50B,0xDD0B,0xDD0A,0xDD2C,0x82E6,0x49C5,0x83AE,0xAD15,
  0xC638,0xFFFF,0xFFFF,0xFFFF,0xFFFF,0xFFFF,0xFFFF,0xFFFF,0xFFFF,0xFFFF,0xFFFF,0xFFDF,0xFFDF,0xD6BA,0x738D,0x634E,
  0x3350,0x1B10,0x1B10,0x1330,0x1330,0x1331,0x1351,0x1B52,0x1B71,0x1B71,0x230F,0x08C4,0x0800,0x30A2,0x48A2,0x4862,
  0x4882,0x4882,0x4882,0x4861,0x4862,0x4082,0x1020,0x0000,0x2881,0x48C2,0x48A2,0x4882,0x5082,0x50A2,0x38A2,0x0000,
  0x0000,0x0000,0x0000,0x0000,0x0000,0x0000,0x0000,0x1081,0x9CAF,0xBD91,0xAD10,0xA4EF,0xA530,0xAD71,0xB571,0xB571,
  0xAD50,0xB571,0x946E,0x0860,0x0000,0x0000,0x0000,0x0000,0x0000,0x0000,0x0000,0x20E3,0xF79B,0xF77B,0xF79B,0xFFBB,
  0xF7BB,0xFFDB,0xCE55,0x9CF0,0xA510,0x9CF0,0xAD51,0xEF39,0xEF59,0xF77A,0xF77A,0xBDB3,0xA4F0,0xA510,0xA510,0xAD30,
  0xA510,0xBDB2,0xEF79,0xF779,0xEF59,0xE738,0xAD71,0x94AE,0xA510,0xA530,0xC614,0xEF38,0xE738,0xE738,0xE6F7,0xA4AE,
  0x942C,0xBD71,0xCE34,0xDE95,0xFF99,0xAD31,0x0820,0x28C0,0xC4EB,0xE4EA,0xDCEA,0xDD0A,0xDCEB,0xE58F,0x7B2A,0x0000,
  0x738D,0xFFFF,0xFFFF,0xFFFF,0xFFFF,0xFFFF,0xFFFF,0xFFFF,0xFFFF,0xFFFF,0xFFFF,0xFFFF,0xFFFF,0xFFFF,0xFFFF,0xEF7E,
  0x29A7,0x0000,0x0000,0x0000,0x0000,0x0000,0x0000,0x0000,0x0000,0x0001,0x0001,0x0000,0x1000,0x7144,0xA965,0xA925,
  0xA944,0xA144,0xA145,0xA124,0x9925,0x8966,0x2841,0x0000,0x6164,0xA207,0xA9C6,0xA9E6,0xB1E6,0xB208,0x89C7,0x0000,
  0x2922,0x2923,0x3122,0x30E2,0x30E2,0x3902,0x3102,0x41A4,0x83CC,0x840E,0x83ED,0x83EC,0x840D,0x844E,0x842E,0x8C2D,
  0x8C0D,0x8C2E,0x738C,0x0861,0x0000,0x0020,0x0000,0x10A2,0x2944,0x2944,0x2924,0x4A27,0xEF39,0xEF19,0xDEB6,0xDEB6,
  0xDEB6,0xDED6,0xC614,0xB592,0xB5B2,0xB5B2,0xBDD3,0xDED7,0xDEB7,0xDEB7,0xDEB7,0xC5F4,0xB592,0xB5B2,0xBDB3,0xB5B2,
  0xAD31,0xBDB3,0xDED7,0xDED7,0xE718,0xE738,0xBDD3,0xAD71,0xAD51,0x9CCF,0xB592,0xCE75,0xD675,0xDEF6,0xDEB6,0xAD30,
  0xA4CE,0xBD70,0xCDF2,0xB551,0xAD31,0x7BAC,0x0840,0x28E1,0xC4AB,0xE4AA,0xDCCA,0xDCC9,0xDCA9,0xDD2C,0x7B29,0x0000,
  0x738D,0xFFFF,0xFFFF,0xFFFF,0xFFFF,0xFFFF,0xFFFF,0xFFFF,0xFFFF,0xFFFF,0xFFFF,0xFFFF,0xFFFF,0xFFFF,0xFFFF,0xEF5D,
  0x5ACB,0x2945,0x39A6,0x31C6,0x39E7,0x41E8,0x4207,0x4228,0x31A6,0x0800,0x1000,0x3061,0x4861,0x9104,0xB924,0xB924,
  0xB943,0xB143,0xA903,0xA903,0xA903,0x8924,0x2020,0x0000,0x40E3,0x7965,0x7944,0x7185,0x7984,0x7985,0x5965,0x0000,
  0xDD6D,0xDD6E,0xDD4E,0xD56E,0xDD4E,0xE54D,0xDD6E,0xC530,0x2903,0x0000,0x0000,0x0000,0x0000,0x0000,0x0000,0x0000,
  0x0000,0x0000,0x0000,0x0000,0x0000,0x0000,0x0000,0x7BCD,0xF79B,0xF77A,0xF79A,0xF79A,0xEF18,0xEF38,0xB571,0xA4EF,
  0xA4EF,0x9CAE,0xCE34,0xFFBA,0xEF79,0xF79A,0xE718,0xA530,0xA510,0xAD30,0xAD31,0xDEF7,0xFFBB,0xF77A,0xF79A,0xD696,
  0xA510,0xAD51,0xA510,0xAD31,0xDEF8,0xEF79,0xEF59,0xF79A,0xC634,0x840C,0x8C4C,0x8C2C,0x9CAE,0xC5F2,0xCE13,0xD675,
  0xDE95,0xDE74,0xE6B6,0x5267,0x0000,0x0000,0x0000,0x28C1,0xC48B,0xE4EB,0xDD0A,0xDD2A,0xDCEA,0xDD6E,0x7B09,0x0000,
  0x738E,0xFFFF,0xFFFF,0xFFFF,0xFFFF,0xFFFF,0xFFFF,0xFFFF,0xFFFF,0xFFFF,0xFFFF,0xFFFF,0xFFFF,0xFFFF,0xFFFF,0xFFDF,
  0xFFFF,0xFFFF,0xFFFF,0xFFFF,0xFFFF,0xFFFF,0xFFFF,0xFFFF,0xCE9A,0x1082,0x1800,0x89E7,0xB1C7,0xD207,0xDA07,0xDA07,
  0xE267,0xD206,0xB124,0xB123,0xB104,0x9145,0x2820,0x0000,0x0800,0x1000,0x1000,0x0800,0x0800,0x0800,0x0800,0x0000,
  0xDCC9,0xDCC9,0xDCCA,0xD4EB,0xD4CA,0xDCA9,0xD4EA,0xC4AC,0x4963,0x2081,0x28C2,0x28C1,0x1860,0x0020,0x0041,0x0021,
  0x0821,0x18A3,0x18C3,0x18C3,0x18C3,0x20E3,0x18A2,0x83ED,0xDED8,0xDED7,0xDED6,0xE6F7,0xEF18,0xE6F7,0xB571,0xAD30,
  0xAD50,0xAD30,0xC634,0xE738,0xE6F7,0xE738,0xDEB6,0xAD51,0xB571,0xB571,0xB571,0xDEB6,0xEF59,0xE738,0xEF59,0xD696,
  0xAD31,0xAD51,0xAD51,0xB572,0xDED7,0xE718,0xDED7,0xE718,0xC5F3,0x8C2C,0x948D,0x9C8D,0xA4CE,0xCDB2,0xCDF3,0xC5F4,
  0xC5F3,0xC5F3,0xD655,0x5AA8,0x1040,0x1880,0x1020,0x30C1,0xC4CB,0xDD09,0xDD0A,0xDD0A,0xDCEA,0xDD4D,0x8B08,0x1800,
  0x734C,0xEF5D,0xE73D,0xFFDF,0xFFFF,0xFFFF,0xFFFF,0xFFFF,0xFFFF,0xFFFF,0xFFFF,0xFFFF,0xFFFF,0xFFFF,0xFFFF,0xFFDF,
  0xFFDE,0xFFDE,0xFFFF,0xFFFF,0xFFDF,0xFFDF,0xFFDE,0xFFFF,0xCE58,0x1061,0x1800,0x8944,0xB123,0xC9A5,0xD9E6,0xD9E6,
  0xE226,0xD1C6,0xB124,0xB124,0xB104,0x9145,0x2821,0x0000,0x0043,0x00A5,0x00A5,0x00A4,0x00C4,0x00E5,0x00A4,0x0000,
  0xDD0B,0xDD0A,0xDCEB,0xDD0B,0xDD0A,0xDD0A,0xDD2B,0xD50C,0xC4CC,0xC4CD,0xBCCD,0xC510,0x6AA8,0x0000,0x0040,0x0000,
  0x2924,0xB553,0xBDF5,0xCE77,0xD698,0xD697,0xD677,0xBDB4,0xAD31,0xAD31,0xAD30,0xAD31,0xB571,0xB592,0xD696,0xE6F7,
  0xE6F7,0xE718,0xC614,0xA4EF,0xBDB2,0xE738,0xE718,0xDEF7,0xE6F7,0xB591,0xA530,0xAD51,0xAD71,0xCE76,0xEF79,0xE718,
  0xE6F8,0xE6F8,0xE719,0xDEF8,0xA510,0x94AE,0x9CCF,0x9CAE,0xAD30,0xC5F3,0xC5F2,0xC5F3,0xC5D1,0xC5B1,0xB551,0x39C5,
  0x1081,0x10A2,0x1881,0x8329,0xC4ED,0xBCAB,0xC48B,0xC48C,0xD50B,0xDCEA,0xE4E9,0xE4CA,0xDCCA,0xD50A,0xCCAB,0xBC8D,
  0x83AB,0x1082,0x4A48,0xF7DF,0xFFFF,0xFFFF,0xFFFF,0xFFFF,0xFFFF,0xFFFF,0xFFFF,0xFFFF,0xFFFF,0xFFFF,0xFFFF,0xFFFF,
  0xFFFF,0xFFFF,0xFFFF,0xFFFF,0xFFFF,0xFFFF,0xFFDF,0xFFFF,0xCE78,0x1062,0x1800,0x8144,0xB103,0xD1A6,0xDA06,0xE226,
  0xEA46,0xD1E6,0xB124,0xA923,0xB103,0x9945,0x3020,0x0001,0x1AAE,0x2436,0x1C36,0x1C56,0x1C76,0x1C77,0x2BB3,0x0001,
  0xDD0B,0xDD0A,0xDD0B,0xDD2B,0xDD2A,0xDD2A,0xDD2B,0xDD2C,0xE54D,0xDD6E,0xDD8E,0xE5F1,0x7AE8,0x0000,0x0040,0x0000,
  0x2944,0xC5D4,0xD6B6,0xEF59,0xF799,0xF779,0xEF59,0xCE14,0xA510,0xA510,0xA4EF,0xA4EF,0xA510,0xAD30,0xDED7,0xEF59,
  0xEF58,0xF779,0xC613,0x946D,0xB592,0xEF38,0xEF38,0xEF58,0xEF38,0xAD50,0x9CEF,0xA50F,0x9CEF,0xCE55,0xF77A,0xEF59,
  0xEF79,0xF77A,0xF77B,0xE739,0x9CCF,0x8C2D,0x946E,0x946D,0xAD51,0xD655,0xCE54,0xD655,0xCE14,0xC5F2,0xB571,0x2923,
  0x0000,0x0000,0x0000,0x9307,0xED6C,0xE52A,0xED4A,0xE54C,0xE52B,0xE4EA,0xE4EA,0xE4EA,0xE4EA,0xDD09,0xDCE9,0xE52C,
  0x8B89,0x0000,0x3185,0xF79D,0xF7DF,0xF7DF,0xFFDF,0xFFDF,0xFFBF,0xFFBF,0xFFDF,0xFFDF,0xFFBF,0xFFBF,0xFFDE,0xF7DF,
  0xF7DE,0xF7DF,0xF7BF,0xFFDE,0xFFDE,0xFFDE,0xF79E,0xFFFF,0xC638,0x0861,0x1800,0x8124,0xB103,0xD9E6,0xE227,0xE247,
  0xEA67,0xD1E6,0xA904,0xA903,0xB103,0x9945,0x2820,0x0001,0x1B52,0x153C,0x053C,0x053C,0x053C,0x053D,0x2437,0x0021,
  0xDD0A,0xDD0A,0xDD0A,0xDD2A,0xDD0A,0xDD0A,0xDD2B,0xCCEC,0x6225,0x4143,0x4183,0x4163,0x8BAC,0xA4D1,0x9CF1,0xA513,
  0xB594,0xDEB7,0xDED7,0xBDF3,0xBDD3,0xBDD3,0xBDD3,0xB571,0xA530,0xBDD3,0xD6B6,0xD696,0xD676,0xD675,0xBDD3,0xBDB2,
  0xDEB6,0xE738,0xD6B6,0xCE55,0xC613,0xB571,0xB571,0xB591,0xBDD2,0xD675,0xD696,0xD675,0xCE96,0xBDF3,0xAD31,0xAD71,
  0xA571,0xAD72,0xBD93,0xBDB2,0xBDF2,0xBDD2,0xBDB3,0xC614,0x840D,0x3185,0x3185,0x3185,0x3185,0x2964,0x41A5,0x8B8A,
  0x93AA,0x93A9,0x9B68,0xC46A,0xE50A,0xDD09,0xDD0A,0xDD0B,0xDD0A,0xE4EA,0xDCEA,0xDCEA,0xDCEA,0xDCEA,0xDCC9,0xDCCB,
  0x8B49,0x0000,0x0861,0x39C6,0x31C7,0x31E7,0x31C7,0x39C7,0x39C7,0x39C7,0x39C7,0x31C7,0x39A7,0x39A7,0x39C7,0x39A7,
  0x39C7,0x39C7,0x39C7,0x39C7,0x39C7,0x39C7,0x39C7,0x39E7,0x3165,0x0020,0x1020,0x8925,0xB124,0xD1E5,0xE226,0xE227,
  0xE247,0xD1E6,0xA903,0xA8E4,0xB104,0x9945,0x2840,0x0001,0x1B52,0x0D5D,0x053C,0x053C,0x053C,0x053D,0x2437,0x0021,
  0xE52B,0xE52B,0xE52B,0xE52B,0xE52B,0xDD2B,0xE56C,0xCD0D,0x28E2,0x0000,0x0000,0x0000,0x8C2F,0xE6F8,0xEF18,0xFF9A,
  0xF77A,0xEF59,0xE6D7,0xB551,0xAD30,0xAD30,0xA510,0xA510,0xA510,0xC614,0xF7BA,0xF77A,0xF759,0xEF39,0xB592,0xA50F,
  0xD675,0xEF38,0xE718,0xE738,0xCE55,0x9CAE,0x9CAE,0x9CAE,0xA510,0xE718,0xEF59,0xEF59,0xEF7A,0xB592,0x8C0C,0x944C,
  0x8C4D,0x8C6D,0xA4CF,0xB52F,0xDE95,0xE6D6,0xD695,0xE718,0x7BAC,0x0000,0x0000,0x0000,0x0000,0x0000,0x1820,0xBC8C,
  0xDD4C,0xDD2B,0xDD4B,0xDD2B,0xDD0B,0xE50A,0xE50A,0xE50A,0xDD0A,0xDD2B,0xDD0A,0xDD0A,0xDD2A,0xD50A,0xDD0B,0xDD2D,
  0x8BAB,0x0000,0x0000,0x0000,0x0000,0x0000,0x0000,0x0000,0x0000,0x0000,0x0000,0x0000,0x0000,0x0000,0x0000,0x0000,
  0x0000,0x0000,0x0000,0x0000,0x0000,0x0000,0x0000,0x0000,0x0000,0x0000,0x2000,0x8904,0xB124,0xDA06,0xEA47,0xE247,
  0xEA68,0xD1E6,0xB103,0xA904,0xB103,0x9945,0x2840,0x0001,0x1B52,0x0D7D,0x053D,0x051D,0x0D1B,0x1D3A,0x2C55,0x0000,
  0xDD0A,0xDD0A,0xDD0A,0xDD0A,0xDD0B,0xDD0A,0xE52B,0xCD0C,0x3122,0x0000,0x62EA,0x7BCE,0xA511,0xCE13,0xBD91,0xAD30,
  0xAD51,0xA511,0xA4F0,0xAD30,0xAD51,0xBDB2,0xC614,0xCE55,0xD676,0xDEB7,0xEF59,0xE6F8,0xBDB3,0xBDD3,0xAD51,0xAD30,
  0xBDD3,0xC5F3,0xD696,0xEF39,0xDED7,0xC634,0xC634,0xCE35,0xCE35,0xAD51,0xAD31,0xAD31,0xAD51,0xAD51,0xBD71,0xBD71,
  0xB571,0xB571,0xC5F3,0xB592,0x736A,0x62C9,0x62E9,0x62EA,0x7309,0x8B8A,0x8B6A,0x8B6A,0x8B6A,0x834A,0x9368,0xCC8A,
  0xDCEA,0xDCE9,0xD4C9,0xDCEA,0xDCEA,0xDCEB,0xDCEB,0xE4E9,0xDCE9,0xDD0A,0xE4E9,0xDCEA,0xD4EA,0xD52B,0x9BC8,0x6246,
  0x41A5,0x0000,0x1861,0x6A26,0x7205,0x7205,0x7A05,0x79E4,0x7246,0x4124,0x0000,0x28A3,0x6145,0x6944,0x6944,0x6944,
  0x6944,0x6944,0x6944,0x6944,0x6944,0x6944,0x6124,0x5944,0x6124,0x58E3,0x7103,0xA125,0xB904,0xD9E6,0xEA47,0xE247,
  0xEA47,0xD1E6,0xB104,0xB104,0xB103,0x9944,0x2820,0x0002,0x1B32,0x0D5D,0x051D,0x0CFC,0x1BF5,0x11EA,0x2208,0x7AE7,
  0xE52B,0xE52B,0xE52B,0xDD4B,0xDD4B,0xDD4B,0xE54C,0xCD0D,0x2903,0x0020,0x9C90,0xCE34,0xBD92,0xBDB2,0xA4EF,0x842C,
  0x8C4D,0x7BAB,0x7BCB,0xAD50,0xAD51,0xCE54,0xE6F8,0xF77A,0xFFBB,0xF77A,0xF77A,0xDEF8,0x948E,0x9CAF,0x9CCF,0xAD31,
  0xAD51,0xA4EF,0xCE34,0xF779,0xEF59,0xEF79,0xEF79,0xF799,0xE718,0x840C,0x7BAB,0x83CC,0x7BCB,0xAD50,0xDE95,0xD675,
  0xE696,0xDE75,0xE6D7,0xC5F4,0x1881,0x0000,0x0000,0x0000,0x6225,0xEDEF,0xED6C,0xED6C,0xE56C,0xE56C,0xE54C,0xE50A,
  0xE50A,0xE50B,0xDD0A,0xDD2A,0xE509,0xE50A,0xE50B,0xE50B,0xE52A,0xE52B,0xE54C,0xE54D,0xE54D,0xEDCF,0x7AE8,0x0000,
  0x0000,0x0000,0x3080,0xBB28,0xD305,0xCB05,0xCB06,0xCB05,0xC367,0x61A4,0x0000,0x48C3,0xA186,0xB165,0xB965,0xB965,
  0xB964,0xB964,0xB964,0xB965,0xB165,0xB165,0xB944,0xB144,0xB145,0xA925,0xB145,0xB0E4,0xB903,0xE207,0xEA68,0xEA67,
  0xEA88,0xDA06,0xB124,0xB104,0xB104,0x9945,0x2820,0x0001,0x1B53,0x155D,0x051E,0x153D,0x1352,0x0000,0x1840,0xDC8A,
  0xDCEA,0xDCEA,0xDCEA,0xDD0A,0xDCEB,0xD4EA,0xDD0B,0xC4CC,0x2903,0x0000,0x5AA9,0x738B,0x948E,0xBD91,0xA4EF,0x946D,
  0x948E,0x8C2D,0x8C4D,0xAD0F,0xAD30,0xB571,0xBDD3,0xC614,0xC615,0xCE35,0xD697,0xCE56,0xB592,0xB592,0xB592,0xBDD3,
  0xC5F3,0xBDD3,0xC5F3,0xC5F3,0xC5F3,0xBDF3,0xC5F3,0xC613,0xC613,0x9CCE,0x948E,0x948E,0x9C6E,0xAD2F,0xBDF1,0xAD31,
  0x8C2E,0x8C2E,0x9C6F,0x940D,0x6247,0x5A25,0x5A66,0x5A25,0x9368,0xDD0B,0xDCCA,0xDCC9,0xD4C9,0xD4C9,0xD4C9,0xDCC9,
  0xDCC9,0xDCCA,0xDCEA,0xDCE9,0xDCE9,0xDCC8,0xDCC9,0xDCA9,0xDCE9,0xCCCA,0x8B89,0x8349,0x8B69,0x93AB,0x7288,0x5122,
  0x5142,0x4942,0x6982,0xBAA4,0xCA62,0xC283,0xC283,0xC282,0xBAC4,0x5962,0x0000,0x48A2,0xA144,0xB103,0xB103,0xB904,
  0xC164,0xC964,0xC985,0xC985,0xC985,0xC984,0xC984,0xC184,0xC185,0xC185,0xC185,0xC184,0xC1A4,0xDA27,0xE246,0xE227,
  0xE227,0xD1C5,0xA903,0xB104,0xB103,0x9945,0x2820,0x0001,0x1B52,0x0D1C,0x04FC,0x053C,0x1372,0x0000,0x2080,0xDC07,
  0xE52B,0xE52B,0xE52B,0xE50B,0xE50C,0xDD0B,0xE52C,0xC4EC,0x2902,0x0000,0x0000,0x0000,0x632A,0xBD91,0xB551,0xB571,
  0xB592,0xB571,0xB571,0xB571,0xB592,0x8C2C,0x7BAB,0x7BCB,0x7BAB,0x8C4D,0xA510,0xB592,0xF7BB,0xF77A,0xF77A,0xF77A,
  0xEF59,0xF79A,0xB592,0x7369,0x83CB,0x7BAB,0x83EB,0x8C4C,0x9CCE,0xC613,0xCE54,0xCE54,0xD655,0xBD91,0xA50F,0x738B,
  0x0000,0x0000,0x0000,0x1040,0xB44C,0xE56D,0xDD4D,0xDD6D,0xDD4C,0xE52B,0xE50B,0xE52B,0xDD2A,0xDD2B,0xDD2B,0xDD2B,
  0xE50B,0xE50A,0xE4EA,0xE4EA,0xDCEA,0xDD09,0xE52A,0xE50B,0xE52A,0xC4EC,0x1860,0x0000,0x0000,0x0000,0x5942,0xCB47,
  0xC2E5,0xC326,0xCB05,0xD2C4,0xCAC3,0xCAC4,0xD2C4,0xCAC3,0xC2E4,0x6162,0x0000,0x50C2,0xB1C5,0xB164,0xA903,0xB123,
  0xDA48,0xEA88,0xEA88,0xEA88,0xEA88,0xEA88,0xEA88,0xEAA8,0xEA88,0xEAA8,0xEA88,0xEA87,0xEA87,0xE287,0xEA67,0xEA68,
  0xEA68,0xD206,0xA904,0xA904,0xB104,0x9945,0x2820,0x0001,0x1B73,0x0D3D,0x053D,0x157D,0x1BB3,0x0000,0x2060,0xE449,
  0xDCEA,0xDCEA,0xDCEA,0xDCEA,0xDCEA,0xDCEA,0xDD0B,0xC4CB,0x49A3,0x20A1,0x20E2,0x20C1,0x62EA,0x944E,0x8C4E,0x8C4E,
  0x9CAF,0xAD30,0xB550,0xB571,0xB571,0x948E,0x8C2C,0x8C4D,0x8C4D,0x94AE,0xA510,0xAD71,0xDED7,0xD6B7,0xDEB7,0xD6B7,
  0xD696,0xDED7,0xB591,0x8C2C,0x944D,0x944D,0x946D,0x9CAE,0xA4EF,0xA4EF,0xA4F0,0xA4D0,0xA4F1,0x946F,0x8C2E,0x734B,
  0x28E1,0x28E1,0x20C1,0x4142,0xBC2A,0xE4EB,0xDCEA,0xDCEA,0xDCEA,0xDCEA,0xDCEA,0xDD0A,0xDCEA,0xDCEA,0xDCEA,0xDD0A,
  0xDCEA,0xDCE9,0xDCE9,0xDCC9,0xDCCA,0xC4AA,0xAC0A,0xABEB,0xAC2B,0x9BEB,0x38E1,0x2060,0x2080,0x2060,0x7182,0xCAE5,
  0xCAA3,0xCAA2,0xCAA2,0xCAA2,0xCAC2,0xCAC3,0xCAA3,0xCAA3,0xC2E5,0x5963,0x0000,0x48C2,0xB186,0xB145,0xA903,0xB103,
  0xC9E6,0xD1E6,0xDA26,0xE247,0xEA47,0xEA67,0xE267,0xE267,0xEA67,0xE267,0xEA67,0xEA67,0xEA47,0xEA27,0xE247,0xDA26,
  0xD9E6,0xC9A5,0xA904,0xA8E4,0xA903,0x9145,0x2820,0x0001,0x1B33,0x151C,0x1498,0x2C16,0x332F,0x20A1,0x50E1,0xEC48,
  0xDD0A,0xDD0A,0xDD0A,0xDD2A,0xDD2A,0xDD0A,0xDD0A,0xDD0B,0xCCCC,0xCCCC,0xC4CC,0xC50D,0x6266,0x0000,0x0040,0x0000,
  0x3144,0xA510,0xB570,0xAD50,0xB551,0xAD51,0xAD51,0xAD51,0xB551,0xA4EF,0x842C,0x8C4C,0x8C4D,0x8C2D,0x8C4D,0x8C4D,
  0x8C4D,0x8C2C,0xAD50,0xC613,0xC5F1,0xCE12,0xCDF2,0xCE33,0xBD92,0x2102,0x0000,0x1021,0x0841,0x0861,0x0000,0x6287,
  0xC4EE,0xCCCC,0xCCCB,0xCCAC,0xDCEB,0xDD2A,0xE50A,0xDD0A,0xDD0B,0xDD0B,0xDD2B,0xE50B,0xE4EB,0xE50B,0xE50B,0xE50B,
  0xE50B,0xE50A,0xDD0A,0xDD0A,0xE56D,0x9BC9,0x1840,0x1041,0x0841,0x2081,0x9287,0xAAA6,0xAAC5,0xAAA5,0xC2A4,0xCAC3,
  0xCAA2,0xCAA2,0xCAC3,0xCAC3,0xD2C3,0xD2A3,0xD2C3,0xD2C2,0xCB04,0x59A3,0x0000,0x48C2,0xB165,0xB125,0xA905,0xB104,
  0xB104,0xB103,0xD1C5,0xE247,0xE227,0xEA47,0xEA67,0xEA47,0xEA47,0xEA67,0xEA67,0xE267,0xEA47,0xE247,0xDA06,0xC184,
  0xB903,0xB103,0xA904,0xA904,0xA8E4,0x9145,0x2820,0x0001,0x2311,0x2D1B,0x0AAE,0x0022,0x5A67,0xDCAB,0xEC68,0xFC67,
  0xDD0A,0xDD0A,0xDD0A,0xDD0A,0xDD0A,0xDD0A,0xDD0A,0xDD0A,0xDD0A,0xDD0A,0xDD0A,0xDD4B,0x72C6,0x18A1,0x20C2,0x20A1,
  0x41A4,0x9CAF,0x9CF0,0xA4D0,0x9CD0,0xA4F0,0xA4F0,0xAD10,0xB551,0xA4CE,0x842C,0x842C,0x83EC,0x83CB,0x942C,0x944D,
  0x8C4C,0x8C4C,0xAD4F,0xCE33,0xC5D2,0xB571,0xBD70,0xBD72,0xAD10,0x3184,0x18A1,0x20A2,0x18A1,0x18C1,0x1881,0x7AA7,
  0xD52D,0xDD0A,0xDD09,0xDCEA,0xDCEA,0xDCE9,0xDCE9,0xDD0A,0xDD0A,0xDD0A,0xDD0A,0xDD0A,0xDD0A,0xD52A,0xE50A,0xE4EA,
  0xDD0B,0xDD0A,0xDD2A,0xC4AA,0xBCAD,0x7B49,0x0800,0x0800,0x1061,0x30A0,0xA285,0xCA84,0xC2A3,0xC2C4,0xCAA3,0xCAA3,
  0xCAA3,0xCAA3,0xCAA3,0xCAA3,0xCAC3,0xCAC3,0xCAC3,0xD2A2,0xCB04,0x6182,0x0000,0x48C3,0xA9A5,0xA945,0xA925,0xB124,
  0xA923,0xB123,0xC9A5,0xDA07,0xDA07,0xDA06,0xDA06,0xDA07,0xDA07,0xDA07,0xDA07,0xE227,0xE227,0xDA06,0xD206,0xC184,
  0xB8E3,0xB0E4,0xA903,0xA903,0xA8E4,0x9125,0x2820,0x0000,0x22AD,0x3456,0x11EB,0x0000,0x6A45,0xF4CA,0xFC67,0xFC67,
  0xDD0A,0xDD0A,0xDD0A,0xDD0A,0xDD0A,0xDD0A,0xDD0A,0xDD0A,0xDD0A,0xDD0A,0xDD0A,0xDD2B,0xCD0C,0xBCCD,0xBCAD,0xC4EE,
  0x9C2C,0x2943,0x18C3,0x18E3,0x18E3,0x1903,0x18C3,0x6B4A,0xB551,0xACEF,0xACEF,0x9CAF,0x8C4D,0x944D,0xBD72,0xC5D3,
  0xC5D2,0xC5F2,0xCE13,0xDE75,0xA4B0,0x20E2,0x18E3,0x18C3,0x3984,0xA46C,0xBCCC,0xBC6C,0xB48C,0xB46B,0xBC6C,0xCC8B,
  0xDCEB,0xDD09,0xDCE9,0xDCEA,0xDCEB,0xDD0A,0xDCEA,0xE4E9,0xE4E9,0xE509,0xE50A,0xDD0A,0xDD0A,0xDD0A,0xDD0A,0xE50A,
  0xDD2B,0xDD0A,0xE54C,0x6A25,0x18A2,0x1881,0x0000,0x2061,0x8A87,0xAA85,0xBA84,0xC282,0xC2A3,0xC2A3,0xC283,0xC283,
  0xC282,0xCAA3,0xCAA3,0xCAA3,0xCAC3,0xCAC3,0xCAC2,0xD2C2,0xCB04,0x6182,0x0000,0x30A2,0x7945,0x8924,0xA923,0xA923,
  0xA923,0xB104,0xB124,0xB124,0xB144,0xB143,0xB923,0xB144,0xB144,0xB144,0xB944,0xB944,0xB944,0xB944,0xB964,0xB944,
  0xB904,0xB104,0xB124,0xA923,0xA904,0x9124,0x2820,0x0000,0x0863,0x08C5,0x0062,0x0000,0x6A25,0xF489,0xFC47,0xFC47,
  0xDD0A,0xDD0A,0xDD0A,0xDD0A,0xDD0A,0xDD0A,0xDD0A,0xDD0A,0xDD0A,0xDD0A,0xDD0A,0xE50B,0xDD2B,0xDD4B,0xE52B,0xED6C,
  0xB46B,0x2060,0x0800,0x0820,0x0020,0x0800,0x0000,0x5AC9,0xAD52,0xA510,0xAD10,0xA4EF,0x946D,0x948D,0xC5F2,0xD654,
  0xCE33,0xD634,0xD634,0xE675,0xA46F,0x0800,0x0000,0x0000,0x30C1,0xC4CC,0xE54B,0xE4EA,0xE50A,0xE50A,0xE50A,0xE4EA,
  0xDCEA,0xE4EA,0xE4EA,0xDCEB,0xDD0B,0xDD0A,0xDD0A,0xDD0A,0xDD09,0xE509,0xE50A,0xDD0A,0xDD0A,0xDD0A,0xDD0A,0xD52C,
  0xD54D,0xD54C,0xDD6F,0x59C5,0x0000,0x1000,0x0800,0x3860,0xB2C5,0xCAA3,0xCAA2,0xC2A2,0xC2A2,0xC282,0xCAA3,0xCAA3,
  0xCAA3,0xCAA3,0xCAA3,0xCAA3,0xCAC3,0xCAA3,0xCAA3,0xD2C2,0xC2E4,0x6182,0x0800,0x28A2,0x5965,0x7143,0xA144,0xA144,
  0xA144,0xA144,0x9925,0x9924,0x9904,0x9905,0x9124,0x9124,0x9124,0x9124,0x9125,0x9104,0x9904,0xA124,0xA125,0xA144,
  0xA144,0xA145,0xA145,0x9945,0xA145,0x8966,0x2022,0x0021,0x0000,0x0000,0x0020,0x1000,0x7204,0xFC88,0xFC46,0xFC47,
  0xDCEA,0xDCEA,0xDCEA,0xDCEA,0xDCEA,0xDCEA,0xDCEA,0xDCEA,0xDCEA,0xDD0A,0xDCEA,0xDD0A,0xDD0A,0xDCEA,0xDCEA,0xDCEA,
  0xCCCB,0xAC2A,0xAC0A,0xA40A,0xA40A,0x9BEA,0x9C0B,0x6AC8,0x31A5,0x31C6,0x31A5,0x4206,0x944E,0x944C,0xB570,0xC5D2,
  0x62E9,0x41E6,0x4A07,0x4206,0x62A6,0x9C0A,0x9BE9,0x9BEA,0xAC0A,0xD4EB,0xDCEA,0xDCCA,0xDCC9,0xDCC9,0xD4C9,0xD4C9,
  0xDCEA,0xDCEA,0xDCEA,0xDCEA,0xDCEA,0xDCEA,0xDCEA,0xDCEA,0xDCE9,0xDCC9,0xDCC9,0xD4C9,0xD4CA,0xDCCA,0xD4AA,0x6A66,
  0x41A4,0x49C4,0x49C5,0x69E4,0x8224,0x8A04,0x89E3,0x9202,0xBAA3,0xCAA2,0xC2A2,0xC282,0xCA62,0xC282,0xC282,0xC282,
  0xC282,0xC282,0xC282,0xC282,0xC282,0xC282,0xCAA3,0xC2A2,0xC2C3,0xA264,0x8A44,0x69C5,0x2082,0x2081,0x3061,0x3061,
  0x3061,0x3061,0x3061,0x2861,0x2841,0x2841,0x2841,0x2840,0x2841,0x2841,0x2841,0x2841,0x2841,0x3041,0x3041,0x3061,
  0x3061,0x3841,0x3841,0x3841,0x4041,0x2863,0x32CF,0x2BB2,0x1167,0x0000,0x5205,0xAB48,0xC367,0xF447,0xF426,0xF446,
  0xDD0A,0xDD2B,0xDD2B,0xE52B,0xE52B,0xE52B,0xE52B,0xE52B,0xE52B,0xE52B,0xE52B,0xE54A,0xE54B,0xE52C,0xE52B,0xE52B,
  0xDD4C,0xE58D,0xE58C,0xED6D,0xED8D,0xD50C,0xCCED,0x5A04,0x0000,0x0000,0x0000,0x1061,0x9C8F,0x9C8E,0xBDB2,0xC614,
  0x2923,0x0000,0x0000,0x0000,0x4962,0xE5AF,0xED8C,0xED8D,0xE56D,0xDD4B,0xDD2A,0xDD2B,0xDD2B,0xDD2B,0xDD2B,0xDD2B,
  0xDD2B,0xDD2B,0xDD2A,0xDD0A,0xDD2A,0xDD0A,0xDD2A,0xDD0A,0xDD0A,0xDD0A,0xDD0A,0xDD2C,0xDD2C,0xDD2C,0xD4CC,0x30E2,
  0x0000,0x0000,0x0000,0x71A3,0xCB66,0xCB05,0xD304,0xD303,0xCAE3,0xCAE4,0xCAC4,0xCAC3,0xD2A3,0xCAA3,0xCAA3,0xCAA3,
  0xCAA3,0xCAA3,0xCAA3,0xCAA3,0xCAA3,0xCAA3,0xCAC3,0xCAC3,0xD2C2,0xD2E4,0xD346,0x9245,0x0800,0x0000,0x0000,0x0000,
  0x0001,0x0000,0x0000,0x0000,0x0000,0x0000,0x0001,0x0000,0x0000,0x0000,0x0000,0x0000,0x0000,0x0000,0x0000,0x0000,
  0x0000,0x0000,0x0000,0x0000,0x0000,0x0043,0x2C57,0x2D7D,0x11CB,0x0000,0x8AE7,0xFD2B,0xFC68,0xFC47,0xFC67,0xFC67,
  0xDD0A,0xDD0A,0xDD0A,0xDD0A,0xDD0A,0xDD0A,0xDD0A,0xDD0A,0xDD0A,0xDD0A,0xDD0A,0xDD29,0xDD0A,0xDCEB,0xDCEA,0xDD0B,
  0xD50B,0xD50A,0xD4EA,0xDCEA,0xD4EA,0xCCAA,0xC46A,0x9B67,0x7284,0x72A5,0x7286,0x6246,0x4A47,0x4A68,0x5AC9,0x6B09,
  0x72E8,0x72E7,0x7AE7,0x7AC7,0x9B68,0xD50B,0xDCE9,0xDCEA,0xDCEA,0xDD0A,0xDD0A,0xDD0B,0xDCEB,0xDCEA,0xDD0A,0xDCEA,
  0xDD0A,0xD50A,0xD50A,0xD509,0xD4E9,0xD4E9,0xD4C9,0xD4A9,0xD4A9,0xD4CA,0xABE8,0x6A65,0x6287,0x6287,0x6286,0x61E3,
  0x6162,0x6984,0x7162,0xA223,0xC2C3,0xC2A2,0xCAA1,0xCAA1,0xC2A3,0xCAA3,0xC2A3,0xC2A3,0xC283,0xC283,0xC282,0xC282,
  0xC282,0xC282,0xC282,0xC282,0xC282,0xC2A2,0xC2A2,0xC2A2,0xCAA2,0xCA82,0xCAA2,0xAA42,0x7143,0x5102,0x0820,0x0062,
  0x1A6E,0x12F0,0x0AEF,0x0AF0,0x0AAE,0x12AE,0x0989,0x0000,0x1881,0x7224,0x8244,0x7A44,0x8243,0x8243,0x7A65,0x3102,
  0x0000,0x0947,0x1310,0x0B10,0x0B10,0x0B52,0x0CDB,0x1D1C,0x11CA,0x0000,0x82C5,0xF4C8,0xF446,0xFC46,0xFC46,0xF446,
  0xE52B,0xE52B,0xE52B,0xE54B,0xE54B,0xE54B,0xE54B,0xE52B,0xE52B,0xE52B,0xE52B,0xDD4A,0xDD4A,0xE54B,0xE52B,0xE52B,
  0xDD2B,0xDD2B,0xDD2B,0xDD2A,0xDD2A,0xDD2B,0xDD2B,0xE54C,0xE54C,0xDD2C,0xE58E,0xB46C,0x0000,0x0000,0x0000,0x0800,
  0xAC4C,0xEDCF,0xE56D,0xE56E,0xE54D,0xE54C,0xDD4B,0xDD2B,0xE52B,0xE52B,0xE52B,0xE52B,0xE52B,0xE52A,0xE52A,0xE52A,
  0xE52A,0xDD2A,0xDD2B,0xDD2B,0xDD2B,0xDD0B,0xDD4C,0xDD2C,0xDD0C,0xE56E,0x8B07,0x0000,0x0000,0x0000,0x0800,0x9AA5,
  0xC305,0xC2E5,0xCAC5,0xCAC4,0xCAE3,0xCAC3,0xD2C3,0xCAC3,0xCAC3,0xD2A3,0xD2C2,0xCAC3,0xCAC3,0xCAA3,0xCAC3,0xCAC3,
  0xCAC3,0xCAC3,0xCAA3,0xCAC3,0xCAC3,0xCAC3,0xC2C3,0xC2E2,0xCAC4,0xCAC4,0xCAC3,0xCAE3,0xD326,0x9A85,0x1020,0x00C3,
  0x2497,0x155C,0x153B,0x0D3C,0x151B,0x253B,0x1B11,0x0000,0x30E2,0xDC6A,0xFC89,0xF468,0xFC68,0xFC68,0xF4CB,0x6A04,
  0x0000,0x120B,0x253B,0x153C,0x155C,0x0D5C,0x055D,0x1D3C,0x11EA,0x0000,0x82E6,0xFD0A,0xFC87,0xFC87,0xFC87,0xFC67,
  0xDD0A,0xDD0A,0xDD0A,0xDD0A,0xDD0A,0xDD0A,0xDD0A,0xDD0A,0xDD0A,0xDD0A,0xDD0A,0xDD0A,0xDD0A,0xDD0A,0xDD0B,0xDD0A,
  0xDCEA,0xDCEA,0xDCE9,0xDCE9,0xDCEA,0xD4EA,0xDCEA,0xDCEA,0xDCC9,0xD4C9,0xD50A,0xB46A,0x5204,0x5A25,0x6246,0x6A45,
  0xBC6A,0xDD2B,0xD4E9,0xD4E9,0xDCEA,0xD50A,0xD50A,0xDCEA,0xDCEA,0xDCEB,0xD50A,0xDD09,0xDD2A,0xDD2A,0xDD0A,0xDD0A,
  0xDD0A,0xDD0A,0xDCEA,0xD4EA,0xDCEA,0xD4AA,0x8B26,0x6AA6,0x6AC7,0x72A7,0x6A25,0x5943,0x5122,0x5122,0x5942,0xAA63,
  0xC282,0xC282,0xC2A3,0xC2A2,0xCAA2,0xCAA3,0xCA83,0xCAA3,0xC2C3,0xC2C1,0xCAA2,0xC2A3,0xC2A2,0xC2A2,0xCAA3,0xCAA3,
  0xCAA3,0xCAA2,0xC282,0xCA82,0xCAA2,0xC283,0xC282,0xCAA1,0xC2A2,0xC2A3,0xC2A2,0xC2A2,0xCAE3,0x9244,0x0800,0x00C4,
  0x1C78,0x053D,0x051C,0x051D,0x051D,0x155D,0x1352,0x0000,0x30E2,0xE428,0xFC27,0xF406,0xFC06,0xF406,0xEC89,0x6A04,
  0x0000,0x09CA,0x14FA,0x051C,0x053D,0x053D,0x055D,0x1D5B,0x11EB,0x0000,0x8AA6,0xFCCA,0xF446,0xFC27,0xFC47,0xFC46,
  0xE52A,0xE52A,0xDD2B,0xE52B,0xE52B,0xE52B,0xE52B,0xE52B,0xE52B,0xE52B,0xE52B,0xDD2B,0xDD2B,0xDD2B,0xDD2B,0xDD2A,
  0xDD2A,0xDD2A,0xDD2A,0xDD0A,0xDD0A,0xDD0A,0xDD0A,0xDD0A,0xDD0A,0xDD0A,0xDD0A,0xDD0B,0xDD4C,0xDD4C,0xDD4C,0xDD4C,
  0xDD2C,0xDD2B,0xDD2B,0xDD2B,0xDD2B,0xDD2A,0xDD2B,0xDD2B,0xE52C,0xDD2B,0xDD4A,0xDD4B,0xE54B,0xDD2A,0xDD2A,0xDD2A,
  0xE52B,0xE54B,0xE56C,0xE56C,0xED8C,0xD52C,0x30A0,0x0000,0x0000,0x0000,0x5102,0xBB06,0xC2C5,0xBAC4,0xC2C4,0xC2A3,
  0xCAA3,0xCAA3,0xCAA3,0xCAA3,0xCAA3,0xCAA3,0xCAA3,0xCAA3,0xCAC3,0xCAC2,0xCAC3,0xCAC3,0xCAC3,0xCAC3,0xCAA3,0xCAA3,
  0xCAA3,0xCAA3,0xCAA3,0xCAA3,0xCAA3,0xCAC3,0xCAC2,0xCAA2,0xCAC2,0xCAC3,0xCAC3,0xC2A3,0xCAE4,0x9244,0x0800,0x00A4,
  0x2478,0x0D5E,0x053D,0x055D,0x055D,0x157D,0x1373,0x0000,0x3902,0xE469,0xFC67,0xFC67,0xFC66,0xF446,0xF4C9,0x7224,
  0x0000,0x11EA,0x1D1B,0x051C,0x053D,0x055D,0x053D,0x1D3B,0x11EA,0x0000,0x8AC6,0xFCEA,0xFC67,0xFC67,0xFC67,0xFC87,
  0xDD0A,0xDD0A,0xDD0A,0xDD0A,0xDD0A,0xDD0A,0xDD0A,0xDD0A,0xDD0A,0xDD0A,0xDD0A,0xDD0A,0xDD0A,0xDD0A,0xDD0A,0xD50A,
  0xD4EA,0xD4EA,0xD4EA,0xD4EA,0xDCEA,0xDCEA,0xDCEA,0xDCEA,0xDCEA,0xDCEA,0xDCEA,0xDCEA,0xD4EA,0xD4EA,0xD4EA,0xD4EA,
  0xD4EA,0xD4EA,0xDCEA,0xD4EA,0xD50A,0xDD0A,0xDD0A,0xDCEB,0xDCEB,0xDD0A,0xDD0A,0xDD0A,0xDD0A,0xDD0A,0xD50A,0xD50A,
  0xDD0A,0xCCCB,0xB44A,0xAC2A,0xAC2B,0xAC0B,0x5142,0x38E2,0x38E2,0x38E1,0x71A2,0xBAC3,0xC2A2,0xC282,0xC282,0xC283,
  0xC282,0xC283,0xC282,0xC282,0xC282,0xC2A3,0xC2A3,0xC2A2,0xCAA3,0xC2A3,0xC2A3,0xC2A2,0xC2A3,0xC2A3,0xC2A2,0xC2A2,
  0xC2A2,0xC2A2,0xC2A2,0xC2A2,0xC2A2,0xC2A2,0xC2A2,0xC282,0xC2A2,0xC2A2,0xC2A2,0xC283,0xC2C4,0x8A23,0x0800,0x00C3,
  0x1C98,0x0D9D,0x059E,0x059D,0x055D,0x155D,0x1373,0x0000,0x38E2,0xE469,0xFC47,0xF446,0xF426,0xF426,0xEC68,0x6A04,
  0x0000,0x11EA,0x1D5B,0x055C,0x057C,0x055D,0x053C,0x1D1A,0x11EA,0x0000,0x82A6,0xFCA9,0xF446,0xFC47,0xFC47,0xFC46,
  0xDD2B,0xDD2A,0xDD2A,0xDD0B,0xDD0B,0xDD0B,0xDD0B,0xDD0B,0xDD0B,0xDD0B,0xDD0B,0xDD0A,0xDD0A,0xDD0A,0xDD0A,0xDD0A,
  0xDD0A,0xDD0A,0xDD0A,0xDD0A,0xDD0A,0xDD0A,0xDD0A,0xDD0A,0xDD0A,0xDD0A,0xDD0A,0xDD0A,0xDD0A,0xDD0A,0xDD0A,0xDD0A,
  0xDD0A,0xDD0A,0xDD0A,0xDD0A,0xD50A,0xD50A,0xDD2A,0xDD0A,0xDD0A,0xDD0A,0xE50A,0xE50A,0xDD0A,0xDD2B,0xDD4B,0xDD2B,
  0xE56D,0xB46C,0x20A1,0x1020,0x1021,0x2041,0x8A66,0xBAE7,0xBAC4,0xBAC4,0xBAE4,0xC2A3,0xCAA3,0xC2A3,0xC2A3,0xC2A3,
  0xC2A3,0xC2A3,0xCAA3,0xCAA3,0xCAA3,0xCAA3,0xCAA3,0xCAA3,0xCAA3,0xCAA3,0xCAA3,0xCAA3,0xCAA3,0xCAA3,0xCAA3,0xCAA3,
  0xCAA3,0xCAA3,0xCAA3,0xCAA3,0xCAA3,0xCAC3,0xCAC3,0xCAA3,0xC2A3,0xC2C3,0xC2A3,0xC283,0xC2C4,0x8A23,0x0800,0x00E3,
  0x2559,0x165F,0x0E5F,0x0E5F,0x0DDE,0x1D7D,0x1372,0x0000,0x3902,0xE489,0xFC67,0xFC67,0xFC67,0xF447,0xF48A,0x6A05,
  0x0000,0x124B,0x261D,0x0E3E,0x0E5F,0x0E1E,0x055C,0x1D3B,0x11CA,0x0000,0x8AA6,0xFCC9,0xF447,0xFC67,0xF467,0xF467,
  0xDD2B,0xDD0B,0xDD0B,0xDD0A,0xDD0A,0xDD0A,0xDD0A,0xDD0A,0xDD0A,0xDD0A,0xDCEA,0xDCEA,0xDCEA,0xDD0A,0xDD0A,0xDD0A,
  0xDCEA,0xDD0A,0xDD0A,0xDCEA,0xDCEA,0xDCEA,0xDCEA,0xDD0A,0xDD0A,0xDD0A,0xDD0A,0xDD0A,0xDCEA,0xDCEA,0xDCEA,0xDCEA,
  0xDD0A,0xDD0A,0xDD0A,0xDCEA,0xDCEB,0xDCEB,0xDCEA,0xDCEA,0xDCEA,0xDD0A,0xDD0A,0xDD0A,0xDD0B,0xD4EC,0xD4CC,0xCCCC,
  0xD50E,0xA40C,0x28A2,0x2040,0x2040,0x2860,0x9243,0xCAE3,0xCAC2,0xCAC2,0xCAC3,0xCAA3,0xCA83,0xCAA3,0xCAA3,0xCAA3,
  0xCAA3,0xCAA3,0xCAA2,0xCAA3,0xCAA3,0xCAA3,0xCAA2,0xCAA3,0xCAA3,0xCAA3,0xCAA3,0xCAA3,0xCAA3,0xCAA3,0xCAA3,0xCAA3,
  0xCAA3,0xCAA3,0xCAA3,0xCAA3,0xCAA3,0xCAA3,0xCAA3,0xCAA3,0xCAA3,0xC2A3,0xCAA3,0xC2A3,0xCAC4,0x9223,0x0800,0x00E3,
  0x2579,0x0E7F,0x067F,0x0E9F,0x0DFE,0x157D,0x1393,0x0000,0x3902,0xE489,0xFC67,0xFC67,0xFC67,0xFC47,0xF4AA,0x6A25,
  0x0000,0x124B,0x1E5D,0x065E,0x069F,0x0E3F,0x055C,0x1D1B,0x11CA,0x0000,0x8AA6,0xFCA9,0xF447,0xFC47,0xF447,0xFC67,
  0xDD2B,0xDD0A,0xDCEA,0xDCEA,0xDCEA,0xDCEA,0xDCEA,0xDCEA,0xDCEA,0xDCEA,0xDCEA,0xDCEA,0xDCEA,0xDCEA,0xDCEA,0xDCEA,
  0xDCEA,0xDCEA,0xDCEA,0xDCEA,0xDCEA,0xDCEA,0xDCEA,0xDCEA,0xDCEA,0xDCEA,0xDCEA,0xDCEA,0xDD0A,0xDCEA,0xDCEA,0xDCEA,
  0xDCEA,0xDCEA,0xDCEA,0xDCEA,0xD4EB,0xD4EA,0xDCEA,0xDCE9,0xDCEA,0xDD0A,0xDD0A,0xD50A,0xDD2C,0x8B08,0x3102,0x3923,
  0x3122,0x4983,0xA2E6,0xB2E5,0xAAC4,0xAAA3,0xBAC3,0xCAC3,0xC2C3,0xC2C3,0xC2C3,0xC2C3,0xCAA2,0xCAA2,0xCAA2,0xCAA2,
  0xCAA2,0xCAA2,0xCAA2,0xCAA2,0xCAA2,0xCAA2,0xCAA2,0xCAA2,0xCAA2,0xCAA2,0xCAA2,0xCAA2,0xCAA2,0xCAA2,0xCAA2,0xCAA2,
  0xCAA2,0xCAA2,0xCAA2,0xCAA2,0xCAA2,0xCAA2,0xCAA2,0xCA83,0xCAA3,0xC2A2,0xCAA2,0xCA83,0xCAA4,0x9223,0x0800,0x00E3,
  0x2559,0x0E7E,0x067E,0x067F,0x05DD,0x159D,0x1373,0x0000,0x38E2,0xE469,0xFC67,0xFC66,0xFC67,0xFC47,0xF4AA,0x7245,
  0x0000,0x126B,0x1E5D,0x065E,0x067F,0x063E,0x055C,0x1D1B,0x11EA,0x0000,0x82A6,0xFCA9,0xF446,0xFC46,0xFC46,0xFC47,
  0xDD6C,0xDD4B,0xDD2A,0xDD0B,0xDD0B,0xDD0B,0xDD0B,0xDD0B,0xDD0B,0xDD0B,0xDD0B,0xDD0B,0xDD0B,0xDD0B,0xDD0B,0xDD0B,
  0xDD0B,0xDD0C,0xDD0C,0xDD2C,0xDD2C,0xDD2C,0xDD2C,0xDD2C,0xDD2C,0xDD2C,0xDD2C,0xDD2C,0xDD2C,0xDD2B,0xDD2B,0xDD2B,
  0xDD0B,0xDD0B,0xDD0B,0xDD0B,0xD50B,0xD50B,0xD52A,0xD52A,0xD50B,0xD50C,0xCCEC,0xCD0B,0xCD2D,0x6267,0x0000,0x0000,
  0x0000,0x3080,0xBB05,0xDB24,0xCAE4,0xD2E4,0xD2C4,0xD2C4,0xCAC4,0xCAC4,0xCAE4,0xC2E4,0xCAE4,0xCAC4,0xCAC4,0xCAC4,
  0xCAE4,0xC2C3,0xC2C3,0xC2C3,0xC2C3,0xC2C3,0xC2C3,0xC2C3,0xC2C3,0xC2C3,0xCAE3,0xCAE3,0xCAE3,0xCAE4,0xCAE4,0xCAE4,
  0xCAE4,0xCAE4,0xCAC4,0xCAC4,0xCAC4,0xC2E4,0xCAE4,0xCAC4,0xC2E4,0xC2E4,0xC2C4,0xC2C4,0xCB05,0x9244,0x0800,0x00C4,
  0x2D59,0x163E,0x165E,0x167F,0x15DD,0x1D9D,0x1B73,0x0001,0x38E2,0xE48B,0xFC89,0xFC88,0xFC88,0xFC87,0xFCEA,0x7245,
  0x0000,0x126B,0x2E7E,0x0E5E,0x0E5F,0x0E3F,0x055D,0x1D3B,0x11CA,0x0000,0x82A6,0xFCCA,0xF447,0xFC67,0xFC67,0xFC67,
};
